station,time,variable,depth_m,observed_value,prediction,source_key,split,model,checkpoint_path,checkpoint_sha256,protocol_id,unseen_station_status
20s10w,2020-03-01 00:00:00,temperature,1.0,25.5496177673,27.3211604473,file-e47ee7c45a18a3975c48785e6e1eaa9cc7292e87cc188394bfdf3f18c84ba2d6|T_NaN_20s10w|0|0,test,mask_aware_stgnn_v2_full,artifacts/algorithm/v21_reliability_gate/checkpoint/mask_aware_stgnn_v2_full__temperature__1p0m.pt,3a375aeaf655cfd8e3adb2c78475b52a62bcc65a87d3f0da265a53fd8d5ab165,m3_final_option_a_inference_only:v1,TRUE_UNSEEN_WITH_EXISTING_CHECKPOINT
20s10w,2020-04-01 00:00:00,temperature,1.0,25.126335144,27.4025855145,file-e47ee7c45a18a3975c48785e6e1eaa9cc7292e87cc188394bfdf3f18c84ba2d6|T_NaN_20s10w|0|1,test,mask_aware_stgnn_v2_full,artifacts/algorithm/v21_reliability_gate/checkpoint/mask_aware_stgnn_v2_full__temperature__1p0m.pt,3a375aeaf655cfd8e3adb2c78475b52a62bcc65a87d3f0da265a53fd8d5ab165,m3_final_option_a_inference_only:v1,TRUE_UNSEEN_WITH_EXISTING_CHECKPOINT
20s10w,2020-05-01 00:00:00,temperature,1.0,24.5180606842,27.092087059,file-e47ee7c45a18a3975c48785e6e1eaa9cc7292e87cc188394bfdf3f18c84ba2d6|T_NaN_20s10w|0|2,test,mask_aware_stgnn_v2_full,artifacts/algorithm/v21_reliability_gate/checkpoint/mask_aware_stgnn_v2_full__temperature__1p0m.pt,3a375aeaf655cfd8e3adb2c78475b52a62bcc65a87d3f0da265a53fd8d5ab165,m3_final_option_a_inference_only:v1,TRUE_UNSEEN_WITH_EXISTING_CHECKPOINT
20s10w,2020-06-01 00:00:00,temperature,1.0,23.295671463,26.5290204252,file-e47ee7c45a18a3975c48785e6e1eaa9cc7292e87cc188394bfdf3f18c84ba2d6|T_NaN_20s10w|0|3,test,mask_aware_stgnn_v2_full,artifacts/algorithm/v21_reliability_gate/checkpoint/mask_aware_stgnn_v2_full__temperature__1p0m.pt,3a375aeaf655cfd8e3adb2c78475b52a62bcc65a87d3f0da265a53fd8d5ab165,m3_final_option_a_inference_only:v1,TRUE_UNSEEN_WITH_EXISTING_CHECKPOINT
20s10w,2020-07-01 00:00:00,temperature,1.0,21.971288681,25.5108839858,file-e47ee7c45a18a3975c48785e6e1eaa9cc7292e87cc188394bfdf3f18c84ba2d6|T_NaN_20s10w|0|4,test,mask_aware_stgnn_v2_full,artifacts/algorithm/v21_reliability_gate/checkpoint/mask_aware_stgnn_v2_full__temperature__1p0m.pt,3a375aeaf655cfd8e3adb2c78475b52a62bcc65a87d3f0da265a53fd8d5ab165,m3_final_option_a_inference_only:v1,TRUE_UNSEEN_WITH_EXISTING_CHECKPOINT
20s10w,2020-08-01 00:00:00,temperature,1.0,21.137096405,25.117446026,file-e47ee7c45a18a3975c48785e6e1eaa9cc7292e87cc188394bfdf3f18c84ba2d6|T_NaN_20s10w|0|5,test,mask_aware_stgnn_v2_full,artifacts/algorithm/v21_reliability_gate/checkpoint/mask_aware_stgnn_v2_full__temperature__1p0m.pt,3a375aeaf655cfd8e3adb2c78475b52a62bcc65a87d3f0da265a53fd8d5ab165,m3_final_option_a_inference_only:v1,TRUE_UNSEEN_WITH_EXISTING_CHECKPOINT
20s10w,2020-09-01 00:00:00,temperature,1.0,20.7130031586,24.9934813835,file-e47ee7c45a18a3975c48785e6e1eaa9cc7292e87cc188394bfdf3f18c84ba2d6|T_NaN_20s10w|0|6,test,mask_aware_stgnn_v2_full,artifacts/algorithm/v21_reliability_gate/checkpoint/mask_aware_stgnn_v2_full__temperature__1p0m.pt,3a375aeaf655cfd8e3adb2c78475b52a62bcc65a87d3f0da265a53fd8d5ab165,m3_final_option_a_inference_only:v1,TRUE_UNSEEN_WITH_EXISTING_CHECKPOINT
20s10w,2020-10-01 00:00:00,temperature,1.0,20.8951644897,25.112002429,file-e47ee7c45a18a3975c48785e6e1eaa9cc7292e87cc188394bfdf3f18c84ba2d6|T_NaN_20s10w|0|7,test,mask_aware_stgnn_v2_full,artifacts/algorithm/v21_reliability_gate/checkpoint/mask_aware_stgnn_v2_full__temperature__1p0m.pt,3a375aeaf655cfd8e3adb2c78475b52a62bcc65a87d3f0da265a53fd8d5ab165,m3_final_option_a_inference_only:v1,TRUE_UNSEEN_WITH_EXISTING_CHECKPOINT
20s10w,2020-11-01 00:00:00,temperature,1.0,21.2236671448,25.2451135827,file-e47ee7c45a18a3975c48785e6e1eaa9cc7292e87cc188394bfdf3f18c84ba2d6|T_NaN_20s10w|0|8,test,mask_aware_stgnn_v2_full,artifacts/algorithm/v21_reliability_gate/checkpoint/mask_aware_stgnn_v2_full__temperature__1p0m.pt,3a375aeaf655cfd8e3adb2c78475b52a62bcc65a87d3f0da265a53fd8d5ab165,m3_final_option_a_inference_only:v1,TRUE_UNSEEN_WITH_EXISTING_CHECKPOINT
20s10w,2020-12-01 00:00:00,temperature,1.0,21.9861316681,25.4666776098,file-e47ee7c45a18a3975c48785e6e1eaa9cc7292e87cc188394bfdf3f18c84ba2d6|T_NaN_20s10w|0|9,test,mask_aware_stgnn_v2_full,artifacts/algorithm/v21_reliability_gate/checkpoint/mask_aware_stgnn_v2_full__temperature__1p0m.pt,3a375aeaf655cfd8e3adb2c78475b52a62bcc65a87d3f0da265a53fd8d5ab165,m3_final_option_a_inference_only:v1,TRUE_UNSEEN_WITH_EXISTING_CHECKPOINT
20s10w,2021-01-01 00:00:00,temperature,1.0,23.3422584534,25.9339481948,file-e47ee7c45a18a3975c48785e6e1eaa9cc7292e87cc188394bfdf3f18c84ba2d6|T_NaN_20s10w|0|10,test,mask_aware_stgnn_v2_full,artifacts/algorithm/v21_reliability_gate/checkpoint/mask_aware_stgnn_v2_full__temperature__1p0m.pt,3a375aeaf655cfd8e3adb2c78475b52a62bcc65a87d3f0da265a53fd8d5ab165,m3_final_option_a_inference_only:v1,TRUE_UNSEEN_WITH_EXISTING_CHECKPOINT
20s10w,2021-02-01 00:00:00,temperature,1.0,24.0524997711,26.4078670227,file-e47ee7c45a18a3975c48785e6e1eaa9cc7292e87cc188394bfdf3f18c84ba2d6|T_NaN_20s10w|0|11,test,mask_aware_stgnn_v2_full,artifacts/algorithm/v21_reliability_gate/checkpoint/mask_aware_stgnn_v2_full__temperature__1p0m.pt,3a375aeaf655cfd8e3adb2c78475b52a62bcc65a87d3f0da265a53fd8d5ab165,m3_final_option_a_inference_only:v1,TRUE_UNSEEN_WITH_EXISTING_CHECKPOINT
20s10w,2021-03-01 00:00:00,temperature,1.0,25.2283306122,26.8840679524,file-e47ee7c45a18a3975c48785e6e1eaa9cc7292e87cc188394bfdf3f18c84ba2d6|T_NaN_20s10w|0|12,test,mask_aware_stgnn_v2_full,artifacts/algorithm/v21_reliability_gate/checkpoint/mask_aware_stgnn_v2_full__temperature__1p0m.pt,3a375aeaf655cfd8e3adb2c78475b52a62bcc65a87d3f0da265a53fd8d5ab165,m3_final_option_a_inference_only:v1,TRUE_UNSEEN_WITH_EXISTING_CHECKPOINT
20s10w,2021-04-01 00:00:00,temperature,1.0,25.262336731,26.7613704621,file-e47ee7c45a18a3975c48785e6e1eaa9cc7292e87cc188394bfdf3f18c84ba2d6|T_NaN_20s10w|0|13,test,mask_aware_stgnn_v2_full,artifacts/algorithm/v21_reliability_gate/checkpoint/mask_aware_stgnn_v2_full__temperature__1p0m.pt,3a375aeaf655cfd8e3adb2c78475b52a62bcc65a87d3f0da265a53fd8d5ab165,m3_final_option_a_inference_only:v1,TRUE_UNSEEN_WITH_EXISTING_CHECKPOINT
20s10w,2021-05-01 00:00:00,temperature,1.0,24.4793548584,26.3948201216,file-e47ee7c45a18a3975c48785e6e1eaa9cc7292e87cc188394bfdf3f18c84ba2d6|T_NaN_20s10w|0|14,test,mask_aware_stgnn_v2_full,artifacts/algorithm/v21_reliability_gate/checkpoint/mask_aware_stgnn_v2_full__temperature__1p0m.pt,3a375aeaf655cfd8e3adb2c78475b52a62bcc65a87d3f0da265a53fd8d5ab165,m3_final_option_a_inference_only:v1,TRUE_UNSEEN_WITH_EXISTING_CHECKPOINT
20s10w,2021-06-01 00:00:00,temperature,1.0,23.2766647339,26.0481681254,file-e47ee7c45a18a3975c48785e6e1eaa9cc7292e87cc188394bfdf3f18c84ba2d6|T_NaN_20s10w|0|15,test,mask_aware_stgnn_v2_full,artifacts/algorithm/v21_reliability_gate/checkpoint/mask_aware_stgnn_v2_full__temperature__1p0m.pt,3a375aeaf655cfd8e3adb2c78475b52a62bcc65a87d3f0da265a53fd8d5ab165,m3_final_option_a_inference_only:v1,TRUE_UNSEEN_WITH_EXISTING_CHECKPOINT
20s10w,2021-07-01 00:00:00,temperature,1.0,22.2632293701,25.8131427722,file-e47ee7c45a18a3975c48785e6e1eaa9cc7292e87cc188394bfdf3f18c84ba2d6|T_NaN_20s10w|0|16,test,mask_aware_stgnn_v2_full,artifacts/algorithm/v21_reliability_gate/checkpoint/mask_aware_stgnn_v2_full__temperature__1p0m.pt,3a375aeaf655cfd8e3adb2c78475b52a62bcc65a87d3f0da265a53fd8d5ab165,m3_final_option_a_inference_only:v1,TRUE_UNSEEN_WITH_EXISTING_CHECKPOINT
20s10w,2021-08-01 00:00:00,temperature,1.0,22.120765686,25.7873392143,file-e47ee7c45a18a3975c48785e6e1eaa9cc7292e87cc188394bfdf3f18c84ba2d6|T_NaN_20s10w|0|17,test,mask_aware_stgnn_v2_full,artifacts/algorithm/v21_reliability_gate/checkpoint/mask_aware_stgnn_v2_full__temperature__1p0m.pt,3a375aeaf655cfd8e3adb2c78475b52a62bcc65a87d3f0da265a53fd8d5ab165,m3_final_option_a_inference_only:v1,TRUE_UNSEEN_WITH_EXISTING_CHECKPOINT
20s10w,2022-03-01 00:00:00,temperature,1.0,25.5176486969,27.1001466709,file-e47ee7c45a18a3975c48785e6e1eaa9cc7292e87cc188394bfdf3f18c84ba2d6|T_NaN_20s10w|0|24,test,mask_aware_stgnn_v2_full,artifacts/algorithm/v21_reliability_gate/checkpoint/mask_aware_stgnn_v2_full__temperature__1p0m.pt,3a375aeaf655cfd8e3adb2c78475b52a62bcc65a87d3f0da265a53fd8d5ab165,m3_final_option_a_inference_only:v1,TRUE_UNSEEN_WITH_EXISTING_CHECKPOINT
20s10w,2022-04-01 00:00:00,temperature,1.0,24.8719997406,27.2470276942,file-e47ee7c45a18a3975c48785e6e1eaa9cc7292e87cc188394bfdf3f18c84ba2d6|T_NaN_20s10w|0|25,test,mask_aware_stgnn_v2_full,artifacts/algorithm/v21_reliability_gate/checkpoint/mask_aware_stgnn_v2_full__temperature__1p0m.pt,3a375aeaf655cfd8e3adb2c78475b52a62bcc65a87d3f0da265a53fd8d5ab165,m3_final_option_a_inference_only:v1,TRUE_UNSEEN_WITH_EXISTING_CHECKPOINT
20s10w,2022-05-01 00:00:00,temperature,1.0,23.5677394867,26.9565477027,file-e47ee7c45a18a3975c48785e6e1eaa9cc7292e87cc188394bfdf3f18c84ba2d6|T_NaN_20s10w|0|26,test,mask_aware_stgnn_v2_full,artifacts/algorithm/v21_reliability_gate/checkpoint/mask_aware_stgnn_v2_full__temperature__1p0m.pt,3a375aeaf655cfd8e3adb2c78475b52a62bcc65a87d3f0da265a53fd8d5ab165,m3_final_option_a_inference_only:v1,TRUE_UNSEEN_WITH_EXISTING_CHECKPOINT
20s10w,2022-06-01 00:00:00,temperature,1.0,22.4539985657,26.3360003474,file-e47ee7c45a18a3975c48785e6e1eaa9cc7292e87cc188394bfdf3f18c84ba2d6|T_NaN_20s10w|0|27,test,mask_aware_stgnn_v2_full,artifacts/algorithm/v21_reliability_gate/checkpoint/mask_aware_stgnn_v2_full__temperature__1p0m.pt,3a375aeaf655cfd8e3adb2c78475b52a62bcc65a87d3f0da265a53fd8d5ab165,m3_final_option_a_inference_only:v1,TRUE_UNSEEN_WITH_EXISTING_CHECKPOINT
20s10w,2022-07-01 00:00:00,temperature,1.0,21.1848373413,25.5439080307,file-e47ee7c45a18a3975c48785e6e1eaa9cc7292e87cc188394bfdf3f18c84ba2d6|T_NaN_20s10w|0|28,test,mask_aware_stgnn_v2_full,artifacts/algorithm/v21_reliability_gate/checkpoint/mask_aware_stgnn_v2_full__temperature__1p0m.pt,3a375aeaf655cfd8e3adb2c78475b52a62bcc65a87d3f0da265a53fd8d5ab165,m3_final_option_a_inference_only:v1,TRUE_UNSEEN_WITH_EXISTING_CHECKPOINT
20s10w,2022-08-01 00:00:00,temperature,1.0,20.5361289978,25.3873854369,file-e47ee7c45a18a3975c48785e6e1eaa9cc7292e87cc188394bfdf3f18c84ba2d6|T_NaN_20s10w|0|29,test,mask_aware_stgnn_v2_full,artifacts/algorithm/v21_reliability_gate/checkpoint/mask_aware_stgnn_v2_full__temperature__1p0m.pt,3a375aeaf655cfd8e3adb2c78475b52a62bcc65a87d3f0da265a53fd8d5ab165,m3_final_option_a_inference_only:v1,TRUE_UNSEEN_WITH_EXISTING_CHECKPOINT
20s10w,2022-09-01 00:00:00,temperature,1.0,20.5850009918,25.4410708426,file-e47ee7c45a18a3975c48785e6e1eaa9cc7292e87cc188394bfdf3f18c84ba2d6|T_NaN_20s10w|0|30,test,mask_aware_stgnn_v2_full,artifacts/algorithm/v21_reliability_gate/checkpoint/mask_aware_stgnn_v2_full__temperature__1p0m.pt,3a375aeaf655cfd8e3adb2c78475b52a62bcc65a87d3f0da265a53fd8d5ab165,m3_final_option_a_inference_only:v1,TRUE_UNSEEN_WITH_EXISTING_CHECKPOINT
20s10w,2022-10-01 00:00:00,temperature,1.0,20.9600009918,25.6574491263,file-e47ee7c45a18a3975c48785e6e1eaa9cc7292e87cc188394bfdf3f18c84ba2d6|T_NaN_20s10w|0|31,test,mask_aware_stgnn_v2_full,artifacts/algorithm/v21_reliability_gate/checkpoint/mask_aware_stgnn_v2_full__temperature__1p0m.pt,3a375aeaf655cfd8e3adb2c78475b52a62bcc65a87d3f0da265a53fd8d5ab165,m3_final_option_a_inference_only:v1,TRUE_UNSEEN_WITH_EXISTING_CHECKPOINT
20s10w,2022-11-01 00:00:00,temperature,1.0,21.8920001984,25.8785677077,file-e47ee7c45a18a3975c48785e6e1eaa9cc7292e87cc188394bfdf3f18c84ba2d6|T_NaN_20s10w|0|32,test,mask_aware_stgnn_v2_full,artifacts/algorithm/v21_reliability_gate/checkpoint/mask_aware_stgnn_v2_full__temperature__1p0m.pt,3a375aeaf655cfd8e3adb2c78475b52a62bcc65a87d3f0da265a53fd8d5ab165,m3_final_option_a_inference_only:v1,TRUE_UNSEEN_WITH_EXISTING_CHECKPOINT
20s10w,2022-12-01 00:00:00,temperature,1.0,22.8551597595,26.1923965352,file-e47ee7c45a18a3975c48785e6e1eaa9cc7292e87cc188394bfdf3f18c84ba2d6|T_NaN_20s10w|0|33,test,mask_aware_stgnn_v2_full,artifacts/algorithm/v21_reliability_gate/checkpoint/mask_aware_stgnn_v2_full__temperature__1p0m.pt,3a375aeaf655cfd8e3adb2c78475b52a62bcc65a87d3f0da265a53fd8d5ab165,m3_final_option_a_inference_only:v1,TRUE_UNSEEN_WITH_EXISTING_CHECKPOINT
20s10w,2023-01-01 00:00:00,temperature,1.0,24.1687088013,26.5349855519,file-e47ee7c45a18a3975c48785e6e1eaa9cc7292e87cc188394bfdf3f18c84ba2d6|T_NaN_20s10w|0|34,test,mask_aware_stgnn_v2_full,artifacts/algorithm/v21_reliability_gate/checkpoint/mask_aware_stgnn_v2_full__temperature__1p0m.pt,3a375aeaf655cfd8e3adb2c78475b52a62bcc65a87d3f0da265a53fd8d5ab165,m3_final_option_a_inference_only:v1,TRUE_UNSEEN_WITH_EXISTING_CHECKPOINT
20s10w,2023-02-01 00:00:00,temperature,1.0,25.049282074,26.7993408429,file-e47ee7c45a18a3975c48785e6e1eaa9cc7292e87cc188394bfdf3f18c84ba2d6|T_NaN_20s10w|0|35,test,mask_aware_stgnn_v2_full,artifacts/algorithm/v21_reliability_gate/checkpoint/mask_aware_stgnn_v2_full__temperature__1p0m.pt,3a375aeaf655cfd8e3adb2c78475b52a62bcc65a87d3f0da265a53fd8d5ab165,m3_final_option_a_inference_only:v1,TRUE_UNSEEN_WITH_EXISTING_CHECKPOINT
20s10w,2023-03-01 00:00:00,temperature,1.0,25.3689975739,27.1796111703,file-e47ee7c45a18a3975c48785e6e1eaa9cc7292e87cc188394bfdf3f18c84ba2d6|T_NaN_20s10w|0|36,test,mask_aware_stgnn_v2_full,artifacts/algorithm/v21_reliability_gate/checkpoint/mask_aware_stgnn_v2_full__temperature__1p0m.pt,3a375aeaf655cfd8e3adb2c78475b52a62bcc65a87d3f0da265a53fd8d5ab165,m3_final_option_a_inference_only:v1,TRUE_UNSEEN_WITH_EXISTING_CHECKPOINT
20s10w,2023-04-01 00:00:00,temperature,1.0,25.2096652985,27.2069778003,file-e47ee7c45a18a3975c48785e6e1eaa9cc7292e87cc188394bfdf3f18c84ba2d6|T_NaN_20s10w|0|37,test,mask_aware_stgnn_v2_full,artifacts/algorithm/v21_reliability_gate/checkpoint/mask_aware_stgnn_v2_full__temperature__1p0m.pt,3a375aeaf655cfd8e3adb2c78475b52a62bcc65a87d3f0da265a53fd8d5ab165,m3_final_option_a_inference_only:v1,TRUE_UNSEEN_WITH_EXISTING_CHECKPOINT
20s10w,2023-05-01 00:00:00,temperature,1.0,24.3570976257,26.9121681196,file-e47ee7c45a18a3975c48785e6e1eaa9cc7292e87cc188394bfdf3f18c84ba2d6|T_NaN_20s10w|0|38,test,mask_aware_stgnn_v2_full,artifacts/algorithm/v21_reliability_gate/checkpoint/mask_aware_stgnn_v2_full__temperature__1p0m.pt,3a375aeaf655cfd8e3adb2c78475b52a62bcc65a87d3f0da265a53fd8d5ab165,m3_final_option_a_inference_only:v1,TRUE_UNSEEN_WITH_EXISTING_CHECKPOINT
20s10w,2023-06-01 00:00:00,temperature,1.0,23.1913318634,26.2956530167,file-e47ee7c45a18a3975c48785e6e1eaa9cc7292e87cc188394bfdf3f18c84ba2d6|T_NaN_20s10w|0|39,test,mask_aware_stgnn_v2_full,artifacts/algorithm/v21_reliability_gate/checkpoint/mask_aware_stgnn_v2_full__temperature__1p0m.pt,3a375aeaf655cfd8e3adb2c78475b52a62bcc65a87d3f0da265a53fd8d5ab165,m3_final_option_a_inference_only:v1,TRUE_UNSEEN_WITH_EXISTING_CHECKPOINT
20s10w,2023-07-01 00:00:00,temperature,1.0,21.9977436066,25.482758278,file-e47ee7c45a18a3975c48785e6e1eaa9cc7292e87cc188394bfdf3f18c84ba2d6|T_NaN_20s10w|0|40,test,mask_aware_stgnn_v2_full,artifacts/algorithm/v21_reliability_gate/checkpoint/mask_aware_stgnn_v2_full__temperature__1p0m.pt,3a375aeaf655cfd8e3adb2c78475b52a62bcc65a87d3f0da265a53fd8d5ab165,m3_final_option_a_inference_only:v1,TRUE_UNSEEN_WITH_EXISTING_CHECKPOINT
20s10w,2023-08-01 00:00:00,temperature,1.0,21.049036026,25.0743841872,file-e47ee7c45a18a3975c48785e6e1eaa9cc7292e87cc188394bfdf3f18c84ba2d6|T_NaN_20s10w|0|41,test,mask_aware_stgnn_v2_full,artifacts/algorithm/v21_reliability_gate/checkpoint/mask_aware_stgnn_v2_full__temperature__1p0m.pt,3a375aeaf655cfd8e3adb2c78475b52a62bcc65a87d3f0da265a53fd8d5ab165,m3_final_option_a_inference_only:v1,TRUE_UNSEEN_WITH_EXISTING_CHECKPOINT
20s10w,2023-09-01 00:00:00,temperature,1.0,20.2316665649,24.976933154,file-e47ee7c45a18a3975c48785e6e1eaa9cc7292e87cc188394bfdf3f18c84ba2d6|T_NaN_20s10w|0|42,test,mask_aware_stgnn_v2_full,artifacts/algorithm/v21_reliability_gate/checkpoint/mask_aware_stgnn_v2_full__temperature__1p0m.pt,3a375aeaf655cfd8e3adb2c78475b52a62bcc65a87d3f0da265a53fd8d5ab165,m3_final_option_a_inference_only:v1,TRUE_UNSEEN_WITH_EXISTING_CHECKPOINT
20s10w,2023-10-01 00:00:00,temperature,1.0,20.3335494995,25.0573558705,file-e47ee7c45a18a3975c48785e6e1eaa9cc7292e87cc188394bfdf3f18c84ba2d6|T_NaN_20s10w|0|43,test,mask_aware_stgnn_v2_full,artifacts/algorithm/v21_reliability_gate/checkpoint/mask_aware_stgnn_v2_full__temperature__1p0m.pt,3a375aeaf655cfd8e3adb2c78475b52a62bcc65a87d3f0da265a53fd8d5ab165,m3_final_option_a_inference_only:v1,TRUE_UNSEEN_WITH_EXISTING_CHECKPOINT
20s10w,2023-11-01 00:00:00,temperature,1.0,22.4279994965,25.3848493712,file-e47ee7c45a18a3975c48785e6e1eaa9cc7292e87cc188394bfdf3f18c84ba2d6|T_NaN_20s10w|0|44,test,mask_aware_stgnn_v2_full,artifacts/algorithm/v21_reliability_gate/checkpoint/mask_aware_stgnn_v2_full__temperature__1p0m.pt,3a375aeaf655cfd8e3adb2c78475b52a62bcc65a87d3f0da265a53fd8d5ab165,m3_final_option_a_inference_only:v1,TRUE_UNSEEN_WITH_EXISTING_CHECKPOINT
20s10w,2023-12-01 00:00:00,temperature,1.0,23.5293540955,26.0653538943,file-e47ee7c45a18a3975c48785e6e1eaa9cc7292e87cc188394bfdf3f18c84ba2d6|T_NaN_20s10w|0|45,test,mask_aware_stgnn_v2_full,artifacts/algorithm/v21_reliability_gate/checkpoint/mask_aware_stgnn_v2_full__temperature__1p0m.pt,3a375aeaf655cfd8e3adb2c78475b52a62bcc65a87d3f0da265a53fd8d5ab165,m3_final_option_a_inference_only:v1,TRUE_UNSEEN_WITH_EXISTING_CHECKPOINT
20s10w,2024-01-01 00:00:00,temperature,1.0,24.7800006866,26.7788053996,file-e47ee7c45a18a3975c48785e6e1eaa9cc7292e87cc188394bfdf3f18c84ba2d6|T_NaN_20s10w|0|46,test,mask_aware_stgnn_v2_full,artifacts/algorithm/v21_reliability_gate/checkpoint/mask_aware_stgnn_v2_full__temperature__1p0m.pt,3a375aeaf655cfd8e3adb2c78475b52a62bcc65a87d3f0da265a53fd8d5ab165,m3_final_option_a_inference_only:v1,TRUE_UNSEEN_WITH_EXISTING_CHECKPOINT
20s10w,2024-02-01 00:00:00,temperature,1.0,25.9117202759,27.2566459747,file-e47ee7c45a18a3975c48785e6e1eaa9cc7292e87cc188394bfdf3f18c84ba2d6|T_NaN_20s10w|0|47,test,mask_aware_stgnn_v2_full,artifacts/algorithm/v21_reliability_gate/checkpoint/mask_aware_stgnn_v2_full__temperature__1p0m.pt,3a375aeaf655cfd8e3adb2c78475b52a62bcc65a87d3f0da265a53fd8d5ab165,m3_final_option_a_inference_only:v1,TRUE_UNSEEN_WITH_EXISTING_CHECKPOINT
20s10w,2024-03-01 00:00:00,temperature,1.0,26.6700000763,27.5133424766,file-e47ee7c45a18a3975c48785e6e1eaa9cc7292e87cc188394bfdf3f18c84ba2d6|T_NaN_20s10w|0|48,test,mask_aware_stgnn_v2_full,artifacts/algorithm/v21_reliability_gate/checkpoint/mask_aware_stgnn_v2_full__temperature__1p0m.pt,3a375aeaf655cfd8e3adb2c78475b52a62bcc65a87d3f0da265a53fd8d5ab165,m3_final_option_a_inference_only:v1,TRUE_UNSEEN_WITH_EXISTING_CHECKPOINT
20s10w,2024-04-01 00:00:00,temperature,1.0,25.6710014343,27.560378979,file-e47ee7c45a18a3975c48785e6e1eaa9cc7292e87cc188394bfdf3f18c84ba2d6|T_NaN_20s10w|0|49,test,mask_aware_stgnn_v2_full,artifacts/algorithm/v21_reliability_gate/checkpoint/mask_aware_stgnn_v2_full__temperature__1p0m.pt,3a375aeaf655cfd8e3adb2c78475b52a62bcc65a87d3f0da265a53fd8d5ab165,m3_final_option_a_inference_only:v1,TRUE_UNSEEN_WITH_EXISTING_CHECKPOINT
20s10w,2024-05-01 00:00:00,temperature,1.0,24.2812900543,27.2783264199,file-e47ee7c45a18a3975c48785e6e1eaa9cc7292e87cc188394bfdf3f18c84ba2d6|T_NaN_20s10w|0|50,test,mask_aware_stgnn_v2_full,artifacts/algorithm/v21_reliability_gate/checkpoint/mask_aware_stgnn_v2_full__temperature__1p0m.pt,3a375aeaf655cfd8e3adb2c78475b52a62bcc65a87d3f0da265a53fd8d5ab165,m3_final_option_a_inference_only:v1,TRUE_UNSEEN_WITH_EXISTING_CHECKPOINT
20s10w,2024-06-01 00:00:00,temperature,1.0,22.8857116699,26.4222963516,file-e47ee7c45a18a3975c48785e6e1eaa9cc7292e87cc188394bfdf3f18c84ba2d6|T_NaN_20s10w|0|51,test,mask_aware_stgnn_v2_full,artifacts/algorithm/v21_reliability_gate/checkpoint/mask_aware_stgnn_v2_full__temperature__1p0m.pt,3a375aeaf655cfd8e3adb2c78475b52a62bcc65a87d3f0da265a53fd8d5ab165,m3_final_option_a_inference_only:v1,TRUE_UNSEEN_WITH_EXISTING_CHECKPOINT
20s10w,2024-07-01 00:00:00,temperature,1.0,22.4091663361,25.3788822385,file-e47ee7c45a18a3975c48785e6e1eaa9cc7292e87cc188394bfdf3f18c84ba2d6|T_NaN_20s10w|0|52,test,mask_aware_stgnn_v2_full,artifacts/algorithm/v21_reliability_gate/checkpoint/mask_aware_stgnn_v2_full__temperature__1p0m.pt,3a375aeaf655cfd8e3adb2c78475b52a62bcc65a87d3f0da265a53fd8d5ab165,m3_final_option_a_inference_only:v1,TRUE_UNSEEN_WITH_EXISTING_CHECKPOINT
20s10w,2020-03-01 00:00:00,temperature,20.0,25.5176925659,27.2596995167,file-e47ee7c45a18a3975c48785e6e1eaa9cc7292e87cc188394bfdf3f18c84ba2d6|T_NaN_20s10w|3|0,test,mask_aware_stgnn_v2_full,artifacts/algorithm/v21_reliability_gate/checkpoint/mask_aware_stgnn_v2_full__temperature__20p0m.pt,9b19409827eceabffc2604de2c4cbd26e28df14abdd2fd35c8b3490e3ff75fd2,m3_final_option_a_inference_only:v1,TRUE_UNSEEN_WITH_EXISTING_CHECKPOINT
20s10w,2020-04-01 00:00:00,temperature,20.0,25.0963363647,27.2165420644,file-e47ee7c45a18a3975c48785e6e1eaa9cc7292e87cc188394bfdf3f18c84ba2d6|T_NaN_20s10w|3|1,test,mask_aware_stgnn_v2_full,artifacts/algorithm/v21_reliability_gate/checkpoint/mask_aware_stgnn_v2_full__temperature__20p0m.pt,9b19409827eceabffc2604de2c4cbd26e28df14abdd2fd35c8b3490e3ff75fd2,m3_final_option_a_inference_only:v1,TRUE_UNSEEN_WITH_EXISTING_CHECKPOINT
20s10w,2020-05-01 00:00:00,temperature,20.0,24.489030838,26.8932617769,file-e47ee7c45a18a3975c48785e6e1eaa9cc7292e87cc188394bfdf3f18c84ba2d6|T_NaN_20s10w|3|2,test,mask_aware_stgnn_v2_full,artifacts/algorithm/v21_reliability_gate/checkpoint/mask_aware_stgnn_v2_full__temperature__20p0m.pt,9b19409827eceabffc2604de2c4cbd26e28df14abdd2fd35c8b3490e3ff75fd2,m3_final_option_a_inference_only:v1,TRUE_UNSEEN_WITH_EXISTING_CHECKPOINT
20s10w,2020-06-01 00:00:00,temperature,20.0,23.294336319,26.4865711047,file-e47ee7c45a18a3975c48785e6e1eaa9cc7292e87cc188394bfdf3f18c84ba2d6|T_NaN_20s10w|3|3,test,mask_aware_stgnn_v2_full,artifacts/algorithm/v21_reliability_gate/checkpoint/mask_aware_stgnn_v2_full__temperature__20p0m.pt,9b19409827eceabffc2604de2c4cbd26e28df14abdd2fd35c8b3490e3ff75fd2,m3_final_option_a_inference_only:v1,TRUE_UNSEEN_WITH_EXISTING_CHECKPOINT
20s10w,2020-07-01 00:00:00,temperature,20.0,21.9796791077,25.9071719545,file-e47ee7c45a18a3975c48785e6e1eaa9cc7292e87cc188394bfdf3f18c84ba2d6|T_NaN_20s10w|3|4,test,mask_aware_stgnn_v2_full,artifacts/algorithm/v21_reliability_gate/checkpoint/mask_aware_stgnn_v2_full__temperature__20p0m.pt,9b19409827eceabffc2604de2c4cbd26e28df14abdd2fd35c8b3490e3ff75fd2,m3_final_option_a_inference_only:v1,TRUE_UNSEEN_WITH_EXISTING_CHECKPOINT
20s10w,2020-08-01 00:00:00,temperature,20.0,21.1538715363,26.155981661,file-e47ee7c45a18a3975c48785e6e1eaa9cc7292e87cc188394bfdf3f18c84ba2d6|T_NaN_20s10w|3|5,test,mask_aware_stgnn_v2_full,artifacts/algorithm/v21_reliability_gate/checkpoint/mask_aware_stgnn_v2_full__temperature__20p0m.pt,9b19409827eceabffc2604de2c4cbd26e28df14abdd2fd35c8b3490e3ff75fd2,m3_final_option_a_inference_only:v1,TRUE_UNSEEN_WITH_EXISTING_CHECKPOINT
20s10w,2020-09-01 00:00:00,temperature,20.0,20.7166671753,25.9508108908,file-e47ee7c45a18a3975c48785e6e1eaa9cc7292e87cc188394bfdf3f18c84ba2d6|T_NaN_20s10w|3|6,test,mask_aware_stgnn_v2_full,artifacts/algorithm/v21_reliability_gate/checkpoint/mask_aware_stgnn_v2_full__temperature__20p0m.pt,9b19409827eceabffc2604de2c4cbd26e28df14abdd2fd35c8b3490e3ff75fd2,m3_final_option_a_inference_only:v1,TRUE_UNSEEN_WITH_EXISTING_CHECKPOINT
20s10w,2020-10-01 00:00:00,temperature,20.0,20.8564510345,26.0911967329,file-e47ee7c45a18a3975c48785e6e1eaa9cc7292e87cc188394bfdf3f18c84ba2d6|T_NaN_20s10w|3|7,test,mask_aware_stgnn_v2_full,artifacts/algorithm/v21_reliability_gate/checkpoint/mask_aware_stgnn_v2_full__temperature__20p0m.pt,9b19409827eceabffc2604de2c4cbd26e28df14abdd2fd35c8b3490e3ff75fd2,m3_final_option_a_inference_only:v1,TRUE_UNSEEN_WITH_EXISTING_CHECKPOINT
20s10w,2020-11-01 00:00:00,temperature,20.0,21.174665451,26.2038566813,file-e47ee7c45a18a3975c48785e6e1eaa9cc7292e87cc188394bfdf3f18c84ba2d6|T_NaN_20s10w|3|8,test,mask_aware_stgnn_v2_full,artifacts/algorithm/v21_reliability_gate/checkpoint/mask_aware_stgnn_v2_full__temperature__20p0m.pt,9b19409827eceabffc2604de2c4cbd26e28df14abdd2fd35c8b3490e3ff75fd2,m3_final_option_a_inference_only:v1,TRUE_UNSEEN_WITH_EXISTING_CHECKPOINT
20s10w,2020-12-01 00:00:00,temperature,20.0,21.9051589966,26.3182280169,file-e47ee7c45a18a3975c48785e6e1eaa9cc7292e87cc188394bfdf3f18c84ba2d6|T_NaN_20s10w|3|9,test,mask_aware_stgnn_v2_full,artifacts/algorithm/v21_reliability_gate/checkpoint/mask_aware_stgnn_v2_full__temperature__20p0m.pt,9b19409827eceabffc2604de2c4cbd26e28df14abdd2fd35c8b3490e3ff75fd2,m3_final_option_a_inference_only:v1,TRUE_UNSEEN_WITH_EXISTING_CHECKPOINT
20s10w,2021-01-01 00:00:00,temperature,20.0,23.1296787262,26.5535717318,file-e47ee7c45a18a3975c48785e6e1eaa9cc7292e87cc188394bfdf3f18c84ba2d6|T_NaN_20s10w|3|10,test,mask_aware_stgnn_v2_full,artifacts/algorithm/v21_reliability_gate/checkpoint/mask_aware_stgnn_v2_full__temperature__20p0m.pt,9b19409827eceabffc2604de2c4cbd26e28df14abdd2fd35c8b3490e3ff75fd2,m3_final_option_a_inference_only:v1,TRUE_UNSEEN_WITH_EXISTING_CHECKPOINT
20s10w,2021-02-01 00:00:00,temperature,20.0,23.9560699463,26.8772495429,file-e47ee7c45a18a3975c48785e6e1eaa9cc7292e87cc188394bfdf3f18c84ba2d6|T_NaN_20s10w|3|11,test,mask_aware_stgnn_v2_full,artifacts/algorithm/v21_reliability_gate/checkpoint/mask_aware_stgnn_v2_full__temperature__20p0m.pt,9b19409827eceabffc2604de2c4cbd26e28df14abdd2fd35c8b3490e3ff75fd2,m3_final_option_a_inference_only:v1,TRUE_UNSEEN_WITH_EXISTING_CHECKPOINT
20s10w,2021-03-01 00:00:00,temperature,20.0,24.8689994812,27.1358916561,file-e47ee7c45a18a3975c48785e6e1eaa9cc7292e87cc188394bfdf3f18c84ba2d6|T_NaN_20s10w|3|12,test,mask_aware_stgnn_v2_full,artifacts/algorithm/v21_reliability_gate/checkpoint/mask_aware_stgnn_v2_full__temperature__20p0m.pt,9b19409827eceabffc2604de2c4cbd26e28df14abdd2fd35c8b3490e3ff75fd2,m3_final_option_a_inference_only:v1,TRUE_UNSEEN_WITH_EXISTING_CHECKPOINT
20s10w,2021-04-01 00:00:00,temperature,20.0,25.1326675415,27.2687679447,file-e47ee7c45a18a3975c48785e6e1eaa9cc7292e87cc188394bfdf3f18c84ba2d6|T_NaN_20s10w|3|13,test,mask_aware_stgnn_v2_full,artifacts/algorithm/v21_reliability_gate/checkpoint/mask_aware_stgnn_v2_full__temperature__20p0m.pt,9b19409827eceabffc2604de2c4cbd26e28df14abdd2fd35c8b3490e3ff75fd2,m3_final_option_a_inference_only:v1,TRUE_UNSEEN_WITH_EXISTING_CHECKPOINT
20s10w,2021-05-01 00:00:00,temperature,20.0,24.4332256317,27.0071386202,file-e47ee7c45a18a3975c48785e6e1eaa9cc7292e87cc188394bfdf3f18c84ba2d6|T_NaN_20s10w|3|14,test,mask_aware_stgnn_v2_full,artifacts/algorithm/v21_reliability_gate/checkpoint/mask_aware_stgnn_v2_full__temperature__20p0m.pt,9b19409827eceabffc2604de2c4cbd26e28df14abdd2fd35c8b3490e3ff75fd2,m3_final_option_a_inference_only:v1,TRUE_UNSEEN_WITH_EXISTING_CHECKPOINT
20s10w,2021-06-01 00:00:00,temperature,20.0,23.2543315887,26.453508549,file-e47ee7c45a18a3975c48785e6e1eaa9cc7292e87cc188394bfdf3f18c84ba2d6|T_NaN_20s10w|3|15,test,mask_aware_stgnn_v2_full,artifacts/algorithm/v21_reliability_gate/checkpoint/mask_aware_stgnn_v2_full__temperature__20p0m.pt,9b19409827eceabffc2604de2c4cbd26e28df14abdd2fd35c8b3490e3ff75fd2,m3_final_option_a_inference_only:v1,TRUE_UNSEEN_WITH_EXISTING_CHECKPOINT
20s10w,2021-07-01 00:00:00,temperature,20.0,22.2483863831,26.0198904276,file-e47ee7c45a18a3975c48785e6e1eaa9cc7292e87cc188394bfdf3f18c84ba2d6|T_NaN_20s10w|3|16,test,mask_aware_stgnn_v2_full,artifacts/algorithm/v21_reliability_gate/checkpoint/mask_aware_stgnn_v2_full__temperature__20p0m.pt,9b19409827eceabffc2604de2c4cbd26e28df14abdd2fd35c8b3490e3ff75fd2,m3_final_option_a_inference_only:v1,TRUE_UNSEEN_WITH_EXISTING_CHECKPOINT
20s10w,2021-08-01 00:00:00,temperature,20.0,22.0553817749,25.9984217794,file-e47ee7c45a18a3975c48785e6e1eaa9cc7292e87cc188394bfdf3f18c84ba2d6|T_NaN_20s10w|3|17,test,mask_aware_stgnn_v2_full,artifacts/algorithm/v21_reliability_gate/checkpoint/mask_aware_stgnn_v2_full__temperature__20p0m.pt,9b19409827eceabffc2604de2c4cbd26e28df14abdd2fd35c8b3490e3ff75fd2,m3_final_option_a_inference_only:v1,TRUE_UNSEEN_WITH_EXISTING_CHECKPOINT
20s10w,2022-03-01 00:00:00,temperature,20.0,25.4270591736,27.3539906067,file-e47ee7c45a18a3975c48785e6e1eaa9cc7292e87cc188394bfdf3f18c84ba2d6|T_NaN_20s10w|3|24,test,mask_aware_stgnn_v2_full,artifacts/algorithm/v21_reliability_gate/checkpoint/mask_aware_stgnn_v2_full__temperature__20p0m.pt,9b19409827eceabffc2604de2c4cbd26e28df14abdd2fd35c8b3490e3ff75fd2,m3_final_option_a_inference_only:v1,TRUE_UNSEEN_WITH_EXISTING_CHECKPOINT
20s10w,2022-04-01 00:00:00,temperature,20.0,24.8620014191,27.2214818848,file-e47ee7c45a18a3975c48785e6e1eaa9cc7292e87cc188394bfdf3f18c84ba2d6|T_NaN_20s10w|3|25,test,mask_aware_stgnn_v2_full,artifacts/algorithm/v21_reliability_gate/checkpoint/mask_aware_stgnn_v2_full__temperature__20p0m.pt,9b19409827eceabffc2604de2c4cbd26e28df14abdd2fd35c8b3490e3ff75fd2,m3_final_option_a_inference_only:v1,TRUE_UNSEEN_WITH_EXISTING_CHECKPOINT
20s10w,2022-05-01 00:00:00,temperature,20.0,23.5409679413,26.7833350621,file-e47ee7c45a18a3975c48785e6e1eaa9cc7292e87cc188394bfdf3f18c84ba2d6|T_NaN_20s10w|3|26,test,mask_aware_stgnn_v2_full,artifacts/algorithm/v21_reliability_gate/checkpoint/mask_aware_stgnn_v2_full__temperature__20p0m.pt,9b19409827eceabffc2604de2c4cbd26e28df14abdd2fd35c8b3490e3ff75fd2,m3_final_option_a_inference_only:v1,TRUE_UNSEEN_WITH_EXISTING_CHECKPOINT
20s10w,2022-06-01 00:00:00,temperature,20.0,22.4446678162,26.2224540563,file-e47ee7c45a18a3975c48785e6e1eaa9cc7292e87cc188394bfdf3f18c84ba2d6|T_NaN_20s10w|3|27,test,mask_aware_stgnn_v2_full,artifacts/algorithm/v21_reliability_gate/checkpoint/mask_aware_stgnn_v2_full__temperature__20p0m.pt,9b19409827eceabffc2604de2c4cbd26e28df14abdd2fd35c8b3490e3ff75fd2,m3_final_option_a_inference_only:v1,TRUE_UNSEEN_WITH_EXISTING_CHECKPOINT
20s10w,2022-07-01 00:00:00,temperature,20.0,21.1838722229,25.6475633876,file-e47ee7c45a18a3975c48785e6e1eaa9cc7292e87cc188394bfdf3f18c84ba2d6|T_NaN_20s10w|3|28,test,mask_aware_stgnn_v2_full,artifacts/algorithm/v21_reliability_gate/checkpoint/mask_aware_stgnn_v2_full__temperature__20p0m.pt,9b19409827eceabffc2604de2c4cbd26e28df14abdd2fd35c8b3490e3ff75fd2,m3_final_option_a_inference_only:v1,TRUE_UNSEEN_WITH_EXISTING_CHECKPOINT
20s10w,2022-08-01 00:00:00,temperature,20.0,20.4938735962,25.6312345593,file-e47ee7c45a18a3975c48785e6e1eaa9cc7292e87cc188394bfdf3f18c84ba2d6|T_NaN_20s10w|3|29,test,mask_aware_stgnn_v2_full,artifacts/algorithm/v21_reliability_gate/checkpoint/mask_aware_stgnn_v2_full__temperature__20p0m.pt,9b19409827eceabffc2604de2c4cbd26e28df14abdd2fd35c8b3490e3ff75fd2,m3_final_option_a_inference_only:v1,TRUE_UNSEEN_WITH_EXISTING_CHECKPOINT
20s10w,2022-09-01 00:00:00,temperature,20.0,20.4233360291,25.8903355751,file-e47ee7c45a18a3975c48785e6e1eaa9cc7292e87cc188394bfdf3f18c84ba2d6|T_NaN_20s10w|3|30,test,mask_aware_stgnn_v2_full,artifacts/algorithm/v21_reliability_gate/checkpoint/mask_aware_stgnn_v2_full__temperature__20p0m.pt,9b19409827eceabffc2604de2c4cbd26e28df14abdd2fd35c8b3490e3ff75fd2,m3_final_option_a_inference_only:v1,TRUE_UNSEEN_WITH_EXISTING_CHECKPOINT
20s10w,2022-10-01 00:00:00,temperature,20.0,20.8648395538,26.139645154,file-e47ee7c45a18a3975c48785e6e1eaa9cc7292e87cc188394bfdf3f18c84ba2d6|T_NaN_20s10w|3|31,test,mask_aware_stgnn_v2_full,artifacts/algorithm/v21_reliability_gate/checkpoint/mask_aware_stgnn_v2_full__temperature__20p0m.pt,9b19409827eceabffc2604de2c4cbd26e28df14abdd2fd35c8b3490e3ff75fd2,m3_final_option_a_inference_only:v1,TRUE_UNSEEN_WITH_EXISTING_CHECKPOINT
20s10w,2022-11-01 00:00:00,temperature,20.0,21.765001297,26.2578289071,file-e47ee7c45a18a3975c48785e6e1eaa9cc7292e87cc188394bfdf3f18c84ba2d6|T_NaN_20s10w|3|32,test,mask_aware_stgnn_v2_full,artifacts/algorithm/v21_reliability_gate/checkpoint/mask_aware_stgnn_v2_full__temperature__20p0m.pt,9b19409827eceabffc2604de2c4cbd26e28df14abdd2fd35c8b3490e3ff75fd2,m3_final_option_a_inference_only:v1,TRUE_UNSEEN_WITH_EXISTING_CHECKPOINT
20s10w,2022-12-01 00:00:00,temperature,20.0,22.7880649567,26.5091650341,file-e47ee7c45a18a3975c48785e6e1eaa9cc7292e87cc188394bfdf3f18c84ba2d6|T_NaN_20s10w|3|33,test,mask_aware_stgnn_v2_full,artifacts/algorithm/v21_reliability_gate/checkpoint/mask_aware_stgnn_v2_full__temperature__20p0m.pt,9b19409827eceabffc2604de2c4cbd26e28df14abdd2fd35c8b3490e3ff75fd2,m3_final_option_a_inference_only:v1,TRUE_UNSEEN_WITH_EXISTING_CHECKPOINT
20s10w,2023-01-01 00:00:00,temperature,20.0,24.0035476685,26.8126875998,file-e47ee7c45a18a3975c48785e6e1eaa9cc7292e87cc188394bfdf3f18c84ba2d6|T_NaN_20s10w|3|34,test,mask_aware_stgnn_v2_full,artifacts/algorithm/v21_reliability_gate/checkpoint/mask_aware_stgnn_v2_full__temperature__20p0m.pt,9b19409827eceabffc2604de2c4cbd26e28df14abdd2fd35c8b3490e3ff75fd2,m3_final_option_a_inference_only:v1,TRUE_UNSEEN_WITH_EXISTING_CHECKPOINT
20s10w,2023-02-01 00:00:00,temperature,20.0,24.9296417236,27.10196641,file-e47ee7c45a18a3975c48785e6e1eaa9cc7292e87cc188394bfdf3f18c84ba2d6|T_NaN_20s10w|3|35,test,mask_aware_stgnn_v2_full,artifacts/algorithm/v21_reliability_gate/checkpoint/mask_aware_stgnn_v2_full__temperature__20p0m.pt,9b19409827eceabffc2604de2c4cbd26e28df14abdd2fd35c8b3490e3ff75fd2,m3_final_option_a_inference_only:v1,TRUE_UNSEEN_WITH_EXISTING_CHECKPOINT
20s10w,2023-03-01 00:00:00,temperature,20.0,25.329668045,27.2799838285,file-e47ee7c45a18a3975c48785e6e1eaa9cc7292e87cc188394bfdf3f18c84ba2d6|T_NaN_20s10w|3|36,test,mask_aware_stgnn_v2_full,artifacts/algorithm/v21_reliability_gate/checkpoint/mask_aware_stgnn_v2_full__temperature__20p0m.pt,9b19409827eceabffc2604de2c4cbd26e28df14abdd2fd35c8b3490e3ff75fd2,m3_final_option_a_inference_only:v1,TRUE_UNSEEN_WITH_EXISTING_CHECKPOINT
20s10w,2023-04-01 00:00:00,temperature,20.0,25.1576652527,27.3417604795,file-e47ee7c45a18a3975c48785e6e1eaa9cc7292e87cc188394bfdf3f18c84ba2d6|T_NaN_20s10w|3|37,test,mask_aware_stgnn_v2_full,artifacts/algorithm/v21_reliability_gate/checkpoint/mask_aware_stgnn_v2_full__temperature__20p0m.pt,9b19409827eceabffc2604de2c4cbd26e28df14abdd2fd35c8b3490e3ff75fd2,m3_final_option_a_inference_only:v1,TRUE_UNSEEN_WITH_EXISTING_CHECKPOINT
20s10w,2023-05-01 00:00:00,temperature,20.0,24.3464508057,26.999525455,file-e47ee7c45a18a3975c48785e6e1eaa9cc7292e87cc188394bfdf3f18c84ba2d6|T_NaN_20s10w|3|38,test,mask_aware_stgnn_v2_full,artifacts/algorithm/v21_reliability_gate/checkpoint/mask_aware_stgnn_v2_full__temperature__20p0m.pt,9b19409827eceabffc2604de2c4cbd26e28df14abdd2fd35c8b3490e3ff75fd2,m3_final_option_a_inference_only:v1,TRUE_UNSEEN_WITH_EXISTING_CHECKPOINT
20s10w,2023-06-01 00:00:00,temperature,20.0,23.1843338013,25.9160187614,file-e47ee7c45a18a3975c48785e6e1eaa9cc7292e87cc188394bfdf3f18c84ba2d6|T_NaN_20s10w|3|39,test,mask_aware_stgnn_v2_full,artifacts/algorithm/v21_reliability_gate/checkpoint/mask_aware_stgnn_v2_full__temperature__20p0m.pt,9b19409827eceabffc2604de2c4cbd26e28df14abdd2fd35c8b3490e3ff75fd2,m3_final_option_a_inference_only:v1,TRUE_UNSEEN_WITH_EXISTING_CHECKPOINT
20s10w,2023-07-01 00:00:00,temperature,20.0,22.0009708405,25.6421895699,file-e47ee7c45a18a3975c48785e6e1eaa9cc7292e87cc188394bfdf3f18c84ba2d6|T_NaN_20s10w|3|40,test,mask_aware_stgnn_v2_full,artifacts/algorithm/v21_reliability_gate/checkpoint/mask_aware_stgnn_v2_full__temperature__20p0m.pt,9b19409827eceabffc2604de2c4cbd26e28df14abdd2fd35c8b3490e3ff75fd2,m3_final_option_a_inference_only:v1,TRUE_UNSEEN_WITH_EXISTING_CHECKPOINT
20s10w,2023-08-01 00:00:00,temperature,20.0,21.0348377228,25.6535538241,file-e47ee7c45a18a3975c48785e6e1eaa9cc7292e87cc188394bfdf3f18c84ba2d6|T_NaN_20s10w|3|41,test,mask_aware_stgnn_v2_full,artifacts/algorithm/v21_reliability_gate/checkpoint/mask_aware_stgnn_v2_full__temperature__20p0m.pt,9b19409827eceabffc2604de2c4cbd26e28df14abdd2fd35c8b3490e3ff75fd2,m3_final_option_a_inference_only:v1,TRUE_UNSEEN_WITH_EXISTING_CHECKPOINT
20s10w,2023-09-01 00:00:00,temperature,20.0,20.2096652985,25.9326752979,file-e47ee7c45a18a3975c48785e6e1eaa9cc7292e87cc188394bfdf3f18c84ba2d6|T_NaN_20s10w|3|42,test,mask_aware_stgnn_v2_full,artifacts/algorithm/v21_reliability_gate/checkpoint/mask_aware_stgnn_v2_full__temperature__20p0m.pt,9b19409827eceabffc2604de2c4cbd26e28df14abdd2fd35c8b3490e3ff75fd2,m3_final_option_a_inference_only:v1,TRUE_UNSEEN_WITH_EXISTING_CHECKPOINT
20s10w,2023-10-01 00:00:00,temperature,20.0,20.2541942596,26.0951369853,file-e47ee7c45a18a3975c48785e6e1eaa9cc7292e87cc188394bfdf3f18c84ba2d6|T_NaN_20s10w|3|43,test,mask_aware_stgnn_v2_full,artifacts/algorithm/v21_reliability_gate/checkpoint/mask_aware_stgnn_v2_full__temperature__20p0m.pt,9b19409827eceabffc2604de2c4cbd26e28df14abdd2fd35c8b3490e3ff75fd2,m3_final_option_a_inference_only:v1,TRUE_UNSEEN_WITH_EXISTING_CHECKPOINT
20s10w,2023-11-01 00:00:00,temperature,20.0,21.1953334808,26.4171151103,file-e47ee7c45a18a3975c48785e6e1eaa9cc7292e87cc188394bfdf3f18c84ba2d6|T_NaN_20s10w|3|44,test,mask_aware_stgnn_v2_full,artifacts/algorithm/v21_reliability_gate/checkpoint/mask_aware_stgnn_v2_full__temperature__20p0m.pt,9b19409827eceabffc2604de2c4cbd26e28df14abdd2fd35c8b3490e3ff75fd2,m3_final_option_a_inference_only:v1,TRUE_UNSEEN_WITH_EXISTING_CHECKPOINT
20s10w,2023-12-01 00:00:00,temperature,20.0,23.1361293793,26.8053206577,file-e47ee7c45a18a3975c48785e6e1eaa9cc7292e87cc188394bfdf3f18c84ba2d6|T_NaN_20s10w|3|45,test,mask_aware_stgnn_v2_full,artifacts/algorithm/v21_reliability_gate/checkpoint/mask_aware_stgnn_v2_full__temperature__20p0m.pt,9b19409827eceabffc2604de2c4cbd26e28df14abdd2fd35c8b3490e3ff75fd2,m3_final_option_a_inference_only:v1,TRUE_UNSEEN_WITH_EXISTING_CHECKPOINT
20s10w,2024-01-01 00:00:00,temperature,20.0,24.3648395538,26.9975694611,file-e47ee7c45a18a3975c48785e6e1eaa9cc7292e87cc188394bfdf3f18c84ba2d6|T_NaN_20s10w|3|46,test,mask_aware_stgnn_v2_full,artifacts/algorithm/v21_reliability_gate/checkpoint/mask_aware_stgnn_v2_full__temperature__20p0m.pt,9b19409827eceabffc2604de2c4cbd26e28df14abdd2fd35c8b3490e3ff75fd2,m3_final_option_a_inference_only:v1,TRUE_UNSEEN_WITH_EXISTING_CHECKPOINT
20s10w,2024-02-01 00:00:00,temperature,20.0,25.6172428131,27.3691691476,file-e47ee7c45a18a3975c48785e6e1eaa9cc7292e87cc188394bfdf3f18c84ba2d6|T_NaN_20s10w|3|47,test,mask_aware_stgnn_v2_full,artifacts/algorithm/v21_reliability_gate/checkpoint/mask_aware_stgnn_v2_full__temperature__20p0m.pt,9b19409827eceabffc2604de2c4cbd26e28df14abdd2fd35c8b3490e3ff75fd2,m3_final_option_a_inference_only:v1,TRUE_UNSEEN_WITH_EXISTING_CHECKPOINT
20s10w,2024-03-01 00:00:00,temperature,20.0,26.3823318481,27.6465221996,file-e47ee7c45a18a3975c48785e6e1eaa9cc7292e87cc188394bfdf3f18c84ba2d6|T_NaN_20s10w|3|48,test,mask_aware_stgnn_v2_full,artifacts/algorithm/v21_reliability_gate/checkpoint/mask_aware_stgnn_v2_full__temperature__20p0m.pt,9b19409827eceabffc2604de2c4cbd26e28df14abdd2fd35c8b3490e3ff75fd2,m3_final_option_a_inference_only:v1,TRUE_UNSEEN_WITH_EXISTING_CHECKPOINT
20s10w,2024-04-01 00:00:00,temperature,20.0,25.6299991608,27.5440443666,file-e47ee7c45a18a3975c48785e6e1eaa9cc7292e87cc188394bfdf3f18c84ba2d6|T_NaN_20s10w|3|49,test,mask_aware_stgnn_v2_full,artifacts/algorithm/v21_reliability_gate/checkpoint/mask_aware_stgnn_v2_full__temperature__20p0m.pt,9b19409827eceabffc2604de2c4cbd26e28df14abdd2fd35c8b3490e3ff75fd2,m3_final_option_a_inference_only:v1,TRUE_UNSEEN_WITH_EXISTING_CHECKPOINT
20s10w,2024-05-01 00:00:00,temperature,20.0,24.2732200623,27.1165030227,file-e47ee7c45a18a3975c48785e6e1eaa9cc7292e87cc188394bfdf3f18c84ba2d6|T_NaN_20s10w|3|50,test,mask_aware_stgnn_v2_full,artifacts/algorithm/v21_reliability_gate/checkpoint/mask_aware_stgnn_v2_full__temperature__20p0m.pt,9b19409827eceabffc2604de2c4cbd26e28df14abdd2fd35c8b3490e3ff75fd2,m3_final_option_a_inference_only:v1,TRUE_UNSEEN_WITH_EXISTING_CHECKPOINT
20s10w,2024-06-01 00:00:00,temperature,20.0,22.8726673126,25.8657112393,file-e47ee7c45a18a3975c48785e6e1eaa9cc7292e87cc188394bfdf3f18c84ba2d6|T_NaN_20s10w|3|51,test,mask_aware_stgnn_v2_full,artifacts/algorithm/v21_reliability_gate/checkpoint/mask_aware_stgnn_v2_full__temperature__20p0m.pt,9b19409827eceabffc2604de2c4cbd26e28df14abdd2fd35c8b3490e3ff75fd2,m3_final_option_a_inference_only:v1,TRUE_UNSEEN_WITH_EXISTING_CHECKPOINT
20s10w,2024-07-01 00:00:00,temperature,20.0,22.3564510345,25.3983463066,file-e47ee7c45a18a3975c48785e6e1eaa9cc7292e87cc188394bfdf3f18c84ba2d6|T_NaN_20s10w|3|52,test,mask_aware_stgnn_v2_full,artifacts/algorithm/v21_reliability_gate/checkpoint/mask_aware_stgnn_v2_full__temperature__20p0m.pt,9b19409827eceabffc2604de2c4cbd26e28df14abdd2fd35c8b3490e3ff75fd2,m3_final_option_a_inference_only:v1,TRUE_UNSEEN_WITH_EXISTING_CHECKPOINT
20s10w,2020-03-01 00:00:00,temperature,40.0,25.4065418243,26.2231101015,file-e47ee7c45a18a3975c48785e6e1eaa9cc7292e87cc188394bfdf3f18c84ba2d6|T_NaN_20s10w|4|0,test,mask_aware_stgnn_v2_full,artifacts/algorithm/v21_reliability_gate/checkpoint/mask_aware_stgnn_v2_full__temperature__40p0m.pt,db3dbe4d0aa36281c6a1f6cb252eae2babc2d643e474ff5fff049c81532b31b0,m3_final_option_a_inference_only:v1,TRUE_UNSEEN_WITH_EXISTING_CHECKPOINT
20s10w,2020-04-01 00:00:00,temperature,40.0,25.0756645203,26.09270989,file-e47ee7c45a18a3975c48785e6e1eaa9cc7292e87cc188394bfdf3f18c84ba2d6|T_NaN_20s10w|4|1,test,mask_aware_stgnn_v2_full,artifacts/algorithm/v21_reliability_gate/checkpoint/mask_aware_stgnn_v2_full__temperature__40p0m.pt,db3dbe4d0aa36281c6a1f6cb252eae2babc2d643e474ff5fff049c81532b31b0,m3_final_option_a_inference_only:v1,TRUE_UNSEEN_WITH_EXISTING_CHECKPOINT
20s10w,2020-05-01 00:00:00,temperature,40.0,24.4716110229,25.9328401455,file-e47ee7c45a18a3975c48785e6e1eaa9cc7292e87cc188394bfdf3f18c84ba2d6|T_NaN_20s10w|4|2,test,mask_aware_stgnn_v2_full,artifacts/algorithm/v21_reliability_gate/checkpoint/mask_aware_stgnn_v2_full__temperature__40p0m.pt,db3dbe4d0aa36281c6a1f6cb252eae2babc2d643e474ff5fff049c81532b31b0,m3_final_option_a_inference_only:v1,TRUE_UNSEEN_WITH_EXISTING_CHECKPOINT
20s10w,2020-06-01 00:00:00,temperature,40.0,23.2773361206,25.8605918286,file-e47ee7c45a18a3975c48785e6e1eaa9cc7292e87cc188394bfdf3f18c84ba2d6|T_NaN_20s10w|4|3,test,mask_aware_stgnn_v2_full,artifacts/algorithm/v21_reliability_gate/checkpoint/mask_aware_stgnn_v2_full__temperature__40p0m.pt,db3dbe4d0aa36281c6a1f6cb252eae2babc2d643e474ff5fff049c81532b31b0,m3_final_option_a_inference_only:v1,TRUE_UNSEEN_WITH_EXISTING_CHECKPOINT
20s10w,2020-07-01 00:00:00,temperature,40.0,21.9577388763,25.7254978187,file-e47ee7c45a18a3975c48785e6e1eaa9cc7292e87cc188394bfdf3f18c84ba2d6|T_NaN_20s10w|4|4,test,mask_aware_stgnn_v2_full,artifacts/algorithm/v21_reliability_gate/checkpoint/mask_aware_stgnn_v2_full__temperature__40p0m.pt,db3dbe4d0aa36281c6a1f6cb252eae2babc2d643e474ff5fff049c81532b31b0,m3_final_option_a_inference_only:v1,TRUE_UNSEEN_WITH_EXISTING_CHECKPOINT
20s10w,2020-08-01 00:00:00,temperature,40.0,21.1280632019,25.7988435469,file-e47ee7c45a18a3975c48785e6e1eaa9cc7292e87cc188394bfdf3f18c84ba2d6|T_NaN_20s10w|4|5,test,mask_aware_stgnn_v2_full,artifacts/algorithm/v21_reliability_gate/checkpoint/mask_aware_stgnn_v2_full__temperature__40p0m.pt,db3dbe4d0aa36281c6a1f6cb252eae2babc2d643e474ff5fff049c81532b31b0,m3_final_option_a_inference_only:v1,TRUE_UNSEEN_WITH_EXISTING_CHECKPOINT
20s10w,2020-09-01 00:00:00,temperature,40.0,20.6786689758,25.9159624057,file-e47ee7c45a18a3975c48785e6e1eaa9cc7292e87cc188394bfdf3f18c84ba2d6|T_NaN_20s10w|4|6,test,mask_aware_stgnn_v2_full,artifacts/algorithm/v21_reliability_gate/checkpoint/mask_aware_stgnn_v2_full__temperature__40p0m.pt,db3dbe4d0aa36281c6a1f6cb252eae2babc2d643e474ff5fff049c81532b31b0,m3_final_option_a_inference_only:v1,TRUE_UNSEEN_WITH_EXISTING_CHECKPOINT
20s10w,2020-10-01 00:00:00,temperature,40.0,20.7493553162,26.0535312658,file-e47ee7c45a18a3975c48785e6e1eaa9cc7292e87cc188394bfdf3f18c84ba2d6|T_NaN_20s10w|4|7,test,mask_aware_stgnn_v2_full,artifacts/algorithm/v21_reliability_gate/checkpoint/mask_aware_stgnn_v2_full__temperature__40p0m.pt,db3dbe4d0aa36281c6a1f6cb252eae2babc2d643e474ff5fff049c81532b31b0,m3_final_option_a_inference_only:v1,TRUE_UNSEEN_WITH_EXISTING_CHECKPOINT
20s10w,2020-11-01 00:00:00,temperature,40.0,21.0413322449,26.0308484306,file-e47ee7c45a18a3975c48785e6e1eaa9cc7292e87cc188394bfdf3f18c84ba2d6|T_NaN_20s10w|4|8,test,mask_aware_stgnn_v2_full,artifacts/algorithm/v21_reliability_gate/checkpoint/mask_aware_stgnn_v2_full__temperature__40p0m.pt,db3dbe4d0aa36281c6a1f6cb252eae2babc2d643e474ff5fff049c81532b31b0,m3_final_option_a_inference_only:v1,TRUE_UNSEEN_WITH_EXISTING_CHECKPOINT
20s10w,2020-12-01 00:00:00,temperature,40.0,21.5454826355,25.96513725,file-e47ee7c45a18a3975c48785e6e1eaa9cc7292e87cc188394bfdf3f18c84ba2d6|T_NaN_20s10w|4|9,test,mask_aware_stgnn_v2_full,artifacts/algorithm/v21_reliability_gate/checkpoint/mask_aware_stgnn_v2_full__temperature__40p0m.pt,db3dbe4d0aa36281c6a1f6cb252eae2babc2d643e474ff5fff049c81532b31b0,m3_final_option_a_inference_only:v1,TRUE_UNSEEN_WITH_EXISTING_CHECKPOINT
20s10w,2021-01-01 00:00:00,temperature,40.0,22.4354820251,26.0050551748,file-e47ee7c45a18a3975c48785e6e1eaa9cc7292e87cc188394bfdf3f18c84ba2d6|T_NaN_20s10w|4|10,test,mask_aware_stgnn_v2_full,artifacts/algorithm/v21_reliability_gate/checkpoint/mask_aware_stgnn_v2_full__temperature__40p0m.pt,db3dbe4d0aa36281c6a1f6cb252eae2babc2d643e474ff5fff049c81532b31b0,m3_final_option_a_inference_only:v1,TRUE_UNSEEN_WITH_EXISTING_CHECKPOINT
20s10w,2021-02-01 00:00:00,temperature,40.0,23.4407157898,26.1004252471,file-e47ee7c45a18a3975c48785e6e1eaa9cc7292e87cc188394bfdf3f18c84ba2d6|T_NaN_20s10w|4|11,test,mask_aware_stgnn_v2_full,artifacts/algorithm/v21_reliability_gate/checkpoint/mask_aware_stgnn_v2_full__temperature__40p0m.pt,db3dbe4d0aa36281c6a1f6cb252eae2babc2d643e474ff5fff049c81532b31b0,m3_final_option_a_inference_only:v1,TRUE_UNSEEN_WITH_EXISTING_CHECKPOINT
20s10w,2021-03-01 00:00:00,temperature,40.0,24.298664093,26.1056870896,file-e47ee7c45a18a3975c48785e6e1eaa9cc7292e87cc188394bfdf3f18c84ba2d6|T_NaN_20s10w|4|12,test,mask_aware_stgnn_v2_full,artifacts/algorithm/v21_reliability_gate/checkpoint/mask_aware_stgnn_v2_full__temperature__40p0m.pt,db3dbe4d0aa36281c6a1f6cb252eae2babc2d643e474ff5fff049c81532b31b0,m3_final_option_a_inference_only:v1,TRUE_UNSEEN_WITH_EXISTING_CHECKPOINT
20s10w,2021-04-01 00:00:00,temperature,40.0,24.4583358765,26.1240864193,file-e47ee7c45a18a3975c48785e6e1eaa9cc7292e87cc188394bfdf3f18c84ba2d6|T_NaN_20s10w|4|13,test,mask_aware_stgnn_v2_full,artifacts/algorithm/v21_reliability_gate/checkpoint/mask_aware_stgnn_v2_full__temperature__40p0m.pt,db3dbe4d0aa36281c6a1f6cb252eae2babc2d643e474ff5fff049c81532b31b0,m3_final_option_a_inference_only:v1,TRUE_UNSEEN_WITH_EXISTING_CHECKPOINT
20s10w,2021-05-01 00:00:00,temperature,40.0,24.4225788116,26.1209663929,file-e47ee7c45a18a3975c48785e6e1eaa9cc7292e87cc188394bfdf3f18c84ba2d6|T_NaN_20s10w|4|14,test,mask_aware_stgnn_v2_full,artifacts/algorithm/v21_reliability_gate/checkpoint/mask_aware_stgnn_v2_full__temperature__40p0m.pt,db3dbe4d0aa36281c6a1f6cb252eae2babc2d643e474ff5fff049c81532b31b0,m3_final_option_a_inference_only:v1,TRUE_UNSEEN_WITH_EXISTING_CHECKPOINT
20s10w,2021-06-01 00:00:00,temperature,40.0,23.2680015564,25.7734646736,file-e47ee7c45a18a3975c48785e6e1eaa9cc7292e87cc188394bfdf3f18c84ba2d6|T_NaN_20s10w|4|15,test,mask_aware_stgnn_v2_full,artifacts/algorithm/v21_reliability_gate/checkpoint/mask_aware_stgnn_v2_full__temperature__40p0m.pt,db3dbe4d0aa36281c6a1f6cb252eae2babc2d643e474ff5fff049c81532b31b0,m3_final_option_a_inference_only:v1,TRUE_UNSEEN_WITH_EXISTING_CHECKPOINT
20s10w,2021-07-01 00:00:00,temperature,40.0,22.2603206635,25.6824003303,file-e47ee7c45a18a3975c48785e6e1eaa9cc7292e87cc188394bfdf3f18c84ba2d6|T_NaN_20s10w|4|16,test,mask_aware_stgnn_v2_full,artifacts/algorithm/v21_reliability_gate/checkpoint/mask_aware_stgnn_v2_full__temperature__40p0m.pt,db3dbe4d0aa36281c6a1f6cb252eae2babc2d643e474ff5fff049c81532b31b0,m3_final_option_a_inference_only:v1,TRUE_UNSEEN_WITH_EXISTING_CHECKPOINT
20s10w,2021-08-01 00:00:00,temperature,40.0,22.0580730438,25.6100792246,file-e47ee7c45a18a3975c48785e6e1eaa9cc7292e87cc188394bfdf3f18c84ba2d6|T_NaN_20s10w|4|17,test,mask_aware_stgnn_v2_full,artifacts/algorithm/v21_reliability_gate/checkpoint/mask_aware_stgnn_v2_full__temperature__40p0m.pt,db3dbe4d0aa36281c6a1f6cb252eae2babc2d643e474ff5fff049c81532b31b0,m3_final_option_a_inference_only:v1,TRUE_UNSEEN_WITH_EXISTING_CHECKPOINT
20s10w,2022-03-01 00:00:00,temperature,40.0,24.8464717865,26.0975135691,file-e47ee7c45a18a3975c48785e6e1eaa9cc7292e87cc188394bfdf3f18c84ba2d6|T_NaN_20s10w|4|24,test,mask_aware_stgnn_v2_full,artifacts/algorithm/v21_reliability_gate/checkpoint/mask_aware_stgnn_v2_full__temperature__40p0m.pt,db3dbe4d0aa36281c6a1f6cb252eae2babc2d643e474ff5fff049c81532b31b0,m3_final_option_a_inference_only:v1,TRUE_UNSEEN_WITH_EXISTING_CHECKPOINT
20s10w,2022-04-01 00:00:00,temperature,40.0,24.7896690369,26.2311282802,file-e47ee7c45a18a3975c48785e6e1eaa9cc7292e87cc188394bfdf3f18c84ba2d6|T_NaN_20s10w|4|25,test,mask_aware_stgnn_v2_full,artifacts/algorithm/v21_reliability_gate/checkpoint/mask_aware_stgnn_v2_full__temperature__40p0m.pt,db3dbe4d0aa36281c6a1f6cb252eae2babc2d643e474ff5fff049c81532b31b0,m3_final_option_a_inference_only:v1,TRUE_UNSEEN_WITH_EXISTING_CHECKPOINT
20s10w,2022-05-01 00:00:00,temperature,40.0,23.531288147,26.1349121652,file-e47ee7c45a18a3975c48785e6e1eaa9cc7292e87cc188394bfdf3f18c84ba2d6|T_NaN_20s10w|4|26,test,mask_aware_stgnn_v2_full,artifacts/algorithm/v21_reliability_gate/checkpoint/mask_aware_stgnn_v2_full__temperature__40p0m.pt,db3dbe4d0aa36281c6a1f6cb252eae2babc2d643e474ff5fff049c81532b31b0,m3_final_option_a_inference_only:v1,TRUE_UNSEEN_WITH_EXISTING_CHECKPOINT
20s10w,2022-06-01 00:00:00,temperature,40.0,22.4330005646,26.0014705176,file-e47ee7c45a18a3975c48785e6e1eaa9cc7292e87cc188394bfdf3f18c84ba2d6|T_NaN_20s10w|4|27,test,mask_aware_stgnn_v2_full,artifacts/algorithm/v21_reliability_gate/checkpoint/mask_aware_stgnn_v2_full__temperature__40p0m.pt,db3dbe4d0aa36281c6a1f6cb252eae2babc2d643e474ff5fff049c81532b31b0,m3_final_option_a_inference_only:v1,TRUE_UNSEEN_WITH_EXISTING_CHECKPOINT
20s10w,2022-07-01 00:00:00,temperature,40.0,21.1783866882,25.7399933111,file-e47ee7c45a18a3975c48785e6e1eaa9cc7292e87cc188394bfdf3f18c84ba2d6|T_NaN_20s10w|4|28,test,mask_aware_stgnn_v2_full,artifacts/algorithm/v21_reliability_gate/checkpoint/mask_aware_stgnn_v2_full__temperature__40p0m.pt,db3dbe4d0aa36281c6a1f6cb252eae2babc2d643e474ff5fff049c81532b31b0,m3_final_option_a_inference_only:v1,TRUE_UNSEEN_WITH_EXISTING_CHECKPOINT
20s10w,2022-08-01 00:00:00,temperature,40.0,20.4809703827,25.6062547069,file-e47ee7c45a18a3975c48785e6e1eaa9cc7292e87cc188394bfdf3f18c84ba2d6|T_NaN_20s10w|4|29,test,mask_aware_stgnn_v2_full,artifacts/algorithm/v21_reliability_gate/checkpoint/mask_aware_stgnn_v2_full__temperature__40p0m.pt,db3dbe4d0aa36281c6a1f6cb252eae2babc2d643e474ff5fff049c81532b31b0,m3_final_option_a_inference_only:v1,TRUE_UNSEEN_WITH_EXISTING_CHECKPOINT
20s10w,2022-09-01 00:00:00,temperature,40.0,20.3756694794,25.6236559172,file-e47ee7c45a18a3975c48785e6e1eaa9cc7292e87cc188394bfdf3f18c84ba2d6|T_NaN_20s10w|4|30,test,mask_aware_stgnn_v2_full,artifacts/algorithm/v21_reliability_gate/checkpoint/mask_aware_stgnn_v2_full__temperature__40p0m.pt,db3dbe4d0aa36281c6a1f6cb252eae2babc2d643e474ff5fff049c81532b31b0,m3_final_option_a_inference_only:v1,TRUE_UNSEEN_WITH_EXISTING_CHECKPOINT
20s10w,2022-10-01 00:00:00,temperature,40.0,20.804517746,25.783751922,file-e47ee7c45a18a3975c48785e6e1eaa9cc7292e87cc188394bfdf3f18c84ba2d6|T_NaN_20s10w|4|31,test,mask_aware_stgnn_v2_full,artifacts/algorithm/v21_reliability_gate/checkpoint/mask_aware_stgnn_v2_full__temperature__40p0m.pt,db3dbe4d0aa36281c6a1f6cb252eae2babc2d643e474ff5fff049c81532b31b0,m3_final_option_a_inference_only:v1,TRUE_UNSEEN_WITH_EXISTING_CHECKPOINT
20s10w,2022-11-01 00:00:00,temperature,40.0,21.4900016785,25.7489692202,file-e47ee7c45a18a3975c48785e6e1eaa9cc7292e87cc188394bfdf3f18c84ba2d6|T_NaN_20s10w|4|32,test,mask_aware_stgnn_v2_full,artifacts/algorithm/v21_reliability_gate/checkpoint/mask_aware_stgnn_v2_full__temperature__40p0m.pt,db3dbe4d0aa36281c6a1f6cb252eae2babc2d643e474ff5fff049c81532b31b0,m3_final_option_a_inference_only:v1,TRUE_UNSEEN_WITH_EXISTING_CHECKPOINT
20s10w,2022-12-01 00:00:00,temperature,40.0,22.5777416229,25.8350647782,file-e47ee7c45a18a3975c48785e6e1eaa9cc7292e87cc188394bfdf3f18c84ba2d6|T_NaN_20s10w|4|33,test,mask_aware_stgnn_v2_full,artifacts/algorithm/v21_reliability_gate/checkpoint/mask_aware_stgnn_v2_full__temperature__40p0m.pt,db3dbe4d0aa36281c6a1f6cb252eae2babc2d643e474ff5fff049c81532b31b0,m3_final_option_a_inference_only:v1,TRUE_UNSEEN_WITH_EXISTING_CHECKPOINT
20s10w,2023-01-01 00:00:00,temperature,40.0,23.2087116241,25.9185796949,file-e47ee7c45a18a3975c48785e6e1eaa9cc7292e87cc188394bfdf3f18c84ba2d6|T_NaN_20s10w|4|34,test,mask_aware_stgnn_v2_full,artifacts/algorithm/v21_reliability_gate/checkpoint/mask_aware_stgnn_v2_full__temperature__40p0m.pt,db3dbe4d0aa36281c6a1f6cb252eae2babc2d643e474ff5fff049c81532b31b0,m3_final_option_a_inference_only:v1,TRUE_UNSEEN_WITH_EXISTING_CHECKPOINT
20s10w,2023-02-01 00:00:00,temperature,40.0,24.116071701,26.1924822569,file-e47ee7c45a18a3975c48785e6e1eaa9cc7292e87cc188394bfdf3f18c84ba2d6|T_NaN_20s10w|4|35,test,mask_aware_stgnn_v2_full,artifacts/algorithm/v21_reliability_gate/checkpoint/mask_aware_stgnn_v2_full__temperature__40p0m.pt,db3dbe4d0aa36281c6a1f6cb252eae2babc2d643e474ff5fff049c81532b31b0,m3_final_option_a_inference_only:v1,TRUE_UNSEEN_WITH_EXISTING_CHECKPOINT
20s10w,2023-03-01 00:00:00,temperature,40.0,24.8180007935,26.2932419642,file-e47ee7c45a18a3975c48785e6e1eaa9cc7292e87cc188394bfdf3f18c84ba2d6|T_NaN_20s10w|4|36,test,mask_aware_stgnn_v2_full,artifacts/algorithm/v21_reliability_gate/checkpoint/mask_aware_stgnn_v2_full__temperature__40p0m.pt,db3dbe4d0aa36281c6a1f6cb252eae2babc2d643e474ff5fff049c81532b31b0,m3_final_option_a_inference_only:v1,TRUE_UNSEEN_WITH_EXISTING_CHECKPOINT
20s10w,2023-04-01 00:00:00,temperature,40.0,25.1316661835,26.4365506444,file-e47ee7c45a18a3975c48785e6e1eaa9cc7292e87cc188394bfdf3f18c84ba2d6|T_NaN_20s10w|4|37,test,mask_aware_stgnn_v2_full,artifacts/algorithm/v21_reliability_gate/checkpoint/mask_aware_stgnn_v2_full__temperature__40p0m.pt,db3dbe4d0aa36281c6a1f6cb252eae2babc2d643e474ff5fff049c81532b31b0,m3_final_option_a_inference_only:v1,TRUE_UNSEEN_WITH_EXISTING_CHECKPOINT
20s10w,2023-05-01 00:00:00,temperature,40.0,24.3458080292,26.0792893636,file-e47ee7c45a18a3975c48785e6e1eaa9cc7292e87cc188394bfdf3f18c84ba2d6|T_NaN_20s10w|4|38,test,mask_aware_stgnn_v2_full,artifacts/algorithm/v21_reliability_gate/checkpoint/mask_aware_stgnn_v2_full__temperature__40p0m.pt,db3dbe4d0aa36281c6a1f6cb252eae2babc2d643e474ff5fff049c81532b31b0,m3_final_option_a_inference_only:v1,TRUE_UNSEEN_WITH_EXISTING_CHECKPOINT
20s10w,2023-06-01 00:00:00,temperature,40.0,23.186000824,25.6088415618,file-e47ee7c45a18a3975c48785e6e1eaa9cc7292e87cc188394bfdf3f18c84ba2d6|T_NaN_20s10w|4|39,test,mask_aware_stgnn_v2_full,artifacts/algorithm/v21_reliability_gate/checkpoint/mask_aware_stgnn_v2_full__temperature__40p0m.pt,db3dbe4d0aa36281c6a1f6cb252eae2babc2d643e474ff5fff049c81532b31b0,m3_final_option_a_inference_only:v1,TRUE_UNSEEN_WITH_EXISTING_CHECKPOINT
20s10w,2023-07-01 00:00:00,temperature,40.0,22.0054836273,25.4044049529,file-e47ee7c45a18a3975c48785e6e1eaa9cc7292e87cc188394bfdf3f18c84ba2d6|T_NaN_20s10w|4|40,test,mask_aware_stgnn_v2_full,artifacts/algorithm/v21_reliability_gate/checkpoint/mask_aware_stgnn_v2_full__temperature__40p0m.pt,db3dbe4d0aa36281c6a1f6cb252eae2babc2d643e474ff5fff049c81532b31b0,m3_final_option_a_inference_only:v1,TRUE_UNSEEN_WITH_EXISTING_CHECKPOINT
20s10w,2023-08-01 00:00:00,temperature,40.0,21.0332241058,25.2599339347,file-e47ee7c45a18a3975c48785e6e1eaa9cc7292e87cc188394bfdf3f18c84ba2d6|T_NaN_20s10w|4|41,test,mask_aware_stgnn_v2_full,artifacts/algorithm/v21_reliability_gate/checkpoint/mask_aware_stgnn_v2_full__temperature__40p0m.pt,db3dbe4d0aa36281c6a1f6cb252eae2babc2d643e474ff5fff049c81532b31b0,m3_final_option_a_inference_only:v1,TRUE_UNSEEN_WITH_EXISTING_CHECKPOINT
20s10w,2023-09-01 00:00:00,temperature,40.0,20.2003364563,25.4061769285,file-e47ee7c45a18a3975c48785e6e1eaa9cc7292e87cc188394bfdf3f18c84ba2d6|T_NaN_20s10w|4|42,test,mask_aware_stgnn_v2_full,artifacts/algorithm/v21_reliability_gate/checkpoint/mask_aware_stgnn_v2_full__temperature__40p0m.pt,db3dbe4d0aa36281c6a1f6cb252eae2babc2d643e474ff5fff049c81532b31b0,m3_final_option_a_inference_only:v1,TRUE_UNSEEN_WITH_EXISTING_CHECKPOINT
20s10w,2023-10-01 00:00:00,temperature,40.0,20.1532230377,25.6127098923,file-e47ee7c45a18a3975c48785e6e1eaa9cc7292e87cc188394bfdf3f18c84ba2d6|T_NaN_20s10w|4|43,test,mask_aware_stgnn_v2_full,artifacts/algorithm/v21_reliability_gate/checkpoint/mask_aware_stgnn_v2_full__temperature__40p0m.pt,db3dbe4d0aa36281c6a1f6cb252eae2babc2d643e474ff5fff049c81532b31b0,m3_final_option_a_inference_only:v1,TRUE_UNSEEN_WITH_EXISTING_CHECKPOINT
20s10w,2023-11-01 00:00:00,temperature,40.0,20.4419994354,25.7632527501,file-e47ee7c45a18a3975c48785e6e1eaa9cc7292e87cc188394bfdf3f18c84ba2d6|T_NaN_20s10w|4|44,test,mask_aware_stgnn_v2_full,artifacts/algorithm/v21_reliability_gate/checkpoint/mask_aware_stgnn_v2_full__temperature__40p0m.pt,db3dbe4d0aa36281c6a1f6cb252eae2babc2d643e474ff5fff049c81532b31b0,m3_final_option_a_inference_only:v1,TRUE_UNSEEN_WITH_EXISTING_CHECKPOINT
20s10w,2023-12-01 00:00:00,temperature,40.0,21.2474212646,25.822045985,file-e47ee7c45a18a3975c48785e6e1eaa9cc7292e87cc188394bfdf3f18c84ba2d6|T_NaN_20s10w|4|45,test,mask_aware_stgnn_v2_full,artifacts/algorithm/v21_reliability_gate/checkpoint/mask_aware_stgnn_v2_full__temperature__40p0m.pt,db3dbe4d0aa36281c6a1f6cb252eae2babc2d643e474ff5fff049c81532b31b0,m3_final_option_a_inference_only:v1,TRUE_UNSEEN_WITH_EXISTING_CHECKPOINT
20s10w,2024-01-01 00:00:00,temperature,40.0,21.7335529327,25.8217760705,file-e47ee7c45a18a3975c48785e6e1eaa9cc7292e87cc188394bfdf3f18c84ba2d6|T_NaN_20s10w|4|46,test,mask_aware_stgnn_v2_full,artifacts/algorithm/v21_reliability_gate/checkpoint/mask_aware_stgnn_v2_full__temperature__40p0m.pt,db3dbe4d0aa36281c6a1f6cb252eae2babc2d643e474ff5fff049c81532b31b0,m3_final_option_a_inference_only:v1,TRUE_UNSEEN_WITH_EXISTING_CHECKPOINT
20s10w,2024-02-01 00:00:00,temperature,40.0,22.7075862885,25.9968773427,file-e47ee7c45a18a3975c48785e6e1eaa9cc7292e87cc188394bfdf3f18c84ba2d6|T_NaN_20s10w|4|47,test,mask_aware_stgnn_v2_full,artifacts/algorithm/v21_reliability_gate/checkpoint/mask_aware_stgnn_v2_full__temperature__40p0m.pt,db3dbe4d0aa36281c6a1f6cb252eae2babc2d643e474ff5fff049c81532b31b0,m3_final_option_a_inference_only:v1,TRUE_UNSEEN_WITH_EXISTING_CHECKPOINT
20s10w,2024-03-01 00:00:00,temperature,40.0,24.9699993134,26.3222869699,file-e47ee7c45a18a3975c48785e6e1eaa9cc7292e87cc188394bfdf3f18c84ba2d6|T_NaN_20s10w|4|48,test,mask_aware_stgnn_v2_full,artifacts/algorithm/v21_reliability_gate/checkpoint/mask_aware_stgnn_v2_full__temperature__40p0m.pt,db3dbe4d0aa36281c6a1f6cb252eae2babc2d643e474ff5fff049c81532b31b0,m3_final_option_a_inference_only:v1,TRUE_UNSEEN_WITH_EXISTING_CHECKPOINT
20s10w,2024-04-01 00:00:00,temperature,40.0,25.580997467,26.4710384502,file-e47ee7c45a18a3975c48785e6e1eaa9cc7292e87cc188394bfdf3f18c84ba2d6|T_NaN_20s10w|4|49,test,mask_aware_stgnn_v2_full,artifacts/algorithm/v21_reliability_gate/checkpoint/mask_aware_stgnn_v2_full__temperature__40p0m.pt,db3dbe4d0aa36281c6a1f6cb252eae2babc2d643e474ff5fff049c81532b31b0,m3_final_option_a_inference_only:v1,TRUE_UNSEEN_WITH_EXISTING_CHECKPOINT
20s10w,2024-05-01 00:00:00,temperature,40.0,24.2706432343,26.008692141,file-e47ee7c45a18a3975c48785e6e1eaa9cc7292e87cc188394bfdf3f18c84ba2d6|T_NaN_20s10w|4|50,test,mask_aware_stgnn_v2_full,artifacts/algorithm/v21_reliability_gate/checkpoint/mask_aware_stgnn_v2_full__temperature__40p0m.pt,db3dbe4d0aa36281c6a1f6cb252eae2babc2d643e474ff5fff049c81532b31b0,m3_final_option_a_inference_only:v1,TRUE_UNSEEN_WITH_EXISTING_CHECKPOINT
20s10w,2024-06-01 00:00:00,temperature,40.0,22.8716678619,25.598285984,file-e47ee7c45a18a3975c48785e6e1eaa9cc7292e87cc188394bfdf3f18c84ba2d6|T_NaN_20s10w|4|51,test,mask_aware_stgnn_v2_full,artifacts/algorithm/v21_reliability_gate/checkpoint/mask_aware_stgnn_v2_full__temperature__40p0m.pt,db3dbe4d0aa36281c6a1f6cb252eae2babc2d643e474ff5fff049c81532b31b0,m3_final_option_a_inference_only:v1,TRUE_UNSEEN_WITH_EXISTING_CHECKPOINT
20s10w,2024-07-01 00:00:00,temperature,40.0,22.3522548676,25.2918040074,file-e47ee7c45a18a3975c48785e6e1eaa9cc7292e87cc188394bfdf3f18c84ba2d6|T_NaN_20s10w|4|52,test,mask_aware_stgnn_v2_full,artifacts/algorithm/v21_reliability_gate/checkpoint/mask_aware_stgnn_v2_full__temperature__40p0m.pt,db3dbe4d0aa36281c6a1f6cb252eae2babc2d643e474ff5fff049c81532b31b0,m3_final_option_a_inference_only:v1,TRUE_UNSEEN_WITH_EXISTING_CHECKPOINT
20s10w,2020-03-01 00:00:00,temperature,120.0,20.1561546326,16.2173272767,file-e47ee7c45a18a3975c48785e6e1eaa9cc7292e87cc188394bfdf3f18c84ba2d6|T_NaN_20s10w|8|0,test,mask_aware_stgnn_v2_full,artifacts/algorithm/v21_reliability_gate/checkpoint/mask_aware_stgnn_v2_full__temperature__120p0m.pt,8cc82b27d56707b41d9bc008edba0ba11446e8f1f2647b6f16039435523d7443,m3_final_option_a_inference_only:v1,TRUE_UNSEEN_WITH_EXISTING_CHECKPOINT
20s10w,2020-04-01 00:00:00,temperature,120.0,20.1966667175,16.3352546001,file-e47ee7c45a18a3975c48785e6e1eaa9cc7292e87cc188394bfdf3f18c84ba2d6|T_NaN_20s10w|8|1,test,mask_aware_stgnn_v2_full,artifacts/algorithm/v21_reliability_gate/checkpoint/mask_aware_stgnn_v2_full__temperature__120p0m.pt,8cc82b27d56707b41d9bc008edba0ba11446e8f1f2647b6f16039435523d7443,m3_final_option_a_inference_only:v1,TRUE_UNSEEN_WITH_EXISTING_CHECKPOINT
20s10w,2020-05-01 00:00:00,temperature,120.0,20.0664520264,16.3700796166,file-e47ee7c45a18a3975c48785e6e1eaa9cc7292e87cc188394bfdf3f18c84ba2d6|T_NaN_20s10w|8|2,test,mask_aware_stgnn_v2_full,artifacts/algorithm/v21_reliability_gate/checkpoint/mask_aware_stgnn_v2_full__temperature__120p0m.pt,8cc82b27d56707b41d9bc008edba0ba11446e8f1f2647b6f16039435523d7443,m3_final_option_a_inference_only:v1,TRUE_UNSEEN_WITH_EXISTING_CHECKPOINT
20s10w,2020-06-01 00:00:00,temperature,120.0,19.9893360138,16.3762277867,file-e47ee7c45a18a3975c48785e6e1eaa9cc7292e87cc188394bfdf3f18c84ba2d6|T_NaN_20s10w|8|3,test,mask_aware_stgnn_v2_full,artifacts/algorithm/v21_reliability_gate/checkpoint/mask_aware_stgnn_v2_full__temperature__120p0m.pt,8cc82b27d56707b41d9bc008edba0ba11446e8f1f2647b6f16039435523d7443,m3_final_option_a_inference_only:v1,TRUE_UNSEEN_WITH_EXISTING_CHECKPOINT
20s10w,2020-07-01 00:00:00,temperature,120.0,20.1819381714,16.3622122759,file-e47ee7c45a18a3975c48785e6e1eaa9cc7292e87cc188394bfdf3f18c84ba2d6|T_NaN_20s10w|8|4,test,mask_aware_stgnn_v2_full,artifacts/algorithm/v21_reliability_gate/checkpoint/mask_aware_stgnn_v2_full__temperature__120p0m.pt,8cc82b27d56707b41d9bc008edba0ba11446e8f1f2647b6f16039435523d7443,m3_final_option_a_inference_only:v1,TRUE_UNSEEN_WITH_EXISTING_CHECKPOINT
20s10w,2020-08-01 00:00:00,temperature,120.0,20.9358062744,16.3411810705,file-e47ee7c45a18a3975c48785e6e1eaa9cc7292e87cc188394bfdf3f18c84ba2d6|T_NaN_20s10w|8|5,test,mask_aware_stgnn_v2_full,artifacts/algorithm/v21_reliability_gate/checkpoint/mask_aware_stgnn_v2_full__temperature__120p0m.pt,8cc82b27d56707b41d9bc008edba0ba11446e8f1f2647b6f16039435523d7443,m3_final_option_a_inference_only:v1,TRUE_UNSEEN_WITH_EXISTING_CHECKPOINT
20s10w,2020-09-01 00:00:00,temperature,120.0,20.689666748,16.308556273,file-e47ee7c45a18a3975c48785e6e1eaa9cc7292e87cc188394bfdf3f18c84ba2d6|T_NaN_20s10w|8|6,test,mask_aware_stgnn_v2_full,artifacts/algorithm/v21_reliability_gate/checkpoint/mask_aware_stgnn_v2_full__temperature__120p0m.pt,8cc82b27d56707b41d9bc008edba0ba11446e8f1f2647b6f16039435523d7443,m3_final_option_a_inference_only:v1,TRUE_UNSEEN_WITH_EXISTING_CHECKPOINT
20s10w,2020-10-01 00:00:00,temperature,120.0,20.5258083344,16.2129197484,file-e47ee7c45a18a3975c48785e6e1eaa9cc7292e87cc188394bfdf3f18c84ba2d6|T_NaN_20s10w|8|7,test,mask_aware_stgnn_v2_full,artifacts/algorithm/v21_reliability_gate/checkpoint/mask_aware_stgnn_v2_full__temperature__120p0m.pt,8cc82b27d56707b41d9bc008edba0ba11446e8f1f2647b6f16039435523d7443,m3_final_option_a_inference_only:v1,TRUE_UNSEEN_WITH_EXISTING_CHECKPOINT
20s10w,2020-11-01 00:00:00,temperature,120.0,20.18633461,16.1429869984,file-e47ee7c45a18a3975c48785e6e1eaa9cc7292e87cc188394bfdf3f18c84ba2d6|T_NaN_20s10w|8|8,test,mask_aware_stgnn_v2_full,artifacts/algorithm/v21_reliability_gate/checkpoint/mask_aware_stgnn_v2_full__temperature__120p0m.pt,8cc82b27d56707b41d9bc008edba0ba11446e8f1f2647b6f16039435523d7443,m3_final_option_a_inference_only:v1,TRUE_UNSEEN_WITH_EXISTING_CHECKPOINT
20s10w,2020-12-01 00:00:00,temperature,120.0,19.8661308289,16.1133226898,file-e47ee7c45a18a3975c48785e6e1eaa9cc7292e87cc188394bfdf3f18c84ba2d6|T_NaN_20s10w|8|9,test,mask_aware_stgnn_v2_full,artifacts/algorithm/v21_reliability_gate/checkpoint/mask_aware_stgnn_v2_full__temperature__120p0m.pt,8cc82b27d56707b41d9bc008edba0ba11446e8f1f2647b6f16039435523d7443,m3_final_option_a_inference_only:v1,TRUE_UNSEEN_WITH_EXISTING_CHECKPOINT
20s10w,2021-01-01 00:00:00,temperature,120.0,19.8790302277,16.1009613378,file-e47ee7c45a18a3975c48785e6e1eaa9cc7292e87cc188394bfdf3f18c84ba2d6|T_NaN_20s10w|8|10,test,mask_aware_stgnn_v2_full,artifacts/algorithm/v21_reliability_gate/checkpoint/mask_aware_stgnn_v2_full__temperature__120p0m.pt,8cc82b27d56707b41d9bc008edba0ba11446e8f1f2647b6f16039435523d7443,m3_final_option_a_inference_only:v1,TRUE_UNSEEN_WITH_EXISTING_CHECKPOINT
20s10w,2021-02-01 00:00:00,temperature,120.0,20.0003566742,16.1362246605,file-e47ee7c45a18a3975c48785e6e1eaa9cc7292e87cc188394bfdf3f18c84ba2d6|T_NaN_20s10w|8|11,test,mask_aware_stgnn_v2_full,artifacts/algorithm/v21_reliability_gate/checkpoint/mask_aware_stgnn_v2_full__temperature__120p0m.pt,8cc82b27d56707b41d9bc008edba0ba11446e8f1f2647b6f16039435523d7443,m3_final_option_a_inference_only:v1,TRUE_UNSEEN_WITH_EXISTING_CHECKPOINT
20s10w,2021-03-01 00:00:00,temperature,120.0,20.0723285675,16.2175806334,file-e47ee7c45a18a3975c48785e6e1eaa9cc7292e87cc188394bfdf3f18c84ba2d6|T_NaN_20s10w|8|12,test,mask_aware_stgnn_v2_full,artifacts/algorithm/v21_reliability_gate/checkpoint/mask_aware_stgnn_v2_full__temperature__120p0m.pt,8cc82b27d56707b41d9bc008edba0ba11446e8f1f2647b6f16039435523d7443,m3_final_option_a_inference_only:v1,TRUE_UNSEEN_WITH_EXISTING_CHECKPOINT
20s10w,2021-04-01 00:00:00,temperature,120.0,19.1116676331,16.3286212874,file-e47ee7c45a18a3975c48785e6e1eaa9cc7292e87cc188394bfdf3f18c84ba2d6|T_NaN_20s10w|8|13,test,mask_aware_stgnn_v2_full,artifacts/algorithm/v21_reliability_gate/checkpoint/mask_aware_stgnn_v2_full__temperature__120p0m.pt,8cc82b27d56707b41d9bc008edba0ba11446e8f1f2647b6f16039435523d7443,m3_final_option_a_inference_only:v1,TRUE_UNSEEN_WITH_EXISTING_CHECKPOINT
20s10w,2021-05-01 00:00:00,temperature,120.0,19.0361309052,16.4286965981,file-e47ee7c45a18a3975c48785e6e1eaa9cc7292e87cc188394bfdf3f18c84ba2d6|T_NaN_20s10w|8|14,test,mask_aware_stgnn_v2_full,artifacts/algorithm/v21_reliability_gate/checkpoint/mask_aware_stgnn_v2_full__temperature__120p0m.pt,8cc82b27d56707b41d9bc008edba0ba11446e8f1f2647b6f16039435523d7443,m3_final_option_a_inference_only:v1,TRUE_UNSEEN_WITH_EXISTING_CHECKPOINT
20s10w,2021-06-01 00:00:00,temperature,120.0,18.6026668549,16.4163118778,file-e47ee7c45a18a3975c48785e6e1eaa9cc7292e87cc188394bfdf3f18c84ba2d6|T_NaN_20s10w|8|15,test,mask_aware_stgnn_v2_full,artifacts/algorithm/v21_reliability_gate/checkpoint/mask_aware_stgnn_v2_full__temperature__120p0m.pt,8cc82b27d56707b41d9bc008edba0ba11446e8f1f2647b6f16039435523d7443,m3_final_option_a_inference_only:v1,TRUE_UNSEEN_WITH_EXISTING_CHECKPOINT
20s10w,2021-07-01 00:00:00,temperature,120.0,19.0432262421,16.3297528543,file-e47ee7c45a18a3975c48785e6e1eaa9cc7292e87cc188394bfdf3f18c84ba2d6|T_NaN_20s10w|8|16,test,mask_aware_stgnn_v2_full,artifacts/algorithm/v21_reliability_gate/checkpoint/mask_aware_stgnn_v2_full__temperature__120p0m.pt,8cc82b27d56707b41d9bc008edba0ba11446e8f1f2647b6f16039435523d7443,m3_final_option_a_inference_only:v1,TRUE_UNSEEN_WITH_EXISTING_CHECKPOINT
20s10w,2021-08-01 00:00:00,temperature,120.0,20.5896167755,16.3070229504,file-e47ee7c45a18a3975c48785e6e1eaa9cc7292e87cc188394bfdf3f18c84ba2d6|T_NaN_20s10w|8|17,test,mask_aware_stgnn_v2_full,artifacts/algorithm/v21_reliability_gate/checkpoint/mask_aware_stgnn_v2_full__temperature__120p0m.pt,8cc82b27d56707b41d9bc008edba0ba11446e8f1f2647b6f16039435523d7443,m3_final_option_a_inference_only:v1,TRUE_UNSEEN_WITH_EXISTING_CHECKPOINT
20s10w,2022-03-01 00:00:00,temperature,120.0,19.3629417419,16.1336977841,file-e47ee7c45a18a3975c48785e6e1eaa9cc7292e87cc188394bfdf3f18c84ba2d6|T_NaN_20s10w|8|24,test,mask_aware_stgnn_v2_full,artifacts/algorithm/v21_reliability_gate/checkpoint/mask_aware_stgnn_v2_full__temperature__120p0m.pt,8cc82b27d56707b41d9bc008edba0ba11446e8f1f2647b6f16039435523d7443,m3_final_option_a_inference_only:v1,TRUE_UNSEEN_WITH_EXISTING_CHECKPOINT
20s10w,2022-04-01 00:00:00,temperature,120.0,19.2676677704,16.2402520166,file-e47ee7c45a18a3975c48785e6e1eaa9cc7292e87cc188394bfdf3f18c84ba2d6|T_NaN_20s10w|8|25,test,mask_aware_stgnn_v2_full,artifacts/algorithm/v21_reliability_gate/checkpoint/mask_aware_stgnn_v2_full__temperature__120p0m.pt,8cc82b27d56707b41d9bc008edba0ba11446e8f1f2647b6f16039435523d7443,m3_final_option_a_inference_only:v1,TRUE_UNSEEN_WITH_EXISTING_CHECKPOINT
20s10w,2022-05-01 00:00:00,temperature,120.0,19.5445156097,16.2858522341,file-e47ee7c45a18a3975c48785e6e1eaa9cc7292e87cc188394bfdf3f18c84ba2d6|T_NaN_20s10w|8|26,test,mask_aware_stgnn_v2_full,artifacts/algorithm/v21_reliability_gate/checkpoint/mask_aware_stgnn_v2_full__temperature__120p0m.pt,8cc82b27d56707b41d9bc008edba0ba11446e8f1f2647b6f16039435523d7443,m3_final_option_a_inference_only:v1,TRUE_UNSEEN_WITH_EXISTING_CHECKPOINT
20s10w,2022-06-01 00:00:00,temperature,120.0,19.2966651917,16.2501540007,file-e47ee7c45a18a3975c48785e6e1eaa9cc7292e87cc188394bfdf3f18c84ba2d6|T_NaN_20s10w|8|27,test,mask_aware_stgnn_v2_full,artifacts/algorithm/v21_reliability_gate/checkpoint/mask_aware_stgnn_v2_full__temperature__120p0m.pt,8cc82b27d56707b41d9bc008edba0ba11446e8f1f2647b6f16039435523d7443,m3_final_option_a_inference_only:v1,TRUE_UNSEEN_WITH_EXISTING_CHECKPOINT
20s10w,2022-07-01 00:00:00,temperature,120.0,19.8077430725,16.2404940886,file-e47ee7c45a18a3975c48785e6e1eaa9cc7292e87cc188394bfdf3f18c84ba2d6|T_NaN_20s10w|8|28,test,mask_aware_stgnn_v2_full,artifacts/algorithm/v21_reliability_gate/checkpoint/mask_aware_stgnn_v2_full__temperature__120p0m.pt,8cc82b27d56707b41d9bc008edba0ba11446e8f1f2647b6f16039435523d7443,m3_final_option_a_inference_only:v1,TRUE_UNSEEN_WITH_EXISTING_CHECKPOINT
20s10w,2022-08-01 00:00:00,temperature,120.0,20.453546524,16.2601884053,file-e47ee7c45a18a3975c48785e6e1eaa9cc7292e87cc188394bfdf3f18c84ba2d6|T_NaN_20s10w|8|29,test,mask_aware_stgnn_v2_full,artifacts/algorithm/v21_reliability_gate/checkpoint/mask_aware_stgnn_v2_full__temperature__120p0m.pt,8cc82b27d56707b41d9bc008edba0ba11446e8f1f2647b6f16039435523d7443,m3_final_option_a_inference_only:v1,TRUE_UNSEEN_WITH_EXISTING_CHECKPOINT
20s10w,2022-09-01 00:00:00,temperature,120.0,20.1616687775,16.1939349703,file-e47ee7c45a18a3975c48785e6e1eaa9cc7292e87cc188394bfdf3f18c84ba2d6|T_NaN_20s10w|8|30,test,mask_aware_stgnn_v2_full,artifacts/algorithm/v21_reliability_gate/checkpoint/mask_aware_stgnn_v2_full__temperature__120p0m.pt,8cc82b27d56707b41d9bc008edba0ba11446e8f1f2647b6f16039435523d7443,m3_final_option_a_inference_only:v1,TRUE_UNSEEN_WITH_EXISTING_CHECKPOINT
20s10w,2022-10-01 00:00:00,temperature,120.0,20.2503242493,16.1558675469,file-e47ee7c45a18a3975c48785e6e1eaa9cc7292e87cc188394bfdf3f18c84ba2d6|T_NaN_20s10w|8|31,test,mask_aware_stgnn_v2_full,artifacts/algorithm/v21_reliability_gate/checkpoint/mask_aware_stgnn_v2_full__temperature__120p0m.pt,8cc82b27d56707b41d9bc008edba0ba11446e8f1f2647b6f16039435523d7443,m3_final_option_a_inference_only:v1,TRUE_UNSEEN_WITH_EXISTING_CHECKPOINT
20s10w,2022-11-01 00:00:00,temperature,120.0,20.3129997253,16.204097801,file-e47ee7c45a18a3975c48785e6e1eaa9cc7292e87cc188394bfdf3f18c84ba2d6|T_NaN_20s10w|8|32,test,mask_aware_stgnn_v2_full,artifacts/algorithm/v21_reliability_gate/checkpoint/mask_aware_stgnn_v2_full__temperature__120p0m.pt,8cc82b27d56707b41d9bc008edba0ba11446e8f1f2647b6f16039435523d7443,m3_final_option_a_inference_only:v1,TRUE_UNSEEN_WITH_EXISTING_CHECKPOINT
20s10w,2022-12-01 00:00:00,temperature,120.0,20.0993537903,16.2319703372,file-e47ee7c45a18a3975c48785e6e1eaa9cc7292e87cc188394bfdf3f18c84ba2d6|T_NaN_20s10w|8|33,test,mask_aware_stgnn_v2_full,artifacts/algorithm/v21_reliability_gate/checkpoint/mask_aware_stgnn_v2_full__temperature__120p0m.pt,8cc82b27d56707b41d9bc008edba0ba11446e8f1f2647b6f16039435523d7443,m3_final_option_a_inference_only:v1,TRUE_UNSEEN_WITH_EXISTING_CHECKPOINT
20s10w,2023-01-01 00:00:00,temperature,120.0,19.5645141602,16.2202934579,file-e47ee7c45a18a3975c48785e6e1eaa9cc7292e87cc188394bfdf3f18c84ba2d6|T_NaN_20s10w|8|34,test,mask_aware_stgnn_v2_full,artifacts/algorithm/v21_reliability_gate/checkpoint/mask_aware_stgnn_v2_full__temperature__120p0m.pt,8cc82b27d56707b41d9bc008edba0ba11446e8f1f2647b6f16039435523d7443,m3_final_option_a_inference_only:v1,TRUE_UNSEEN_WITH_EXISTING_CHECKPOINT
20s10w,2023-02-01 00:00:00,temperature,120.0,19.2892856598,16.1950373767,file-e47ee7c45a18a3975c48785e6e1eaa9cc7292e87cc188394bfdf3f18c84ba2d6|T_NaN_20s10w|8|35,test,mask_aware_stgnn_v2_full,artifacts/algorithm/v21_reliability_gate/checkpoint/mask_aware_stgnn_v2_full__temperature__120p0m.pt,8cc82b27d56707b41d9bc008edba0ba11446e8f1f2647b6f16039435523d7443,m3_final_option_a_inference_only:v1,TRUE_UNSEEN_WITH_EXISTING_CHECKPOINT
20s10w,2023-03-01 00:00:00,temperature,120.0,19.1944465637,16.1531759936,file-e47ee7c45a18a3975c48785e6e1eaa9cc7292e87cc188394bfdf3f18c84ba2d6|T_NaN_20s10w|8|36,test,mask_aware_stgnn_v2_full,artifacts/algorithm/v21_reliability_gate/checkpoint/mask_aware_stgnn_v2_full__temperature__120p0m.pt,8cc82b27d56707b41d9bc008edba0ba11446e8f1f2647b6f16039435523d7443,m3_final_option_a_inference_only:v1,TRUE_UNSEEN_WITH_EXISTING_CHECKPOINT
20s10w,2024-03-01 00:00:00,temperature,120.0,19.2288227081,16.2286519332,file-e47ee7c45a18a3975c48785e6e1eaa9cc7292e87cc188394bfdf3f18c84ba2d6|T_NaN_20s10w|8|48,test,mask_aware_stgnn_v2_full,artifacts/algorithm/v21_reliability_gate/checkpoint/mask_aware_stgnn_v2_full__temperature__120p0m.pt,8cc82b27d56707b41d9bc008edba0ba11446e8f1f2647b6f16039435523d7443,m3_final_option_a_inference_only:v1,TRUE_UNSEEN_WITH_EXISTING_CHECKPOINT
20s10w,2024-04-01 00:00:00,temperature,120.0,19.2616653442,16.3370283969,file-e47ee7c45a18a3975c48785e6e1eaa9cc7292e87cc188394bfdf3f18c84ba2d6|T_NaN_20s10w|8|49,test,mask_aware_stgnn_v2_full,artifacts/algorithm/v21_reliability_gate/checkpoint/mask_aware_stgnn_v2_full__temperature__120p0m.pt,8cc82b27d56707b41d9bc008edba0ba11446e8f1f2647b6f16039435523d7443,m3_final_option_a_inference_only:v1,TRUE_UNSEEN_WITH_EXISTING_CHECKPOINT
20s10w,2024-05-01 00:00:00,temperature,120.0,19.4380645752,16.3886905013,file-e47ee7c45a18a3975c48785e6e1eaa9cc7292e87cc188394bfdf3f18c84ba2d6|T_NaN_20s10w|8|50,test,mask_aware_stgnn_v2_full,artifacts/algorithm/v21_reliability_gate/checkpoint/mask_aware_stgnn_v2_full__temperature__120p0m.pt,8cc82b27d56707b41d9bc008edba0ba11446e8f1f2647b6f16039435523d7443,m3_final_option_a_inference_only:v1,TRUE_UNSEEN_WITH_EXISTING_CHECKPOINT
20s10w,2024-06-01 00:00:00,temperature,120.0,19.24766922,16.3802712083,file-e47ee7c45a18a3975c48785e6e1eaa9cc7292e87cc188394bfdf3f18c84ba2d6|T_NaN_20s10w|8|51,test,mask_aware_stgnn_v2_full,artifacts/algorithm/v21_reliability_gate/checkpoint/mask_aware_stgnn_v2_full__temperature__120p0m.pt,8cc82b27d56707b41d9bc008edba0ba11446e8f1f2647b6f16039435523d7443,m3_final_option_a_inference_only:v1,TRUE_UNSEEN_WITH_EXISTING_CHECKPOINT
20s10w,2024-07-01 00:00:00,temperature,120.0,19.8816127777,16.3491033368,file-e47ee7c45a18a3975c48785e6e1eaa9cc7292e87cc188394bfdf3f18c84ba2d6|T_NaN_20s10w|8|52,test,mask_aware_stgnn_v2_full,artifacts/algorithm/v21_reliability_gate/checkpoint/mask_aware_stgnn_v2_full__temperature__120p0m.pt,8cc82b27d56707b41d9bc008edba0ba11446e8f1f2647b6f16039435523d7443,m3_final_option_a_inference_only:v1,TRUE_UNSEEN_WITH_EXISTING_CHECKPOINT
20s10w,2020-03-01 00:00:00,salinity,1.0,36.5608863831,35.4894343171,file-f41657e1157275f9f90e6801da90976988fcbba3938b6e525b0830d4dc9ef138|S_NaN_20s10w|0|0,test,mask_aware_stgnn_v2_full,artifacts/algorithm/v21_reliability_gate/checkpoint/mask_aware_stgnn_v2_full__salinity__1p0m.pt,9f9ad973b287d8cb100f4c2d7e83dcf411eef55b095a9dd97c0970bfb6031ca7,m3_final_option_a_inference_only:v1,TRUE_UNSEEN_WITH_EXISTING_CHECKPOINT
20s10w,2020-04-01 00:00:00,salinity,1.0,36.5688018799,35.4913098776,file-f41657e1157275f9f90e6801da90976988fcbba3938b6e525b0830d4dc9ef138|S_NaN_20s10w|0|1,test,mask_aware_stgnn_v2_full,artifacts/algorithm/v21_reliability_gate/checkpoint/mask_aware_stgnn_v2_full__salinity__1p0m.pt,9f9ad973b287d8cb100f4c2d7e83dcf411eef55b095a9dd97c0970bfb6031ca7,m3_final_option_a_inference_only:v1,TRUE_UNSEEN_WITH_EXISTING_CHECKPOINT
20s10w,2020-05-01 00:00:00,salinity,1.0,36.6508026123,35.5083322568,file-f41657e1157275f9f90e6801da90976988fcbba3938b6e525b0830d4dc9ef138|S_NaN_20s10w|0|2,test,mask_aware_stgnn_v2_full,artifacts/algorithm/v21_reliability_gate/checkpoint/mask_aware_stgnn_v2_full__salinity__1p0m.pt,9f9ad973b287d8cb100f4c2d7e83dcf411eef55b095a9dd97c0970bfb6031ca7,m3_final_option_a_inference_only:v1,TRUE_UNSEEN_WITH_EXISTING_CHECKPOINT
20s10w,2020-06-01 00:00:00,salinity,1.0,36.5668334961,35.5198159715,file-f41657e1157275f9f90e6801da90976988fcbba3938b6e525b0830d4dc9ef138|S_NaN_20s10w|0|3,test,mask_aware_stgnn_v2_full,artifacts/algorithm/v21_reliability_gate/checkpoint/mask_aware_stgnn_v2_full__salinity__1p0m.pt,9f9ad973b287d8cb100f4c2d7e83dcf411eef55b095a9dd97c0970bfb6031ca7,m3_final_option_a_inference_only:v1,TRUE_UNSEEN_WITH_EXISTING_CHECKPOINT
20s10w,2020-07-01 00:00:00,salinity,1.0,36.5132255554,35.5286073598,file-f41657e1157275f9f90e6801da90976988fcbba3938b6e525b0830d4dc9ef138|S_NaN_20s10w|0|4,test,mask_aware_stgnn_v2_full,artifacts/algorithm/v21_reliability_gate/checkpoint/mask_aware_stgnn_v2_full__salinity__1p0m.pt,9f9ad973b287d8cb100f4c2d7e83dcf411eef55b095a9dd97c0970bfb6031ca7,m3_final_option_a_inference_only:v1,TRUE_UNSEEN_WITH_EXISTING_CHECKPOINT
20s10w,2020-08-01 00:00:00,salinity,1.0,36.4718055725,35.5133343349,file-f41657e1157275f9f90e6801da90976988fcbba3938b6e525b0830d4dc9ef138|S_NaN_20s10w|0|5,test,mask_aware_stgnn_v2_full,artifacts/algorithm/v21_reliability_gate/checkpoint/mask_aware_stgnn_v2_full__salinity__1p0m.pt,9f9ad973b287d8cb100f4c2d7e83dcf411eef55b095a9dd97c0970bfb6031ca7,m3_final_option_a_inference_only:v1,TRUE_UNSEEN_WITH_EXISTING_CHECKPOINT
20s10w,2020-09-01 00:00:00,salinity,1.0,36.5107955933,35.4734489374,file-f41657e1157275f9f90e6801da90976988fcbba3938b6e525b0830d4dc9ef138|S_NaN_20s10w|0|6,test,mask_aware_stgnn_v2_full,artifacts/algorithm/v21_reliability_gate/checkpoint/mask_aware_stgnn_v2_full__salinity__1p0m.pt,9f9ad973b287d8cb100f4c2d7e83dcf411eef55b095a9dd97c0970bfb6031ca7,m3_final_option_a_inference_only:v1,TRUE_UNSEEN_WITH_EXISTING_CHECKPOINT
20s10w,2020-10-01 00:00:00,salinity,1.0,36.5158348083,35.4248107972,file-f41657e1157275f9f90e6801da90976988fcbba3938b6e525b0830d4dc9ef138|S_NaN_20s10w|0|7,test,mask_aware_stgnn_v2_full,artifacts/algorithm/v21_reliability_gate/checkpoint/mask_aware_stgnn_v2_full__salinity__1p0m.pt,9f9ad973b287d8cb100f4c2d7e83dcf411eef55b095a9dd97c0970bfb6031ca7,m3_final_option_a_inference_only:v1,TRUE_UNSEEN_WITH_EXISTING_CHECKPOINT
20s10w,2020-11-01 00:00:00,salinity,1.0,36.4882354736,35.4065205347,file-f41657e1157275f9f90e6801da90976988fcbba3938b6e525b0830d4dc9ef138|S_NaN_20s10w|0|8,test,mask_aware_stgnn_v2_full,artifacts/algorithm/v21_reliability_gate/checkpoint/mask_aware_stgnn_v2_full__salinity__1p0m.pt,9f9ad973b287d8cb100f4c2d7e83dcf411eef55b095a9dd97c0970bfb6031ca7,m3_final_option_a_inference_only:v1,TRUE_UNSEEN_WITH_EXISTING_CHECKPOINT
20s10w,2020-12-01 00:00:00,salinity,1.0,36.4024848938,35.4261826353,file-f41657e1157275f9f90e6801da90976988fcbba3938b6e525b0830d4dc9ef138|S_NaN_20s10w|0|9,test,mask_aware_stgnn_v2_full,artifacts/algorithm/v21_reliability_gate/checkpoint/mask_aware_stgnn_v2_full__salinity__1p0m.pt,9f9ad973b287d8cb100f4c2d7e83dcf411eef55b095a9dd97c0970bfb6031ca7,m3_final_option_a_inference_only:v1,TRUE_UNSEEN_WITH_EXISTING_CHECKPOINT
20s10w,2021-01-01 00:00:00,salinity,1.0,36.4299697876,35.4393501287,file-f41657e1157275f9f90e6801da90976988fcbba3938b6e525b0830d4dc9ef138|S_NaN_20s10w|0|10,test,mask_aware_stgnn_v2_full,artifacts/algorithm/v21_reliability_gate/checkpoint/mask_aware_stgnn_v2_full__salinity__1p0m.pt,9f9ad973b287d8cb100f4c2d7e83dcf411eef55b095a9dd97c0970bfb6031ca7,m3_final_option_a_inference_only:v1,TRUE_UNSEEN_WITH_EXISTING_CHECKPOINT
20s10w,2021-02-01 00:00:00,salinity,1.0,36.4297218323,35.4553636176,file-f41657e1157275f9f90e6801da90976988fcbba3938b6e525b0830d4dc9ef138|S_NaN_20s10w|0|11,test,mask_aware_stgnn_v2_full,artifacts/algorithm/v21_reliability_gate/checkpoint/mask_aware_stgnn_v2_full__salinity__1p0m.pt,9f9ad973b287d8cb100f4c2d7e83dcf411eef55b095a9dd97c0970bfb6031ca7,m3_final_option_a_inference_only:v1,TRUE_UNSEEN_WITH_EXISTING_CHECKPOINT
20s10w,2021-03-01 00:00:00,salinity,1.0,36.5314369202,35.4622288182,file-f41657e1157275f9f90e6801da90976988fcbba3938b6e525b0830d4dc9ef138|S_NaN_20s10w|0|12,test,mask_aware_stgnn_v2_full,artifacts/algorithm/v21_reliability_gate/checkpoint/mask_aware_stgnn_v2_full__salinity__1p0m.pt,9f9ad973b287d8cb100f4c2d7e83dcf411eef55b095a9dd97c0970bfb6031ca7,m3_final_option_a_inference_only:v1,TRUE_UNSEEN_WITH_EXISTING_CHECKPOINT
20s10w,2021-04-01 00:00:00,salinity,1.0,36.3709602356,35.4534070005,file-f41657e1157275f9f90e6801da90976988fcbba3938b6e525b0830d4dc9ef138|S_NaN_20s10w|0|13,test,mask_aware_stgnn_v2_full,artifacts/algorithm/v21_reliability_gate/checkpoint/mask_aware_stgnn_v2_full__salinity__1p0m.pt,9f9ad973b287d8cb100f4c2d7e83dcf411eef55b095a9dd97c0970bfb6031ca7,m3_final_option_a_inference_only:v1,TRUE_UNSEEN_WITH_EXISTING_CHECKPOINT
20s10w,2021-05-01 00:00:00,salinity,1.0,36.4761619568,35.4905944039,file-f41657e1157275f9f90e6801da90976988fcbba3938b6e525b0830d4dc9ef138|S_NaN_20s10w|0|14,test,mask_aware_stgnn_v2_full,artifacts/algorithm/v21_reliability_gate/checkpoint/mask_aware_stgnn_v2_full__salinity__1p0m.pt,9f9ad973b287d8cb100f4c2d7e83dcf411eef55b095a9dd97c0970bfb6031ca7,m3_final_option_a_inference_only:v1,TRUE_UNSEEN_WITH_EXISTING_CHECKPOINT
20s10w,2021-06-01 00:00:00,salinity,1.0,36.4722328186,35.5175688287,file-f41657e1157275f9f90e6801da90976988fcbba3938b6e525b0830d4dc9ef138|S_NaN_20s10w|0|15,test,mask_aware_stgnn_v2_full,artifacts/algorithm/v21_reliability_gate/checkpoint/mask_aware_stgnn_v2_full__salinity__1p0m.pt,9f9ad973b287d8cb100f4c2d7e83dcf411eef55b095a9dd97c0970bfb6031ca7,m3_final_option_a_inference_only:v1,TRUE_UNSEEN_WITH_EXISTING_CHECKPOINT
20s10w,2021-07-01 00:00:00,salinity,1.0,36.5086174011,35.5302187542,file-f41657e1157275f9f90e6801da90976988fcbba3938b6e525b0830d4dc9ef138|S_NaN_20s10w|0|16,test,mask_aware_stgnn_v2_full,artifacts/algorithm/v21_reliability_gate/checkpoint/mask_aware_stgnn_v2_full__salinity__1p0m.pt,9f9ad973b287d8cb100f4c2d7e83dcf411eef55b095a9dd97c0970bfb6031ca7,m3_final_option_a_inference_only:v1,TRUE_UNSEEN_WITH_EXISTING_CHECKPOINT
20s10w,2021-08-01 00:00:00,salinity,1.0,36.6067314148,35.5286377132,file-f41657e1157275f9f90e6801da90976988fcbba3938b6e525b0830d4dc9ef138|S_NaN_20s10w|0|17,test,mask_aware_stgnn_v2_full,artifacts/algorithm/v21_reliability_gate/checkpoint/mask_aware_stgnn_v2_full__salinity__1p0m.pt,9f9ad973b287d8cb100f4c2d7e83dcf411eef55b095a9dd97c0970bfb6031ca7,m3_final_option_a_inference_only:v1,TRUE_UNSEEN_WITH_EXISTING_CHECKPOINT
20s10w,2022-03-01 00:00:00,salinity,1.0,36.6894721985,35.4910872858,file-f41657e1157275f9f90e6801da90976988fcbba3938b6e525b0830d4dc9ef138|S_NaN_20s10w|0|24,test,mask_aware_stgnn_v2_full,artifacts/algorithm/v21_reliability_gate/checkpoint/mask_aware_stgnn_v2_full__salinity__1p0m.pt,9f9ad973b287d8cb100f4c2d7e83dcf411eef55b095a9dd97c0970bfb6031ca7,m3_final_option_a_inference_only:v1,TRUE_UNSEEN_WITH_EXISTING_CHECKPOINT
20s10w,2022-04-01 00:00:00,salinity,1.0,36.630027771,35.4816099024,file-f41657e1157275f9f90e6801da90976988fcbba3938b6e525b0830d4dc9ef138|S_NaN_20s10w|0|25,test,mask_aware_stgnn_v2_full,artifacts/algorithm/v21_reliability_gate/checkpoint/mask_aware_stgnn_v2_full__salinity__1p0m.pt,9f9ad973b287d8cb100f4c2d7e83dcf411eef55b095a9dd97c0970bfb6031ca7,m3_final_option_a_inference_only:v1,TRUE_UNSEEN_WITH_EXISTING_CHECKPOINT
20s10w,2022-05-01 00:00:00,salinity,1.0,36.491230011,35.5027770844,file-f41657e1157275f9f90e6801da90976988fcbba3938b6e525b0830d4dc9ef138|S_NaN_20s10w|0|26,test,mask_aware_stgnn_v2_full,artifacts/algorithm/v21_reliability_gate/checkpoint/mask_aware_stgnn_v2_full__salinity__1p0m.pt,9f9ad973b287d8cb100f4c2d7e83dcf411eef55b095a9dd97c0970bfb6031ca7,m3_final_option_a_inference_only:v1,TRUE_UNSEEN_WITH_EXISTING_CHECKPOINT
20s10w,2022-06-01 00:00:00,salinity,1.0,36.5307655334,35.5165143703,file-f41657e1157275f9f90e6801da90976988fcbba3938b6e525b0830d4dc9ef138|S_NaN_20s10w|0|27,test,mask_aware_stgnn_v2_full,artifacts/algorithm/v21_reliability_gate/checkpoint/mask_aware_stgnn_v2_full__salinity__1p0m.pt,9f9ad973b287d8cb100f4c2d7e83dcf411eef55b095a9dd97c0970bfb6031ca7,m3_final_option_a_inference_only:v1,TRUE_UNSEEN_WITH_EXISTING_CHECKPOINT
20s10w,2022-07-01 00:00:00,salinity,1.0,36.4901275635,35.5217211628,file-f41657e1157275f9f90e6801da90976988fcbba3938b6e525b0830d4dc9ef138|S_NaN_20s10w|0|28,test,mask_aware_stgnn_v2_full,artifacts/algorithm/v21_reliability_gate/checkpoint/mask_aware_stgnn_v2_full__salinity__1p0m.pt,9f9ad973b287d8cb100f4c2d7e83dcf411eef55b095a9dd97c0970bfb6031ca7,m3_final_option_a_inference_only:v1,TRUE_UNSEEN_WITH_EXISTING_CHECKPOINT
20s10w,2022-08-01 00:00:00,salinity,1.0,36.3826828003,35.4987280964,file-f41657e1157275f9f90e6801da90976988fcbba3938b6e525b0830d4dc9ef138|S_NaN_20s10w|0|29,test,mask_aware_stgnn_v2_full,artifacts/algorithm/v21_reliability_gate/checkpoint/mask_aware_stgnn_v2_full__salinity__1p0m.pt,9f9ad973b287d8cb100f4c2d7e83dcf411eef55b095a9dd97c0970bfb6031ca7,m3_final_option_a_inference_only:v1,TRUE_UNSEEN_WITH_EXISTING_CHECKPOINT
20s10w,2022-09-01 00:00:00,salinity,1.0,36.3432350159,35.4795568998,file-f41657e1157275f9f90e6801da90976988fcbba3938b6e525b0830d4dc9ef138|S_NaN_20s10w|0|30,test,mask_aware_stgnn_v2_full,artifacts/algorithm/v21_reliability_gate/checkpoint/mask_aware_stgnn_v2_full__salinity__1p0m.pt,9f9ad973b287d8cb100f4c2d7e83dcf411eef55b095a9dd97c0970bfb6031ca7,m3_final_option_a_inference_only:v1,TRUE_UNSEEN_WITH_EXISTING_CHECKPOINT
20s10w,2022-10-01 00:00:00,salinity,1.0,36.3956756592,35.4651868704,file-f41657e1157275f9f90e6801da90976988fcbba3938b6e525b0830d4dc9ef138|S_NaN_20s10w|0|31,test,mask_aware_stgnn_v2_full,artifacts/algorithm/v21_reliability_gate/checkpoint/mask_aware_stgnn_v2_full__salinity__1p0m.pt,9f9ad973b287d8cb100f4c2d7e83dcf411eef55b095a9dd97c0970bfb6031ca7,m3_final_option_a_inference_only:v1,TRUE_UNSEEN_WITH_EXISTING_CHECKPOINT
20s10w,2022-11-01 00:00:00,salinity,1.0,36.4704704285,35.4576654575,file-f41657e1157275f9f90e6801da90976988fcbba3938b6e525b0830d4dc9ef138|S_NaN_20s10w|0|32,test,mask_aware_stgnn_v2_full,artifacts/algorithm/v21_reliability_gate/checkpoint/mask_aware_stgnn_v2_full__salinity__1p0m.pt,9f9ad973b287d8cb100f4c2d7e83dcf411eef55b095a9dd97c0970bfb6031ca7,m3_final_option_a_inference_only:v1,TRUE_UNSEEN_WITH_EXISTING_CHECKPOINT
20s10w,2022-12-01 00:00:00,salinity,1.0,36.5094490051,35.4413391913,file-f41657e1157275f9f90e6801da90976988fcbba3938b6e525b0830d4dc9ef138|S_NaN_20s10w|0|33,test,mask_aware_stgnn_v2_full,artifacts/algorithm/v21_reliability_gate/checkpoint/mask_aware_stgnn_v2_full__salinity__1p0m.pt,9f9ad973b287d8cb100f4c2d7e83dcf411eef55b095a9dd97c0970bfb6031ca7,m3_final_option_a_inference_only:v1,TRUE_UNSEEN_WITH_EXISTING_CHECKPOINT
20s10w,2023-01-01 00:00:00,salinity,1.0,36.474067688,35.4690245254,file-f41657e1157275f9f90e6801da90976988fcbba3938b6e525b0830d4dc9ef138|S_NaN_20s10w|0|34,test,mask_aware_stgnn_v2_full,artifacts/algorithm/v21_reliability_gate/checkpoint/mask_aware_stgnn_v2_full__salinity__1p0m.pt,9f9ad973b287d8cb100f4c2d7e83dcf411eef55b095a9dd97c0970bfb6031ca7,m3_final_option_a_inference_only:v1,TRUE_UNSEEN_WITH_EXISTING_CHECKPOINT
20s10w,2023-02-01 00:00:00,salinity,1.0,36.4992103577,35.490752333,file-f41657e1157275f9f90e6801da90976988fcbba3938b6e525b0830d4dc9ef138|S_NaN_20s10w|0|35,test,mask_aware_stgnn_v2_full,artifacts/algorithm/v21_reliability_gate/checkpoint/mask_aware_stgnn_v2_full__salinity__1p0m.pt,9f9ad973b287d8cb100f4c2d7e83dcf411eef55b095a9dd97c0970bfb6031ca7,m3_final_option_a_inference_only:v1,TRUE_UNSEEN_WITH_EXISTING_CHECKPOINT
20s10w,2023-03-01 00:00:00,salinity,1.0,36.6847343445,35.4765846218,file-f41657e1157275f9f90e6801da90976988fcbba3938b6e525b0830d4dc9ef138|S_NaN_20s10w|0|36,test,mask_aware_stgnn_v2_full,artifacts/algorithm/v21_reliability_gate/checkpoint/mask_aware_stgnn_v2_full__salinity__1p0m.pt,9f9ad973b287d8cb100f4c2d7e83dcf411eef55b095a9dd97c0970bfb6031ca7,m3_final_option_a_inference_only:v1,TRUE_UNSEEN_WITH_EXISTING_CHECKPOINT
20s10w,2023-04-01 00:00:00,salinity,1.0,36.7445640564,35.4650124333,file-f41657e1157275f9f90e6801da90976988fcbba3938b6e525b0830d4dc9ef138|S_NaN_20s10w|0|37,test,mask_aware_stgnn_v2_full,artifacts/algorithm/v21_reliability_gate/checkpoint/mask_aware_stgnn_v2_full__salinity__1p0m.pt,9f9ad973b287d8cb100f4c2d7e83dcf411eef55b095a9dd97c0970bfb6031ca7,m3_final_option_a_inference_only:v1,TRUE_UNSEEN_WITH_EXISTING_CHECKPOINT
20s10w,2023-05-01 00:00:00,salinity,1.0,36.6906738281,35.4863610131,file-f41657e1157275f9f90e6801da90976988fcbba3938b6e525b0830d4dc9ef138|S_NaN_20s10w|0|38,test,mask_aware_stgnn_v2_full,artifacts/algorithm/v21_reliability_gate/checkpoint/mask_aware_stgnn_v2_full__salinity__1p0m.pt,9f9ad973b287d8cb100f4c2d7e83dcf411eef55b095a9dd97c0970bfb6031ca7,m3_final_option_a_inference_only:v1,TRUE_UNSEEN_WITH_EXISTING_CHECKPOINT
20s10w,2023-06-01 00:00:00,salinity,1.0,36.6459617615,35.5127581141,file-f41657e1157275f9f90e6801da90976988fcbba3938b6e525b0830d4dc9ef138|S_NaN_20s10w|0|39,test,mask_aware_stgnn_v2_full,artifacts/algorithm/v21_reliability_gate/checkpoint/mask_aware_stgnn_v2_full__salinity__1p0m.pt,9f9ad973b287d8cb100f4c2d7e83dcf411eef55b095a9dd97c0970bfb6031ca7,m3_final_option_a_inference_only:v1,TRUE_UNSEEN_WITH_EXISTING_CHECKPOINT
20s10w,2023-07-01 00:00:00,salinity,1.0,36.6616439819,35.512776486,file-f41657e1157275f9f90e6801da90976988fcbba3938b6e525b0830d4dc9ef138|S_NaN_20s10w|0|40,test,mask_aware_stgnn_v2_full,artifacts/algorithm/v21_reliability_gate/checkpoint/mask_aware_stgnn_v2_full__salinity__1p0m.pt,9f9ad973b287d8cb100f4c2d7e83dcf411eef55b095a9dd97c0970bfb6031ca7,m3_final_option_a_inference_only:v1,TRUE_UNSEEN_WITH_EXISTING_CHECKPOINT
20s10w,2023-08-01 00:00:00,salinity,1.0,36.5693588257,35.499357835,file-f41657e1157275f9f90e6801da90976988fcbba3938b6e525b0830d4dc9ef138|S_NaN_20s10w|0|41,test,mask_aware_stgnn_v2_full,artifacts/algorithm/v21_reliability_gate/checkpoint/mask_aware_stgnn_v2_full__salinity__1p0m.pt,9f9ad973b287d8cb100f4c2d7e83dcf411eef55b095a9dd97c0970bfb6031ca7,m3_final_option_a_inference_only:v1,TRUE_UNSEEN_WITH_EXISTING_CHECKPOINT
20s10w,2023-09-01 00:00:00,salinity,1.0,36.4435997009,35.4660927567,file-f41657e1157275f9f90e6801da90976988fcbba3938b6e525b0830d4dc9ef138|S_NaN_20s10w|0|42,test,mask_aware_stgnn_v2_full,artifacts/algorithm/v21_reliability_gate/checkpoint/mask_aware_stgnn_v2_full__salinity__1p0m.pt,9f9ad973b287d8cb100f4c2d7e83dcf411eef55b095a9dd97c0970bfb6031ca7,m3_final_option_a_inference_only:v1,TRUE_UNSEEN_WITH_EXISTING_CHECKPOINT
20s10w,2023-10-01 00:00:00,salinity,1.0,36.4519042969,35.413091482,file-f41657e1157275f9f90e6801da90976988fcbba3938b6e525b0830d4dc9ef138|S_NaN_20s10w|0|43,test,mask_aware_stgnn_v2_full,artifacts/algorithm/v21_reliability_gate/checkpoint/mask_aware_stgnn_v2_full__salinity__1p0m.pt,9f9ad973b287d8cb100f4c2d7e83dcf411eef55b095a9dd97c0970bfb6031ca7,m3_final_option_a_inference_only:v1,TRUE_UNSEEN_WITH_EXISTING_CHECKPOINT
20s10w,2023-11-01 00:00:00,salinity,1.0,36.5011978149,35.3892458189,file-f41657e1157275f9f90e6801da90976988fcbba3938b6e525b0830d4dc9ef138|S_NaN_20s10w|0|44,test,mask_aware_stgnn_v2_full,artifacts/algorithm/v21_reliability_gate/checkpoint/mask_aware_stgnn_v2_full__salinity__1p0m.pt,9f9ad973b287d8cb100f4c2d7e83dcf411eef55b095a9dd97c0970bfb6031ca7,m3_final_option_a_inference_only:v1,TRUE_UNSEEN_WITH_EXISTING_CHECKPOINT
20s10w,2023-12-01 00:00:00,salinity,1.0,36.5625152588,35.4119350847,file-f41657e1157275f9f90e6801da90976988fcbba3938b6e525b0830d4dc9ef138|S_NaN_20s10w|0|45,test,mask_aware_stgnn_v2_full,artifacts/algorithm/v21_reliability_gate/checkpoint/mask_aware_stgnn_v2_full__salinity__1p0m.pt,9f9ad973b287d8cb100f4c2d7e83dcf411eef55b095a9dd97c0970bfb6031ca7,m3_final_option_a_inference_only:v1,TRUE_UNSEEN_WITH_EXISTING_CHECKPOINT
20s10w,2024-01-01 00:00:00,salinity,1.0,36.6504173279,35.4323892654,file-f41657e1157275f9f90e6801da90976988fcbba3938b6e525b0830d4dc9ef138|S_NaN_20s10w|0|46,test,mask_aware_stgnn_v2_full,artifacts/algorithm/v21_reliability_gate/checkpoint/mask_aware_stgnn_v2_full__salinity__1p0m.pt,9f9ad973b287d8cb100f4c2d7e83dcf411eef55b095a9dd97c0970bfb6031ca7,m3_final_option_a_inference_only:v1,TRUE_UNSEEN_WITH_EXISTING_CHECKPOINT
20s10w,2024-02-01 00:00:00,salinity,1.0,36.7150650024,35.438774897,file-f41657e1157275f9f90e6801da90976988fcbba3938b6e525b0830d4dc9ef138|S_NaN_20s10w|0|47,test,mask_aware_stgnn_v2_full,artifacts/algorithm/v21_reliability_gate/checkpoint/mask_aware_stgnn_v2_full__salinity__1p0m.pt,9f9ad973b287d8cb100f4c2d7e83dcf411eef55b095a9dd97c0970bfb6031ca7,m3_final_option_a_inference_only:v1,TRUE_UNSEEN_WITH_EXISTING_CHECKPOINT
20s10w,2024-03-01 00:00:00,salinity,1.0,36.8503990173,35.4584840873,file-f41657e1157275f9f90e6801da90976988fcbba3938b6e525b0830d4dc9ef138|S_NaN_20s10w|0|48,test,mask_aware_stgnn_v2_full,artifacts/algorithm/v21_reliability_gate/checkpoint/mask_aware_stgnn_v2_full__salinity__1p0m.pt,9f9ad973b287d8cb100f4c2d7e83dcf411eef55b095a9dd97c0970bfb6031ca7,m3_final_option_a_inference_only:v1,TRUE_UNSEEN_WITH_EXISTING_CHECKPOINT
20s10w,2024-04-01 00:00:00,salinity,1.0,36.8331069946,35.4704559293,file-f41657e1157275f9f90e6801da90976988fcbba3938b6e525b0830d4dc9ef138|S_NaN_20s10w|0|49,test,mask_aware_stgnn_v2_full,artifacts/algorithm/v21_reliability_gate/checkpoint/mask_aware_stgnn_v2_full__salinity__1p0m.pt,9f9ad973b287d8cb100f4c2d7e83dcf411eef55b095a9dd97c0970bfb6031ca7,m3_final_option_a_inference_only:v1,TRUE_UNSEEN_WITH_EXISTING_CHECKPOINT
20s10w,2024-05-01 00:00:00,salinity,1.0,36.8253860474,35.5025024201,file-f41657e1157275f9f90e6801da90976988fcbba3938b6e525b0830d4dc9ef138|S_NaN_20s10w|0|50,test,mask_aware_stgnn_v2_full,artifacts/algorithm/v21_reliability_gate/checkpoint/mask_aware_stgnn_v2_full__salinity__1p0m.pt,9f9ad973b287d8cb100f4c2d7e83dcf411eef55b095a9dd97c0970bfb6031ca7,m3_final_option_a_inference_only:v1,TRUE_UNSEEN_WITH_EXISTING_CHECKPOINT
20s10w,2024-06-01 00:00:00,salinity,1.0,36.6586074829,35.5249717947,file-f41657e1157275f9f90e6801da90976988fcbba3938b6e525b0830d4dc9ef138|S_NaN_20s10w|0|51,test,mask_aware_stgnn_v2_full,artifacts/algorithm/v21_reliability_gate/checkpoint/mask_aware_stgnn_v2_full__salinity__1p0m.pt,9f9ad973b287d8cb100f4c2d7e83dcf411eef55b095a9dd97c0970bfb6031ca7,m3_final_option_a_inference_only:v1,TRUE_UNSEEN_WITH_EXISTING_CHECKPOINT
20s10w,2024-07-01 00:00:00,salinity,1.0,36.701625824,35.5248776154,file-f41657e1157275f9f90e6801da90976988fcbba3938b6e525b0830d4dc9ef138|S_NaN_20s10w|0|52,test,mask_aware_stgnn_v2_full,artifacts/algorithm/v21_reliability_gate/checkpoint/mask_aware_stgnn_v2_full__salinity__1p0m.pt,9f9ad973b287d8cb100f4c2d7e83dcf411eef55b095a9dd97c0970bfb6031ca7,m3_final_option_a_inference_only:v1,TRUE_UNSEEN_WITH_EXISTING_CHECKPOINT
20s10w,2020-03-01 00:00:00,salinity,20.0,36.5886230469,35.962983369,file-f41657e1157275f9f90e6801da90976988fcbba3938b6e525b0830d4dc9ef138|S_NaN_20s10w|3|0,test,mask_aware_stgnn_v2_full,artifacts/algorithm/v21_reliability_gate/checkpoint/mask_aware_stgnn_v2_full__salinity__20p0m.pt,56441f1f1ddb86e29971713034ba0bc0d830b46c029c4aaa9cfb735b9e859df9,m3_final_option_a_inference_only:v1,TRUE_UNSEEN_WITH_EXISTING_CHECKPOINT
20s10w,2020-07-01 00:00:00,salinity,20.0,36.5063972473,35.9150301764,file-f41657e1157275f9f90e6801da90976988fcbba3938b6e525b0830d4dc9ef138|S_NaN_20s10w|3|4,test,mask_aware_stgnn_v2_full,artifacts/algorithm/v21_reliability_gate/checkpoint/mask_aware_stgnn_v2_full__salinity__20p0m.pt,56441f1f1ddb86e29971713034ba0bc0d830b46c029c4aaa9cfb735b9e859df9,m3_final_option_a_inference_only:v1,TRUE_UNSEEN_WITH_EXISTING_CHECKPOINT
20s10w,2020-08-01 00:00:00,salinity,20.0,36.4654655457,35.866107933,file-f41657e1157275f9f90e6801da90976988fcbba3938b6e525b0830d4dc9ef138|S_NaN_20s10w|3|5,test,mask_aware_stgnn_v2_full,artifacts/algorithm/v21_reliability_gate/checkpoint/mask_aware_stgnn_v2_full__salinity__20p0m.pt,56441f1f1ddb86e29971713034ba0bc0d830b46c029c4aaa9cfb735b9e859df9,m3_final_option_a_inference_only:v1,TRUE_UNSEEN_WITH_EXISTING_CHECKPOINT
20s10w,2021-01-01 00:00:00,salinity,20.0,36.358089447,35.8562623635,file-f41657e1157275f9f90e6801da90976988fcbba3938b6e525b0830d4dc9ef138|S_NaN_20s10w|3|10,test,mask_aware_stgnn_v2_full,artifacts/algorithm/v21_reliability_gate/checkpoint/mask_aware_stgnn_v2_full__salinity__20p0m.pt,56441f1f1ddb86e29971713034ba0bc0d830b46c029c4aaa9cfb735b9e859df9,m3_final_option_a_inference_only:v1,TRUE_UNSEEN_WITH_EXISTING_CHECKPOINT
20s10w,2021-02-01 00:00:00,salinity,20.0,36.331287384,35.9026649492,file-f41657e1157275f9f90e6801da90976988fcbba3938b6e525b0830d4dc9ef138|S_NaN_20s10w|3|11,test,mask_aware_stgnn_v2_full,artifacts/algorithm/v21_reliability_gate/checkpoint/mask_aware_stgnn_v2_full__salinity__20p0m.pt,56441f1f1ddb86e29971713034ba0bc0d830b46c029c4aaa9cfb735b9e859df9,m3_final_option_a_inference_only:v1,TRUE_UNSEEN_WITH_EXISTING_CHECKPOINT
20s10w,2021-03-01 00:00:00,salinity,20.0,36.4717597961,35.9553913268,file-f41657e1157275f9f90e6801da90976988fcbba3938b6e525b0830d4dc9ef138|S_NaN_20s10w|3|12,test,mask_aware_stgnn_v2_full,artifacts/algorithm/v21_reliability_gate/checkpoint/mask_aware_stgnn_v2_full__salinity__20p0m.pt,56441f1f1ddb86e29971713034ba0bc0d830b46c029c4aaa9cfb735b9e859df9,m3_final_option_a_inference_only:v1,TRUE_UNSEEN_WITH_EXISTING_CHECKPOINT
20s10w,2021-04-01 00:00:00,salinity,20.0,36.3856697083,35.9939936071,file-f41657e1157275f9f90e6801da90976988fcbba3938b6e525b0830d4dc9ef138|S_NaN_20s10w|3|13,test,mask_aware_stgnn_v2_full,artifacts/algorithm/v21_reliability_gate/checkpoint/mask_aware_stgnn_v2_full__salinity__20p0m.pt,56441f1f1ddb86e29971713034ba0bc0d830b46c029c4aaa9cfb735b9e859df9,m3_final_option_a_inference_only:v1,TRUE_UNSEEN_WITH_EXISTING_CHECKPOINT
20s10w,2021-05-01 00:00:00,salinity,20.0,36.4809989929,35.995358244,file-f41657e1157275f9f90e6801da90976988fcbba3938b6e525b0830d4dc9ef138|S_NaN_20s10w|3|14,test,mask_aware_stgnn_v2_full,artifacts/algorithm/v21_reliability_gate/checkpoint/mask_aware_stgnn_v2_full__salinity__20p0m.pt,56441f1f1ddb86e29971713034ba0bc0d830b46c029c4aaa9cfb735b9e859df9,m3_final_option_a_inference_only:v1,TRUE_UNSEEN_WITH_EXISTING_CHECKPOINT
20s10w,2021-06-01 00:00:00,salinity,20.0,36.4719963074,35.9667351421,file-f41657e1157275f9f90e6801da90976988fcbba3938b6e525b0830d4dc9ef138|S_NaN_20s10w|3|15,test,mask_aware_stgnn_v2_full,artifacts/algorithm/v21_reliability_gate/checkpoint/mask_aware_stgnn_v2_full__salinity__20p0m.pt,56441f1f1ddb86e29971713034ba0bc0d830b46c029c4aaa9cfb735b9e859df9,m3_final_option_a_inference_only:v1,TRUE_UNSEEN_WITH_EXISTING_CHECKPOINT
20s10w,2021-07-01 00:00:00,salinity,20.0,36.5127067566,35.9197512742,file-f41657e1157275f9f90e6801da90976988fcbba3938b6e525b0830d4dc9ef138|S_NaN_20s10w|3|16,test,mask_aware_stgnn_v2_full,artifacts/algorithm/v21_reliability_gate/checkpoint/mask_aware_stgnn_v2_full__salinity__20p0m.pt,56441f1f1ddb86e29971713034ba0bc0d830b46c029c4aaa9cfb735b9e859df9,m3_final_option_a_inference_only:v1,TRUE_UNSEEN_WITH_EXISTING_CHECKPOINT
20s10w,2021-08-01 00:00:00,salinity,20.0,36.6073074341,35.8644875868,file-f41657e1157275f9f90e6801da90976988fcbba3938b6e525b0830d4dc9ef138|S_NaN_20s10w|3|17,test,mask_aware_stgnn_v2_full,artifacts/algorithm/v21_reliability_gate/checkpoint/mask_aware_stgnn_v2_full__salinity__20p0m.pt,56441f1f1ddb86e29971713034ba0bc0d830b46c029c4aaa9cfb735b9e859df9,m3_final_option_a_inference_only:v1,TRUE_UNSEEN_WITH_EXISTING_CHECKPOINT
20s10w,2022-03-01 00:00:00,salinity,20.0,36.688583374,35.9364520228,file-f41657e1157275f9f90e6801da90976988fcbba3938b6e525b0830d4dc9ef138|S_NaN_20s10w|3|24,test,mask_aware_stgnn_v2_full,artifacts/algorithm/v21_reliability_gate/checkpoint/mask_aware_stgnn_v2_full__salinity__20p0m.pt,56441f1f1ddb86e29971713034ba0bc0d830b46c029c4aaa9cfb735b9e859df9,m3_final_option_a_inference_only:v1,TRUE_UNSEEN_WITH_EXISTING_CHECKPOINT
20s10w,2022-04-01 00:00:00,salinity,20.0,36.627696991,35.9635570604,file-f41657e1157275f9f90e6801da90976988fcbba3938b6e525b0830d4dc9ef138|S_NaN_20s10w|3|25,test,mask_aware_stgnn_v2_full,artifacts/algorithm/v21_reliability_gate/checkpoint/mask_aware_stgnn_v2_full__salinity__20p0m.pt,56441f1f1ddb86e29971713034ba0bc0d830b46c029c4aaa9cfb735b9e859df9,m3_final_option_a_inference_only:v1,TRUE_UNSEEN_WITH_EXISTING_CHECKPOINT
20s10w,2022-05-01 00:00:00,salinity,20.0,36.4894866943,35.9692345275,file-f41657e1157275f9f90e6801da90976988fcbba3938b6e525b0830d4dc9ef138|S_NaN_20s10w|3|26,test,mask_aware_stgnn_v2_full,artifacts/algorithm/v21_reliability_gate/checkpoint/mask_aware_stgnn_v2_full__salinity__20p0m.pt,56441f1f1ddb86e29971713034ba0bc0d830b46c029c4aaa9cfb735b9e859df9,m3_final_option_a_inference_only:v1,TRUE_UNSEEN_WITH_EXISTING_CHECKPOINT
20s10w,2022-06-01 00:00:00,salinity,20.0,36.5293006897,35.9486219508,file-f41657e1157275f9f90e6801da90976988fcbba3938b6e525b0830d4dc9ef138|S_NaN_20s10w|3|27,test,mask_aware_stgnn_v2_full,artifacts/algorithm/v21_reliability_gate/checkpoint/mask_aware_stgnn_v2_full__salinity__20p0m.pt,56441f1f1ddb86e29971713034ba0bc0d830b46c029c4aaa9cfb735b9e859df9,m3_final_option_a_inference_only:v1,TRUE_UNSEEN_WITH_EXISTING_CHECKPOINT
20s10w,2022-07-01 00:00:00,salinity,20.0,36.4944534302,35.9084169164,file-f41657e1157275f9f90e6801da90976988fcbba3938b6e525b0830d4dc9ef138|S_NaN_20s10w|3|28,test,mask_aware_stgnn_v2_full,artifacts/algorithm/v21_reliability_gate/checkpoint/mask_aware_stgnn_v2_full__salinity__20p0m.pt,56441f1f1ddb86e29971713034ba0bc0d830b46c029c4aaa9cfb735b9e859df9,m3_final_option_a_inference_only:v1,TRUE_UNSEEN_WITH_EXISTING_CHECKPOINT
20s10w,2022-08-01 00:00:00,salinity,20.0,36.3917350769,35.858122638,file-f41657e1157275f9f90e6801da90976988fcbba3938b6e525b0830d4dc9ef138|S_NaN_20s10w|3|29,test,mask_aware_stgnn_v2_full,artifacts/algorithm/v21_reliability_gate/checkpoint/mask_aware_stgnn_v2_full__salinity__20p0m.pt,56441f1f1ddb86e29971713034ba0bc0d830b46c029c4aaa9cfb735b9e859df9,m3_final_option_a_inference_only:v1,TRUE_UNSEEN_WITH_EXISTING_CHECKPOINT
20s10w,2022-09-01 00:00:00,salinity,20.0,36.3503036499,35.825095016,file-f41657e1157275f9f90e6801da90976988fcbba3938b6e525b0830d4dc9ef138|S_NaN_20s10w|3|30,test,mask_aware_stgnn_v2_full,artifacts/algorithm/v21_reliability_gate/checkpoint/mask_aware_stgnn_v2_full__salinity__20p0m.pt,56441f1f1ddb86e29971713034ba0bc0d830b46c029c4aaa9cfb735b9e859df9,m3_final_option_a_inference_only:v1,TRUE_UNSEEN_WITH_EXISTING_CHECKPOINT
20s10w,2022-10-01 00:00:00,salinity,20.0,36.3955459595,35.8088318539,file-f41657e1157275f9f90e6801da90976988fcbba3938b6e525b0830d4dc9ef138|S_NaN_20s10w|3|31,test,mask_aware_stgnn_v2_full,artifacts/algorithm/v21_reliability_gate/checkpoint/mask_aware_stgnn_v2_full__salinity__20p0m.pt,56441f1f1ddb86e29971713034ba0bc0d830b46c029c4aaa9cfb735b9e859df9,m3_final_option_a_inference_only:v1,TRUE_UNSEEN_WITH_EXISTING_CHECKPOINT
20s10w,2022-11-01 00:00:00,salinity,20.0,36.4620323181,35.8174716342,file-f41657e1157275f9f90e6801da90976988fcbba3938b6e525b0830d4dc9ef138|S_NaN_20s10w|3|32,test,mask_aware_stgnn_v2_full,artifacts/algorithm/v21_reliability_gate/checkpoint/mask_aware_stgnn_v2_full__salinity__20p0m.pt,56441f1f1ddb86e29971713034ba0bc0d830b46c029c4aaa9cfb735b9e859df9,m3_final_option_a_inference_only:v1,TRUE_UNSEEN_WITH_EXISTING_CHECKPOINT
20s10w,2022-12-01 00:00:00,salinity,20.0,36.5024795532,35.8420275112,file-f41657e1157275f9f90e6801da90976988fcbba3938b6e525b0830d4dc9ef138|S_NaN_20s10w|3|33,test,mask_aware_stgnn_v2_full,artifacts/algorithm/v21_reliability_gate/checkpoint/mask_aware_stgnn_v2_full__salinity__20p0m.pt,56441f1f1ddb86e29971713034ba0bc0d830b46c029c4aaa9cfb735b9e859df9,m3_final_option_a_inference_only:v1,TRUE_UNSEEN_WITH_EXISTING_CHECKPOINT
20s10w,2023-01-01 00:00:00,salinity,20.0,36.4715499878,35.8804983876,file-f41657e1157275f9f90e6801da90976988fcbba3938b6e525b0830d4dc9ef138|S_NaN_20s10w|3|34,test,mask_aware_stgnn_v2_full,artifacts/algorithm/v21_reliability_gate/checkpoint/mask_aware_stgnn_v2_full__salinity__20p0m.pt,56441f1f1ddb86e29971713034ba0bc0d830b46c029c4aaa9cfb735b9e859df9,m3_final_option_a_inference_only:v1,TRUE_UNSEEN_WITH_EXISTING_CHECKPOINT
20s10w,2023-02-01 00:00:00,salinity,20.0,36.5055046082,35.9238867312,file-f41657e1157275f9f90e6801da90976988fcbba3938b6e525b0830d4dc9ef138|S_NaN_20s10w|3|35,test,mask_aware_stgnn_v2_full,artifacts/algorithm/v21_reliability_gate/checkpoint/mask_aware_stgnn_v2_full__salinity__20p0m.pt,56441f1f1ddb86e29971713034ba0bc0d830b46c029c4aaa9cfb735b9e859df9,m3_final_option_a_inference_only:v1,TRUE_UNSEEN_WITH_EXISTING_CHECKPOINT
20s10w,2023-03-01 00:00:00,salinity,20.0,36.6865959167,35.9673956084,file-f41657e1157275f9f90e6801da90976988fcbba3938b6e525b0830d4dc9ef138|S_NaN_20s10w|3|36,test,mask_aware_stgnn_v2_full,artifacts/algorithm/v21_reliability_gate/checkpoint/mask_aware_stgnn_v2_full__salinity__20p0m.pt,56441f1f1ddb86e29971713034ba0bc0d830b46c029c4aaa9cfb735b9e859df9,m3_final_option_a_inference_only:v1,TRUE_UNSEEN_WITH_EXISTING_CHECKPOINT
20s10w,2023-04-01 00:00:00,salinity,20.0,36.7492294312,35.9939231057,file-f41657e1157275f9f90e6801da90976988fcbba3938b6e525b0830d4dc9ef138|S_NaN_20s10w|3|37,test,mask_aware_stgnn_v2_full,artifacts/algorithm/v21_reliability_gate/checkpoint/mask_aware_stgnn_v2_full__salinity__20p0m.pt,56441f1f1ddb86e29971713034ba0bc0d830b46c029c4aaa9cfb735b9e859df9,m3_final_option_a_inference_only:v1,TRUE_UNSEEN_WITH_EXISTING_CHECKPOINT
20s10w,2023-05-01 00:00:00,salinity,20.0,36.6953849792,35.9980330843,file-f41657e1157275f9f90e6801da90976988fcbba3938b6e525b0830d4dc9ef138|S_NaN_20s10w|3|38,test,mask_aware_stgnn_v2_full,artifacts/algorithm/v21_reliability_gate/checkpoint/mask_aware_stgnn_v2_full__salinity__20p0m.pt,56441f1f1ddb86e29971713034ba0bc0d830b46c029c4aaa9cfb735b9e859df9,m3_final_option_a_inference_only:v1,TRUE_UNSEEN_WITH_EXISTING_CHECKPOINT
20s10w,2023-06-01 00:00:00,salinity,20.0,36.6496696472,35.9689436723,file-f41657e1157275f9f90e6801da90976988fcbba3938b6e525b0830d4dc9ef138|S_NaN_20s10w|3|39,test,mask_aware_stgnn_v2_full,artifacts/algorithm/v21_reliability_gate/checkpoint/mask_aware_stgnn_v2_full__salinity__20p0m.pt,56441f1f1ddb86e29971713034ba0bc0d830b46c029c4aaa9cfb735b9e859df9,m3_final_option_a_inference_only:v1,TRUE_UNSEEN_WITH_EXISTING_CHECKPOINT
20s10w,2023-07-01 00:00:00,salinity,20.0,36.6643867493,35.9190475018,file-f41657e1157275f9f90e6801da90976988fcbba3938b6e525b0830d4dc9ef138|S_NaN_20s10w|3|40,test,mask_aware_stgnn_v2_full,artifacts/algorithm/v21_reliability_gate/checkpoint/mask_aware_stgnn_v2_full__salinity__20p0m.pt,56441f1f1ddb86e29971713034ba0bc0d830b46c029c4aaa9cfb735b9e859df9,m3_final_option_a_inference_only:v1,TRUE_UNSEEN_WITH_EXISTING_CHECKPOINT
20s10w,2023-08-01 00:00:00,salinity,20.0,36.572479248,35.868967823,file-f41657e1157275f9f90e6801da90976988fcbba3938b6e525b0830d4dc9ef138|S_NaN_20s10w|3|41,test,mask_aware_stgnn_v2_full,artifacts/algorithm/v21_reliability_gate/checkpoint/mask_aware_stgnn_v2_full__salinity__20p0m.pt,56441f1f1ddb86e29971713034ba0bc0d830b46c029c4aaa9cfb735b9e859df9,m3_final_option_a_inference_only:v1,TRUE_UNSEEN_WITH_EXISTING_CHECKPOINT
20s10w,2023-09-01 00:00:00,salinity,20.0,36.4475975037,35.8320905771,file-f41657e1157275f9f90e6801da90976988fcbba3938b6e525b0830d4dc9ef138|S_NaN_20s10w|3|42,test,mask_aware_stgnn_v2_full,artifacts/algorithm/v21_reliability_gate/checkpoint/mask_aware_stgnn_v2_full__salinity__20p0m.pt,56441f1f1ddb86e29971713034ba0bc0d830b46c029c4aaa9cfb735b9e859df9,m3_final_option_a_inference_only:v1,TRUE_UNSEEN_WITH_EXISTING_CHECKPOINT
20s10w,2023-10-01 00:00:00,salinity,20.0,36.4498100281,35.8162279804,file-f41657e1157275f9f90e6801da90976988fcbba3938b6e525b0830d4dc9ef138|S_NaN_20s10w|3|43,test,mask_aware_stgnn_v2_full,artifacts/algorithm/v21_reliability_gate/checkpoint/mask_aware_stgnn_v2_full__salinity__20p0m.pt,56441f1f1ddb86e29971713034ba0bc0d830b46c029c4aaa9cfb735b9e859df9,m3_final_option_a_inference_only:v1,TRUE_UNSEEN_WITH_EXISTING_CHECKPOINT
20s10w,2023-11-01 00:00:00,salinity,20.0,36.4867362976,35.8172171492,file-f41657e1157275f9f90e6801da90976988fcbba3938b6e525b0830d4dc9ef138|S_NaN_20s10w|3|44,test,mask_aware_stgnn_v2_full,artifacts/algorithm/v21_reliability_gate/checkpoint/mask_aware_stgnn_v2_full__salinity__20p0m.pt,56441f1f1ddb86e29971713034ba0bc0d830b46c029c4aaa9cfb735b9e859df9,m3_final_option_a_inference_only:v1,TRUE_UNSEEN_WITH_EXISTING_CHECKPOINT
20s10w,2023-12-01 00:00:00,salinity,20.0,36.5482597351,35.8354744217,file-f41657e1157275f9f90e6801da90976988fcbba3938b6e525b0830d4dc9ef138|S_NaN_20s10w|3|45,test,mask_aware_stgnn_v2_full,artifacts/algorithm/v21_reliability_gate/checkpoint/mask_aware_stgnn_v2_full__salinity__20p0m.pt,56441f1f1ddb86e29971713034ba0bc0d830b46c029c4aaa9cfb735b9e859df9,m3_final_option_a_inference_only:v1,TRUE_UNSEEN_WITH_EXISTING_CHECKPOINT
20s10w,2024-01-01 00:00:00,salinity,20.0,36.6468963623,35.8675139194,file-f41657e1157275f9f90e6801da90976988fcbba3938b6e525b0830d4dc9ef138|S_NaN_20s10w|3|46,test,mask_aware_stgnn_v2_full,artifacts/algorithm/v21_reliability_gate/checkpoint/mask_aware_stgnn_v2_full__salinity__20p0m.pt,56441f1f1ddb86e29971713034ba0bc0d830b46c029c4aaa9cfb735b9e859df9,m3_final_option_a_inference_only:v1,TRUE_UNSEEN_WITH_EXISTING_CHECKPOINT
20s10w,2024-02-01 00:00:00,salinity,20.0,36.7074127197,35.9065257218,file-f41657e1157275f9f90e6801da90976988fcbba3938b6e525b0830d4dc9ef138|S_NaN_20s10w|3|47,test,mask_aware_stgnn_v2_full,artifacts/algorithm/v21_reliability_gate/checkpoint/mask_aware_stgnn_v2_full__salinity__20p0m.pt,56441f1f1ddb86e29971713034ba0bc0d830b46c029c4aaa9cfb735b9e859df9,m3_final_option_a_inference_only:v1,TRUE_UNSEEN_WITH_EXISTING_CHECKPOINT
20s10w,2024-03-01 00:00:00,salinity,20.0,36.8463058472,35.9452494048,file-f41657e1157275f9f90e6801da90976988fcbba3938b6e525b0830d4dc9ef138|S_NaN_20s10w|3|48,test,mask_aware_stgnn_v2_full,artifacts/algorithm/v21_reliability_gate/checkpoint/mask_aware_stgnn_v2_full__salinity__20p0m.pt,56441f1f1ddb86e29971713034ba0bc0d830b46c029c4aaa9cfb735b9e859df9,m3_final_option_a_inference_only:v1,TRUE_UNSEEN_WITH_EXISTING_CHECKPOINT
20s10w,2024-04-01 00:00:00,salinity,20.0,36.8277626038,35.9596722479,file-f41657e1157275f9f90e6801da90976988fcbba3938b6e525b0830d4dc9ef138|S_NaN_20s10w|3|49,test,mask_aware_stgnn_v2_full,artifacts/algorithm/v21_reliability_gate/checkpoint/mask_aware_stgnn_v2_full__salinity__20p0m.pt,56441f1f1ddb86e29971713034ba0bc0d830b46c029c4aaa9cfb735b9e859df9,m3_final_option_a_inference_only:v1,TRUE_UNSEEN_WITH_EXISTING_CHECKPOINT
20s10w,2024-05-01 00:00:00,salinity,20.0,36.8221931458,35.955932985,file-f41657e1157275f9f90e6801da90976988fcbba3938b6e525b0830d4dc9ef138|S_NaN_20s10w|3|50,test,mask_aware_stgnn_v2_full,artifacts/algorithm/v21_reliability_gate/checkpoint/mask_aware_stgnn_v2_full__salinity__20p0m.pt,56441f1f1ddb86e29971713034ba0bc0d830b46c029c4aaa9cfb735b9e859df9,m3_final_option_a_inference_only:v1,TRUE_UNSEEN_WITH_EXISTING_CHECKPOINT
20s10w,2024-06-01 00:00:00,salinity,20.0,36.6530990601,35.9332475978,file-f41657e1157275f9f90e6801da90976988fcbba3938b6e525b0830d4dc9ef138|S_NaN_20s10w|3|51,test,mask_aware_stgnn_v2_full,artifacts/algorithm/v21_reliability_gate/checkpoint/mask_aware_stgnn_v2_full__salinity__20p0m.pt,56441f1f1ddb86e29971713034ba0bc0d830b46c029c4aaa9cfb735b9e859df9,m3_final_option_a_inference_only:v1,TRUE_UNSEEN_WITH_EXISTING_CHECKPOINT
20s10w,2024-07-01 00:00:00,salinity,20.0,36.7042579651,35.8907634976,file-f41657e1157275f9f90e6801da90976988fcbba3938b6e525b0830d4dc9ef138|S_NaN_20s10w|3|52,test,mask_aware_stgnn_v2_full,artifacts/algorithm/v21_reliability_gate/checkpoint/mask_aware_stgnn_v2_full__salinity__20p0m.pt,56441f1f1ddb86e29971713034ba0bc0d830b46c029c4aaa9cfb735b9e859df9,m3_final_option_a_inference_only:v1,TRUE_UNSEEN_WITH_EXISTING_CHECKPOINT
20s10w,2021-04-01 00:00:00,salinity,40.0,36.3535346985,36.2223935298,file-f41657e1157275f9f90e6801da90976988fcbba3938b6e525b0830d4dc9ef138|S_NaN_20s10w|4|13,test,mask_aware_stgnn_v2_full,artifacts/algorithm/v21_reliability_gate/checkpoint/mask_aware_stgnn_v2_full__salinity__40p0m.pt,ae511c57847ea9b66791fa4f3700d76438be9d8f50966ddfbf0b7391f7d403f5,m3_final_option_a_inference_only:v1,TRUE_UNSEEN_WITH_EXISTING_CHECKPOINT
20s10w,2021-05-01 00:00:00,salinity,40.0,36.4861946106,36.1727308341,file-f41657e1157275f9f90e6801da90976988fcbba3938b6e525b0830d4dc9ef138|S_NaN_20s10w|4|14,test,mask_aware_stgnn_v2_full,artifacts/algorithm/v21_reliability_gate/checkpoint/mask_aware_stgnn_v2_full__salinity__40p0m.pt,ae511c57847ea9b66791fa4f3700d76438be9d8f50966ddfbf0b7391f7d403f5,m3_final_option_a_inference_only:v1,TRUE_UNSEEN_WITH_EXISTING_CHECKPOINT
20s10w,2021-06-01 00:00:00,salinity,40.0,36.47423172,36.1233956856,file-f41657e1157275f9f90e6801da90976988fcbba3938b6e525b0830d4dc9ef138|S_NaN_20s10w|4|15,test,mask_aware_stgnn_v2_full,artifacts/algorithm/v21_reliability_gate/checkpoint/mask_aware_stgnn_v2_full__salinity__40p0m.pt,ae511c57847ea9b66791fa4f3700d76438be9d8f50966ddfbf0b7391f7d403f5,m3_final_option_a_inference_only:v1,TRUE_UNSEEN_WITH_EXISTING_CHECKPOINT
20s10w,2021-07-01 00:00:00,salinity,40.0,36.5103492737,36.0871163246,file-f41657e1157275f9f90e6801da90976988fcbba3938b6e525b0830d4dc9ef138|S_NaN_20s10w|4|16,test,mask_aware_stgnn_v2_full,artifacts/algorithm/v21_reliability_gate/checkpoint/mask_aware_stgnn_v2_full__salinity__40p0m.pt,ae511c57847ea9b66791fa4f3700d76438be9d8f50966ddfbf0b7391f7d403f5,m3_final_option_a_inference_only:v1,TRUE_UNSEEN_WITH_EXISTING_CHECKPOINT
20s10w,2021-08-01 00:00:00,salinity,40.0,36.6074562073,36.0644761846,file-f41657e1157275f9f90e6801da90976988fcbba3938b6e525b0830d4dc9ef138|S_NaN_20s10w|4|17,test,mask_aware_stgnn_v2_full,artifacts/algorithm/v21_reliability_gate/checkpoint/mask_aware_stgnn_v2_full__salinity__40p0m.pt,ae511c57847ea9b66791fa4f3700d76438be9d8f50966ddfbf0b7391f7d403f5,m3_final_option_a_inference_only:v1,TRUE_UNSEEN_WITH_EXISTING_CHECKPOINT
20s10w,2022-03-01 00:00:00,salinity,40.0,36.6582336426,36.2304788146,file-f41657e1157275f9f90e6801da90976988fcbba3938b6e525b0830d4dc9ef138|S_NaN_20s10w|4|24,test,mask_aware_stgnn_v2_full,artifacts/algorithm/v21_reliability_gate/checkpoint/mask_aware_stgnn_v2_full__salinity__40p0m.pt,ae511c57847ea9b66791fa4f3700d76438be9d8f50966ddfbf0b7391f7d403f5,m3_final_option_a_inference_only:v1,TRUE_UNSEEN_WITH_EXISTING_CHECKPOINT
20s10w,2022-04-01 00:00:00,salinity,40.0,36.6401977539,36.2141430899,file-f41657e1157275f9f90e6801da90976988fcbba3938b6e525b0830d4dc9ef138|S_NaN_20s10w|4|25,test,mask_aware_stgnn_v2_full,artifacts/algorithm/v21_reliability_gate/checkpoint/mask_aware_stgnn_v2_full__salinity__40p0m.pt,ae511c57847ea9b66791fa4f3700d76438be9d8f50966ddfbf0b7391f7d403f5,m3_final_option_a_inference_only:v1,TRUE_UNSEEN_WITH_EXISTING_CHECKPOINT
20s10w,2022-05-01 00:00:00,salinity,40.0,36.4922981262,36.1688642822,file-f41657e1157275f9f90e6801da90976988fcbba3938b6e525b0830d4dc9ef138|S_NaN_20s10w|4|26,test,mask_aware_stgnn_v2_full,artifacts/algorithm/v21_reliability_gate/checkpoint/mask_aware_stgnn_v2_full__salinity__40p0m.pt,ae511c57847ea9b66791fa4f3700d76438be9d8f50966ddfbf0b7391f7d403f5,m3_final_option_a_inference_only:v1,TRUE_UNSEEN_WITH_EXISTING_CHECKPOINT
20s10w,2022-06-01 00:00:00,salinity,40.0,36.5298652649,36.128328394,file-f41657e1157275f9f90e6801da90976988fcbba3938b6e525b0830d4dc9ef138|S_NaN_20s10w|4|27,test,mask_aware_stgnn_v2_full,artifacts/algorithm/v21_reliability_gate/checkpoint/mask_aware_stgnn_v2_full__salinity__40p0m.pt,ae511c57847ea9b66791fa4f3700d76438be9d8f50966ddfbf0b7391f7d403f5,m3_final_option_a_inference_only:v1,TRUE_UNSEEN_WITH_EXISTING_CHECKPOINT
20s10w,2022-07-01 00:00:00,salinity,40.0,36.501449585,36.0997267041,file-f41657e1157275f9f90e6801da90976988fcbba3938b6e525b0830d4dc9ef138|S_NaN_20s10w|4|28,test,mask_aware_stgnn_v2_full,artifacts/algorithm/v21_reliability_gate/checkpoint/mask_aware_stgnn_v2_full__salinity__40p0m.pt,ae511c57847ea9b66791fa4f3700d76438be9d8f50966ddfbf0b7391f7d403f5,m3_final_option_a_inference_only:v1,TRUE_UNSEEN_WITH_EXISTING_CHECKPOINT
20s10w,2022-08-01 00:00:00,salinity,40.0,36.4041290283,36.0797084904,file-f41657e1157275f9f90e6801da90976988fcbba3938b6e525b0830d4dc9ef138|S_NaN_20s10w|4|29,test,mask_aware_stgnn_v2_full,artifacts/algorithm/v21_reliability_gate/checkpoint/mask_aware_stgnn_v2_full__salinity__40p0m.pt,ae511c57847ea9b66791fa4f3700d76438be9d8f50966ddfbf0b7391f7d403f5,m3_final_option_a_inference_only:v1,TRUE_UNSEEN_WITH_EXISTING_CHECKPOINT
20s10w,2022-09-01 00:00:00,salinity,40.0,36.3636703491,36.0788650118,file-f41657e1157275f9f90e6801da90976988fcbba3938b6e525b0830d4dc9ef138|S_NaN_20s10w|4|30,test,mask_aware_stgnn_v2_full,artifacts/algorithm/v21_reliability_gate/checkpoint/mask_aware_stgnn_v2_full__salinity__40p0m.pt,ae511c57847ea9b66791fa4f3700d76438be9d8f50966ddfbf0b7391f7d403f5,m3_final_option_a_inference_only:v1,TRUE_UNSEEN_WITH_EXISTING_CHECKPOINT
20s10w,2022-10-01 00:00:00,salinity,40.0,36.4101295471,36.0826527112,file-f41657e1157275f9f90e6801da90976988fcbba3938b6e525b0830d4dc9ef138|S_NaN_20s10w|4|31,test,mask_aware_stgnn_v2_full,artifacts/algorithm/v21_reliability_gate/checkpoint/mask_aware_stgnn_v2_full__salinity__40p0m.pt,ae511c57847ea9b66791fa4f3700d76438be9d8f50966ddfbf0b7391f7d403f5,m3_final_option_a_inference_only:v1,TRUE_UNSEEN_WITH_EXISTING_CHECKPOINT
20s10w,2022-11-01 00:00:00,salinity,40.0,36.4592056274,36.1029642031,file-f41657e1157275f9f90e6801da90976988fcbba3938b6e525b0830d4dc9ef138|S_NaN_20s10w|4|32,test,mask_aware_stgnn_v2_full,artifacts/algorithm/v21_reliability_gate/checkpoint/mask_aware_stgnn_v2_full__salinity__40p0m.pt,ae511c57847ea9b66791fa4f3700d76438be9d8f50966ddfbf0b7391f7d403f5,m3_final_option_a_inference_only:v1,TRUE_UNSEEN_WITH_EXISTING_CHECKPOINT
20s10w,2022-12-01 00:00:00,salinity,40.0,36.5070381165,36.1352476598,file-f41657e1157275f9f90e6801da90976988fcbba3938b6e525b0830d4dc9ef138|S_NaN_20s10w|4|33,test,mask_aware_stgnn_v2_full,artifacts/algorithm/v21_reliability_gate/checkpoint/mask_aware_stgnn_v2_full__salinity__40p0m.pt,ae511c57847ea9b66791fa4f3700d76438be9d8f50966ddfbf0b7391f7d403f5,m3_final_option_a_inference_only:v1,TRUE_UNSEEN_WITH_EXISTING_CHECKPOINT
20s10w,2023-01-01 00:00:00,salinity,40.0,36.527256012,36.1901987699,file-f41657e1157275f9f90e6801da90976988fcbba3938b6e525b0830d4dc9ef138|S_NaN_20s10w|4|34,test,mask_aware_stgnn_v2_full,artifacts/algorithm/v21_reliability_gate/checkpoint/mask_aware_stgnn_v2_full__salinity__40p0m.pt,ae511c57847ea9b66791fa4f3700d76438be9d8f50966ddfbf0b7391f7d403f5,m3_final_option_a_inference_only:v1,TRUE_UNSEEN_WITH_EXISTING_CHECKPOINT
20s10w,2023-02-01 00:00:00,salinity,40.0,36.5192451477,36.2382226142,file-f41657e1157275f9f90e6801da90976988fcbba3938b6e525b0830d4dc9ef138|S_NaN_20s10w|4|35,test,mask_aware_stgnn_v2_full,artifacts/algorithm/v21_reliability_gate/checkpoint/mask_aware_stgnn_v2_full__salinity__40p0m.pt,ae511c57847ea9b66791fa4f3700d76438be9d8f50966ddfbf0b7391f7d403f5,m3_final_option_a_inference_only:v1,TRUE_UNSEEN_WITH_EXISTING_CHECKPOINT
20s10w,2023-03-01 00:00:00,salinity,40.0,36.6882362366,36.2637789943,file-f41657e1157275f9f90e6801da90976988fcbba3938b6e525b0830d4dc9ef138|S_NaN_20s10w|4|36,test,mask_aware_stgnn_v2_full,artifacts/algorithm/v21_reliability_gate/checkpoint/mask_aware_stgnn_v2_full__salinity__40p0m.pt,ae511c57847ea9b66791fa4f3700d76438be9d8f50966ddfbf0b7391f7d403f5,m3_final_option_a_inference_only:v1,TRUE_UNSEEN_WITH_EXISTING_CHECKPOINT
20s10w,2023-04-01 00:00:00,salinity,40.0,36.7962036133,36.2423268178,file-f41657e1157275f9f90e6801da90976988fcbba3938b6e525b0830d4dc9ef138|S_NaN_20s10w|4|37,test,mask_aware_stgnn_v2_full,artifacts/algorithm/v21_reliability_gate/checkpoint/mask_aware_stgnn_v2_full__salinity__40p0m.pt,ae511c57847ea9b66791fa4f3700d76438be9d8f50966ddfbf0b7391f7d403f5,m3_final_option_a_inference_only:v1,TRUE_UNSEEN_WITH_EXISTING_CHECKPOINT
20s10w,2023-05-01 00:00:00,salinity,40.0,36.7445106506,36.1983388114,file-f41657e1157275f9f90e6801da90976988fcbba3938b6e525b0830d4dc9ef138|S_NaN_20s10w|4|38,test,mask_aware_stgnn_v2_full,artifacts/algorithm/v21_reliability_gate/checkpoint/mask_aware_stgnn_v2_full__salinity__40p0m.pt,ae511c57847ea9b66791fa4f3700d76438be9d8f50966ddfbf0b7391f7d403f5,m3_final_option_a_inference_only:v1,TRUE_UNSEEN_WITH_EXISTING_CHECKPOINT
20s10w,2023-06-01 00:00:00,salinity,40.0,36.6998329163,36.1453748364,file-f41657e1157275f9f90e6801da90976988fcbba3938b6e525b0830d4dc9ef138|S_NaN_20s10w|4|39,test,mask_aware_stgnn_v2_full,artifacts/algorithm/v21_reliability_gate/checkpoint/mask_aware_stgnn_v2_full__salinity__40p0m.pt,ae511c57847ea9b66791fa4f3700d76438be9d8f50966ddfbf0b7391f7d403f5,m3_final_option_a_inference_only:v1,TRUE_UNSEEN_WITH_EXISTING_CHECKPOINT
20s10w,2023-07-01 00:00:00,salinity,40.0,36.7152557373,36.1079024314,file-f41657e1157275f9f90e6801da90976988fcbba3938b6e525b0830d4dc9ef138|S_NaN_20s10w|4|40,test,mask_aware_stgnn_v2_full,artifacts/algorithm/v21_reliability_gate/checkpoint/mask_aware_stgnn_v2_full__salinity__40p0m.pt,ae511c57847ea9b66791fa4f3700d76438be9d8f50966ddfbf0b7391f7d403f5,m3_final_option_a_inference_only:v1,TRUE_UNSEEN_WITH_EXISTING_CHECKPOINT
20s10w,2023-08-01 00:00:00,salinity,40.0,36.6239967346,36.0867482478,file-f41657e1157275f9f90e6801da90976988fcbba3938b6e525b0830d4dc9ef138|S_NaN_20s10w|4|41,test,mask_aware_stgnn_v2_full,artifacts/algorithm/v21_reliability_gate/checkpoint/mask_aware_stgnn_v2_full__salinity__40p0m.pt,ae511c57847ea9b66791fa4f3700d76438be9d8f50966ddfbf0b7391f7d403f5,m3_final_option_a_inference_only:v1,TRUE_UNSEEN_WITH_EXISTING_CHECKPOINT
20s10w,2023-09-01 00:00:00,salinity,40.0,36.4978637695,36.0767231098,file-f41657e1157275f9f90e6801da90976988fcbba3938b6e525b0830d4dc9ef138|S_NaN_20s10w|4|42,test,mask_aware_stgnn_v2_full,artifacts/algorithm/v21_reliability_gate/checkpoint/mask_aware_stgnn_v2_full__salinity__40p0m.pt,ae511c57847ea9b66791fa4f3700d76438be9d8f50966ddfbf0b7391f7d403f5,m3_final_option_a_inference_only:v1,TRUE_UNSEEN_WITH_EXISTING_CHECKPOINT
20s10w,2023-10-01 00:00:00,salinity,40.0,36.4930610657,36.0806126512,file-f41657e1157275f9f90e6801da90976988fcbba3938b6e525b0830d4dc9ef138|S_NaN_20s10w|4|43,test,mask_aware_stgnn_v2_full,artifacts/algorithm/v21_reliability_gate/checkpoint/mask_aware_stgnn_v2_full__salinity__40p0m.pt,ae511c57847ea9b66791fa4f3700d76438be9d8f50966ddfbf0b7391f7d403f5,m3_final_option_a_inference_only:v1,TRUE_UNSEEN_WITH_EXISTING_CHECKPOINT
20s10w,2023-11-01 00:00:00,salinity,40.0,36.4920654297,36.0897031397,file-f41657e1157275f9f90e6801da90976988fcbba3938b6e525b0830d4dc9ef138|S_NaN_20s10w|4|44,test,mask_aware_stgnn_v2_full,artifacts/algorithm/v21_reliability_gate/checkpoint/mask_aware_stgnn_v2_full__salinity__40p0m.pt,ae511c57847ea9b66791fa4f3700d76438be9d8f50966ddfbf0b7391f7d403f5,m3_final_option_a_inference_only:v1,TRUE_UNSEEN_WITH_EXISTING_CHECKPOINT
20s10w,2023-12-01 00:00:00,salinity,40.0,36.4705467224,36.1269251412,file-f41657e1157275f9f90e6801da90976988fcbba3938b6e525b0830d4dc9ef138|S_NaN_20s10w|4|45,test,mask_aware_stgnn_v2_full,artifacts/algorithm/v21_reliability_gate/checkpoint/mask_aware_stgnn_v2_full__salinity__40p0m.pt,ae511c57847ea9b66791fa4f3700d76438be9d8f50966ddfbf0b7391f7d403f5,m3_final_option_a_inference_only:v1,TRUE_UNSEEN_WITH_EXISTING_CHECKPOINT
20s10w,2024-01-01 00:00:00,salinity,40.0,36.4761581421,36.1735930731,file-f41657e1157275f9f90e6801da90976988fcbba3938b6e525b0830d4dc9ef138|S_NaN_20s10w|4|46,test,mask_aware_stgnn_v2_full,artifacts/algorithm/v21_reliability_gate/checkpoint/mask_aware_stgnn_v2_full__salinity__40p0m.pt,ae511c57847ea9b66791fa4f3700d76438be9d8f50966ddfbf0b7391f7d403f5,m3_final_option_a_inference_only:v1,TRUE_UNSEEN_WITH_EXISTING_CHECKPOINT
20s10w,2024-02-01 00:00:00,salinity,40.0,36.4955558777,36.2202033746,file-f41657e1157275f9f90e6801da90976988fcbba3938b6e525b0830d4dc9ef138|S_NaN_20s10w|4|47,test,mask_aware_stgnn_v2_full,artifacts/algorithm/v21_reliability_gate/checkpoint/mask_aware_stgnn_v2_full__salinity__40p0m.pt,ae511c57847ea9b66791fa4f3700d76438be9d8f50966ddfbf0b7391f7d403f5,m3_final_option_a_inference_only:v1,TRUE_UNSEEN_WITH_EXISTING_CHECKPOINT
20s10w,2024-03-01 00:00:00,salinity,40.0,36.6973342896,36.2456202937,file-f41657e1157275f9f90e6801da90976988fcbba3938b6e525b0830d4dc9ef138|S_NaN_20s10w|4|48,test,mask_aware_stgnn_v2_full,artifacts/algorithm/v21_reliability_gate/checkpoint/mask_aware_stgnn_v2_full__salinity__40p0m.pt,ae511c57847ea9b66791fa4f3700d76438be9d8f50966ddfbf0b7391f7d403f5,m3_final_option_a_inference_only:v1,TRUE_UNSEEN_WITH_EXISTING_CHECKPOINT
20s10w,2024-04-01 00:00:00,salinity,40.0,36.8211669922,36.2344858234,file-f41657e1157275f9f90e6801da90976988fcbba3938b6e525b0830d4dc9ef138|S_NaN_20s10w|4|49,test,mask_aware_stgnn_v2_full,artifacts/algorithm/v21_reliability_gate/checkpoint/mask_aware_stgnn_v2_full__salinity__40p0m.pt,ae511c57847ea9b66791fa4f3700d76438be9d8f50966ddfbf0b7391f7d403f5,m3_final_option_a_inference_only:v1,TRUE_UNSEEN_WITH_EXISTING_CHECKPOINT
20s10w,2024-05-01 00:00:00,salinity,40.0,36.8233833313,36.1782277056,file-f41657e1157275f9f90e6801da90976988fcbba3938b6e525b0830d4dc9ef138|S_NaN_20s10w|4|50,test,mask_aware_stgnn_v2_full,artifacts/algorithm/v21_reliability_gate/checkpoint/mask_aware_stgnn_v2_full__salinity__40p0m.pt,ae511c57847ea9b66791fa4f3700d76438be9d8f50966ddfbf0b7391f7d403f5,m3_final_option_a_inference_only:v1,TRUE_UNSEEN_WITH_EXISTING_CHECKPOINT
20s10w,2024-06-01 00:00:00,salinity,40.0,36.6574668884,36.1253880703,file-f41657e1157275f9f90e6801da90976988fcbba3938b6e525b0830d4dc9ef138|S_NaN_20s10w|4|51,test,mask_aware_stgnn_v2_full,artifacts/algorithm/v21_reliability_gate/checkpoint/mask_aware_stgnn_v2_full__salinity__40p0m.pt,ae511c57847ea9b66791fa4f3700d76438be9d8f50966ddfbf0b7391f7d403f5,m3_final_option_a_inference_only:v1,TRUE_UNSEEN_WITH_EXISTING_CHECKPOINT
20s10w,2024-07-01 00:00:00,salinity,40.0,36.7100944519,36.0819206392,file-f41657e1157275f9f90e6801da90976988fcbba3938b6e525b0830d4dc9ef138|S_NaN_20s10w|4|52,test,mask_aware_stgnn_v2_full,artifacts/algorithm/v21_reliability_gate/checkpoint/mask_aware_stgnn_v2_full__salinity__40p0m.pt,ae511c57847ea9b66791fa4f3700d76438be9d8f50966ddfbf0b7391f7d403f5,m3_final_option_a_inference_only:v1,TRUE_UNSEEN_WITH_EXISTING_CHECKPOINT
20s10w,2020-03-01 00:00:00,salinity,120.0,36.2477111816,35.7276389998,file-f41657e1157275f9f90e6801da90976988fcbba3938b6e525b0830d4dc9ef138|S_NaN_20s10w|7|0,test,mask_aware_stgnn_v2_full,artifacts/algorithm/v21_reliability_gate/checkpoint/mask_aware_stgnn_v2_full__salinity__120p0m.pt,83a21266d35a5b4e0733ddb7145cfcaff6113b0aaba58c133e4f069665e25a00,m3_final_option_a_inference_only:v1,TRUE_UNSEEN_WITH_EXISTING_CHECKPOINT
20s10w,2020-07-01 00:00:00,salinity,120.0,36.2159347534,35.7068852181,file-f41657e1157275f9f90e6801da90976988fcbba3938b6e525b0830d4dc9ef138|S_NaN_20s10w|7|4,test,mask_aware_stgnn_v2_full,artifacts/algorithm/v21_reliability_gate/checkpoint/mask_aware_stgnn_v2_full__salinity__120p0m.pt,83a21266d35a5b4e0733ddb7145cfcaff6113b0aaba58c133e4f069665e25a00,m3_final_option_a_inference_only:v1,TRUE_UNSEEN_WITH_EXISTING_CHECKPOINT
20s10w,2020-08-01 00:00:00,salinity,120.0,36.4513168335,35.7093713505,file-f41657e1157275f9f90e6801da90976988fcbba3938b6e525b0830d4dc9ef138|S_NaN_20s10w|7|5,test,mask_aware_stgnn_v2_full,artifacts/algorithm/v21_reliability_gate/checkpoint/mask_aware_stgnn_v2_full__salinity__120p0m.pt,83a21266d35a5b4e0733ddb7145cfcaff6113b0aaba58c133e4f069665e25a00,m3_final_option_a_inference_only:v1,TRUE_UNSEEN_WITH_EXISTING_CHECKPOINT
20s10w,2020-09-01 00:00:00,salinity,120.0,36.5396652222,35.7200227311,file-f41657e1157275f9f90e6801da90976988fcbba3938b6e525b0830d4dc9ef138|S_NaN_20s10w|7|6,test,mask_aware_stgnn_v2_full,artifacts/algorithm/v21_reliability_gate/checkpoint/mask_aware_stgnn_v2_full__salinity__120p0m.pt,83a21266d35a5b4e0733ddb7145cfcaff6113b0aaba58c133e4f069665e25a00,m3_final_option_a_inference_only:v1,TRUE_UNSEEN_WITH_EXISTING_CHECKPOINT
20s10w,2021-01-01 00:00:00,salinity,120.0,36.3227081299,35.7530833969,file-f41657e1157275f9f90e6801da90976988fcbba3938b6e525b0830d4dc9ef138|S_NaN_20s10w|7|10,test,mask_aware_stgnn_v2_full,artifacts/algorithm/v21_reliability_gate/checkpoint/mask_aware_stgnn_v2_full__salinity__120p0m.pt,83a21266d35a5b4e0733ddb7145cfcaff6113b0aaba58c133e4f069665e25a00,m3_final_option_a_inference_only:v1,TRUE_UNSEEN_WITH_EXISTING_CHECKPOINT
20s10w,2021-02-01 00:00:00,salinity,120.0,36.3438224792,35.7319621518,file-f41657e1157275f9f90e6801da90976988fcbba3938b6e525b0830d4dc9ef138|S_NaN_20s10w|7|11,test,mask_aware_stgnn_v2_full,artifacts/algorithm/v21_reliability_gate/checkpoint/mask_aware_stgnn_v2_full__salinity__120p0m.pt,83a21266d35a5b4e0733ddb7145cfcaff6113b0aaba58c133e4f069665e25a00,m3_final_option_a_inference_only:v1,TRUE_UNSEEN_WITH_EXISTING_CHECKPOINT
20s10w,2021-03-01 00:00:00,salinity,120.0,36.3042678833,35.7230963354,file-f41657e1157275f9f90e6801da90976988fcbba3938b6e525b0830d4dc9ef138|S_NaN_20s10w|7|12,test,mask_aware_stgnn_v2_full,artifacts/algorithm/v21_reliability_gate/checkpoint/mask_aware_stgnn_v2_full__salinity__120p0m.pt,83a21266d35a5b4e0733ddb7145cfcaff6113b0aaba58c133e4f069665e25a00,m3_final_option_a_inference_only:v1,TRUE_UNSEEN_WITH_EXISTING_CHECKPOINT
20s10w,2021-04-01 00:00:00,salinity,120.0,36.0413665771,35.7131115279,file-f41657e1157275f9f90e6801da90976988fcbba3938b6e525b0830d4dc9ef138|S_NaN_20s10w|7|13,test,mask_aware_stgnn_v2_full,artifacts/algorithm/v21_reliability_gate/checkpoint/mask_aware_stgnn_v2_full__salinity__120p0m.pt,83a21266d35a5b4e0733ddb7145cfcaff6113b0aaba58c133e4f069665e25a00,m3_final_option_a_inference_only:v1,TRUE_UNSEEN_WITH_EXISTING_CHECKPOINT
20s10w,2021-05-01 00:00:00,salinity,120.0,36.0307121277,35.7082458779,file-f41657e1157275f9f90e6801da90976988fcbba3938b6e525b0830d4dc9ef138|S_NaN_20s10w|7|14,test,mask_aware_stgnn_v2_full,artifacts/algorithm/v21_reliability_gate/checkpoint/mask_aware_stgnn_v2_full__salinity__120p0m.pt,83a21266d35a5b4e0733ddb7145cfcaff6113b0aaba58c133e4f069665e25a00,m3_final_option_a_inference_only:v1,TRUE_UNSEEN_WITH_EXISTING_CHECKPOINT
20s10w,2021-06-01 00:00:00,salinity,120.0,35.9307632446,35.7054680433,file-f41657e1157275f9f90e6801da90976988fcbba3938b6e525b0830d4dc9ef138|S_NaN_20s10w|7|15,test,mask_aware_stgnn_v2_full,artifacts/algorithm/v21_reliability_gate/checkpoint/mask_aware_stgnn_v2_full__salinity__120p0m.pt,83a21266d35a5b4e0733ddb7145cfcaff6113b0aaba58c133e4f069665e25a00,m3_final_option_a_inference_only:v1,TRUE_UNSEEN_WITH_EXISTING_CHECKPOINT
20s10w,2021-07-01 00:00:00,salinity,120.0,36.0095176697,35.7063341883,file-f41657e1157275f9f90e6801da90976988fcbba3938b6e525b0830d4dc9ef138|S_NaN_20s10w|7|16,test,mask_aware_stgnn_v2_full,artifacts/algorithm/v21_reliability_gate/checkpoint/mask_aware_stgnn_v2_full__salinity__120p0m.pt,83a21266d35a5b4e0733ddb7145cfcaff6113b0aaba58c133e4f069665e25a00,m3_final_option_a_inference_only:v1,TRUE_UNSEEN_WITH_EXISTING_CHECKPOINT
20s10w,2021-08-01 00:00:00,salinity,120.0,36.3256187439,35.7178663965,file-f41657e1157275f9f90e6801da90976988fcbba3938b6e525b0830d4dc9ef138|S_NaN_20s10w|7|17,test,mask_aware_stgnn_v2_full,artifacts/algorithm/v21_reliability_gate/checkpoint/mask_aware_stgnn_v2_full__salinity__120p0m.pt,83a21266d35a5b4e0733ddb7145cfcaff6113b0aaba58c133e4f069665e25a00,m3_final_option_a_inference_only:v1,TRUE_UNSEEN_WITH_EXISTING_CHECKPOINT
20s10w,2022-03-01 00:00:00,salinity,120.0,36.3238830566,35.7380513903,file-f41657e1157275f9f90e6801da90976988fcbba3938b6e525b0830d4dc9ef138|S_NaN_20s10w|7|24,test,mask_aware_stgnn_v2_full,artifacts/algorithm/v21_reliability_gate/checkpoint/mask_aware_stgnn_v2_full__salinity__120p0m.pt,83a21266d35a5b4e0733ddb7145cfcaff6113b0aaba58c133e4f069665e25a00,m3_final_option_a_inference_only:v1,TRUE_UNSEEN_WITH_EXISTING_CHECKPOINT
20s10w,2022-04-01 00:00:00,salinity,120.0,36.2682991028,35.7365151668,file-f41657e1157275f9f90e6801da90976988fcbba3938b6e525b0830d4dc9ef138|S_NaN_20s10w|7|25,test,mask_aware_stgnn_v2_full,artifacts/algorithm/v21_reliability_gate/checkpoint/mask_aware_stgnn_v2_full__salinity__120p0m.pt,83a21266d35a5b4e0733ddb7145cfcaff6113b0aaba58c133e4f069665e25a00,m3_final_option_a_inference_only:v1,TRUE_UNSEEN_WITH_EXISTING_CHECKPOINT
20s10w,2022-05-01 00:00:00,salinity,120.0,36.2676124573,35.7370774732,file-f41657e1157275f9f90e6801da90976988fcbba3938b6e525b0830d4dc9ef138|S_NaN_20s10w|7|26,test,mask_aware_stgnn_v2_full,artifacts/algorithm/v21_reliability_gate/checkpoint/mask_aware_stgnn_v2_full__salinity__120p0m.pt,83a21266d35a5b4e0733ddb7145cfcaff6113b0aaba58c133e4f069665e25a00,m3_final_option_a_inference_only:v1,TRUE_UNSEEN_WITH_EXISTING_CHECKPOINT
20s10w,2022-06-01 00:00:00,salinity,120.0,36.1749954224,35.7455135241,file-f41657e1157275f9f90e6801da90976988fcbba3938b6e525b0830d4dc9ef138|S_NaN_20s10w|7|27,test,mask_aware_stgnn_v2_full,artifacts/algorithm/v21_reliability_gate/checkpoint/mask_aware_stgnn_v2_full__salinity__120p0m.pt,83a21266d35a5b4e0733ddb7145cfcaff6113b0aaba58c133e4f069665e25a00,m3_final_option_a_inference_only:v1,TRUE_UNSEEN_WITH_EXISTING_CHECKPOINT
20s10w,2022-08-01 00:00:00,salinity,120.0,36.4330406189,35.7441351393,file-f41657e1157275f9f90e6801da90976988fcbba3938b6e525b0830d4dc9ef138|S_NaN_20s10w|7|29,test,mask_aware_stgnn_v2_full,artifacts/algorithm/v21_reliability_gate/checkpoint/mask_aware_stgnn_v2_full__salinity__120p0m.pt,83a21266d35a5b4e0733ddb7145cfcaff6113b0aaba58c133e4f069665e25a00,m3_final_option_a_inference_only:v1,TRUE_UNSEEN_WITH_EXISTING_CHECKPOINT
20s10w,2022-09-01 00:00:00,salinity,120.0,36.3617935181,35.7705899286,file-f41657e1157275f9f90e6801da90976988fcbba3938b6e525b0830d4dc9ef138|S_NaN_20s10w|7|30,test,mask_aware_stgnn_v2_full,artifacts/algorithm/v21_reliability_gate/checkpoint/mask_aware_stgnn_v2_full__salinity__120p0m.pt,83a21266d35a5b4e0733ddb7145cfcaff6113b0aaba58c133e4f069665e25a00,m3_final_option_a_inference_only:v1,TRUE_UNSEEN_WITH_EXISTING_CHECKPOINT
20s10w,2022-10-01 00:00:00,salinity,120.0,36.3717308044,35.7886285416,file-f41657e1157275f9f90e6801da90976988fcbba3938b6e525b0830d4dc9ef138|S_NaN_20s10w|7|31,test,mask_aware_stgnn_v2_full,artifacts/algorithm/v21_reliability_gate/checkpoint/mask_aware_stgnn_v2_full__salinity__120p0m.pt,83a21266d35a5b4e0733ddb7145cfcaff6113b0aaba58c133e4f069665e25a00,m3_final_option_a_inference_only:v1,TRUE_UNSEEN_WITH_EXISTING_CHECKPOINT
20s10w,2022-11-01 00:00:00,salinity,120.0,36.3845291138,35.8051093701,file-f41657e1157275f9f90e6801da90976988fcbba3938b6e525b0830d4dc9ef138|S_NaN_20s10w|7|32,test,mask_aware_stgnn_v2_full,artifacts/algorithm/v21_reliability_gate/checkpoint/mask_aware_stgnn_v2_full__salinity__120p0m.pt,83a21266d35a5b4e0733ddb7145cfcaff6113b0aaba58c133e4f069665e25a00,m3_final_option_a_inference_only:v1,TRUE_UNSEEN_WITH_EXISTING_CHECKPOINT
20s10w,2022-12-01 00:00:00,salinity,120.0,36.3350334167,35.8095516038,file-f41657e1157275f9f90e6801da90976988fcbba3938b6e525b0830d4dc9ef138|S_NaN_20s10w|7|33,test,mask_aware_stgnn_v2_full,artifacts/algorithm/v21_reliability_gate/checkpoint/mask_aware_stgnn_v2_full__salinity__120p0m.pt,83a21266d35a5b4e0733ddb7145cfcaff6113b0aaba58c133e4f069665e25a00,m3_final_option_a_inference_only:v1,TRUE_UNSEEN_WITH_EXISTING_CHECKPOINT
20s10w,2023-01-01 00:00:00,salinity,120.0,36.2190666199,35.799596327,file-f41657e1157275f9f90e6801da90976988fcbba3938b6e525b0830d4dc9ef138|S_NaN_20s10w|7|34,test,mask_aware_stgnn_v2_full,artifacts/algorithm/v21_reliability_gate/checkpoint/mask_aware_stgnn_v2_full__salinity__120p0m.pt,83a21266d35a5b4e0733ddb7145cfcaff6113b0aaba58c133e4f069665e25a00,m3_final_option_a_inference_only:v1,TRUE_UNSEEN_WITH_EXISTING_CHECKPOINT
20s10w,2023-02-01 00:00:00,salinity,120.0,36.188747406,35.7790732021,file-f41657e1157275f9f90e6801da90976988fcbba3938b6e525b0830d4dc9ef138|S_NaN_20s10w|7|35,test,mask_aware_stgnn_v2_full,artifacts/algorithm/v21_reliability_gate/checkpoint/mask_aware_stgnn_v2_full__salinity__120p0m.pt,83a21266d35a5b4e0733ddb7145cfcaff6113b0aaba58c133e4f069665e25a00,m3_final_option_a_inference_only:v1,TRUE_UNSEEN_WITH_EXISTING_CHECKPOINT
20s10w,2023-03-01 00:00:00,salinity,120.0,36.1791687012,35.7409132864,file-f41657e1157275f9f90e6801da90976988fcbba3938b6e525b0830d4dc9ef138|S_NaN_20s10w|7|36,test,mask_aware_stgnn_v2_full,artifacts/algorithm/v21_reliability_gate/checkpoint/mask_aware_stgnn_v2_full__salinity__120p0m.pt,83a21266d35a5b4e0733ddb7145cfcaff6113b0aaba58c133e4f069665e25a00,m3_final_option_a_inference_only:v1,TRUE_UNSEEN_WITH_EXISTING_CHECKPOINT
20s10w,2024-03-01 00:00:00,salinity,120.0,36.1982345581,35.7282766044,file-f41657e1157275f9f90e6801da90976988fcbba3938b6e525b0830d4dc9ef138|S_NaN_20s10w|7|48,test,mask_aware_stgnn_v2_full,artifacts/algorithm/v21_reliability_gate/checkpoint/mask_aware_stgnn_v2_full__salinity__120p0m.pt,83a21266d35a5b4e0733ddb7145cfcaff6113b0aaba58c133e4f069665e25a00,m3_final_option_a_inference_only:v1,TRUE_UNSEEN_WITH_EXISTING_CHECKPOINT
20s10w,2024-04-01 00:00:00,salinity,120.0,36.1989631653,35.7205453546,file-f41657e1157275f9f90e6801da90976988fcbba3938b6e525b0830d4dc9ef138|S_NaN_20s10w|7|49,test,mask_aware_stgnn_v2_full,artifacts/algorithm/v21_reliability_gate/checkpoint/mask_aware_stgnn_v2_full__salinity__120p0m.pt,83a21266d35a5b4e0733ddb7145cfcaff6113b0aaba58c133e4f069665e25a00,m3_final_option_a_inference_only:v1,TRUE_UNSEEN_WITH_EXISTING_CHECKPOINT
20s10w,2024-05-01 00:00:00,salinity,120.0,36.2363548279,35.7181408698,file-f41657e1157275f9f90e6801da90976988fcbba3938b6e525b0830d4dc9ef138|S_NaN_20s10w|7|50,test,mask_aware_stgnn_v2_full,artifacts/algorithm/v21_reliability_gate/checkpoint/mask_aware_stgnn_v2_full__salinity__120p0m.pt,83a21266d35a5b4e0733ddb7145cfcaff6113b0aaba58c133e4f069665e25a00,m3_final_option_a_inference_only:v1,TRUE_UNSEEN_WITH_EXISTING_CHECKPOINT
20s10w,2024-06-01 00:00:00,salinity,120.0,36.1648330688,35.7131301458,file-f41657e1157275f9f90e6801da90976988fcbba3938b6e525b0830d4dc9ef138|S_NaN_20s10w|7|51,test,mask_aware_stgnn_v2_full,artifacts/algorithm/v21_reliability_gate/checkpoint/mask_aware_stgnn_v2_full__salinity__120p0m.pt,83a21266d35a5b4e0733ddb7145cfcaff6113b0aaba58c133e4f069665e25a00,m3_final_option_a_inference_only:v1,TRUE_UNSEEN_WITH_EXISTING_CHECKPOINT
20s10w,2024-07-01 00:00:00,salinity,120.0,36.2587432861,35.711386447,file-f41657e1157275f9f90e6801da90976988fcbba3938b6e525b0830d4dc9ef138|S_NaN_20s10w|7|52,test,mask_aware_stgnn_v2_full,artifacts/algorithm/v21_reliability_gate/checkpoint/mask_aware_stgnn_v2_full__salinity__120p0m.pt,83a21266d35a5b4e0733ddb7145cfcaff6113b0aaba58c133e4f069665e25a00,m3_final_option_a_inference_only:v1,TRUE_UNSEEN_WITH_EXISTING_CHECKPOINT
0n3w,2021-04-01 00:00:00,temperature,1.0,29.4390010834,27.0782637594,file-dd74593d9c52f8ab0d2c5469b851a64dbab49dab4b2ffd805d9752cfbd5dd5fa|T_NaN_0n3w|0|0,test,mask_aware_stgnn_v2_full,artifacts/algorithm/v21_reliability_gate/checkpoint/mask_aware_stgnn_v2_full__temperature__1p0m.pt,3a375aeaf655cfd8e3adb2c78475b52a62bcc65a87d3f0da265a53fd8d5ab165,m3_final_option_a_inference_only:v1,TRUE_UNSEEN_WITH_EXISTING_CHECKPOINT
0n3w,2021-05-01 00:00:00,temperature,1.0,28.7796783447,26.5996835555,file-dd74593d9c52f8ab0d2c5469b851a64dbab49dab4b2ffd805d9752cfbd5dd5fa|T_NaN_0n3w|0|1,test,mask_aware_stgnn_v2_full,artifacts/algorithm/v21_reliability_gate/checkpoint/mask_aware_stgnn_v2_full__temperature__1p0m.pt,3a375aeaf655cfd8e3adb2c78475b52a62bcc65a87d3f0da265a53fd8d5ab165,m3_final_option_a_inference_only:v1,TRUE_UNSEEN_WITH_EXISTING_CHECKPOINT
0n3w,2021-06-01 00:00:00,temperature,1.0,27.6079978943,26.1932248959,file-dd74593d9c52f8ab0d2c5469b851a64dbab49dab4b2ffd805d9752cfbd5dd5fa|T_NaN_0n3w|0|2,test,mask_aware_stgnn_v2_full,artifacts/algorithm/v21_reliability_gate/checkpoint/mask_aware_stgnn_v2_full__temperature__1p0m.pt,3a375aeaf655cfd8e3adb2c78475b52a62bcc65a87d3f0da265a53fd8d5ab165,m3_final_option_a_inference_only:v1,TRUE_UNSEEN_WITH_EXISTING_CHECKPOINT
0n3w,2021-07-01 00:00:00,temperature,1.0,26.7558097839,25.5587654846,file-dd74593d9c52f8ab0d2c5469b851a64dbab49dab4b2ffd805d9752cfbd5dd5fa|T_NaN_0n3w|0|3,test,mask_aware_stgnn_v2_full,artifacts/algorithm/v21_reliability_gate/checkpoint/mask_aware_stgnn_v2_full__temperature__1p0m.pt,3a375aeaf655cfd8e3adb2c78475b52a62bcc65a87d3f0da265a53fd8d5ab165,m3_final_option_a_inference_only:v1,TRUE_UNSEEN_WITH_EXISTING_CHECKPOINT
0n3w,2021-08-01 00:00:00,temperature,1.0,25.9190349579,25.5071363509,file-dd74593d9c52f8ab0d2c5469b851a64dbab49dab4b2ffd805d9752cfbd5dd5fa|T_NaN_0n3w|0|4,test,mask_aware_stgnn_v2_full,artifacts/algorithm/v21_reliability_gate/checkpoint/mask_aware_stgnn_v2_full__temperature__1p0m.pt,3a375aeaf655cfd8e3adb2c78475b52a62bcc65a87d3f0da265a53fd8d5ab165,m3_final_option_a_inference_only:v1,TRUE_UNSEEN_WITH_EXISTING_CHECKPOINT
0n3w,2021-09-01 00:00:00,temperature,1.0,26.7460002899,25.7651344506,file-dd74593d9c52f8ab0d2c5469b851a64dbab49dab4b2ffd805d9752cfbd5dd5fa|T_NaN_0n3w|0|5,test,mask_aware_stgnn_v2_full,artifacts/algorithm/v21_reliability_gate/checkpoint/mask_aware_stgnn_v2_full__temperature__1p0m.pt,3a375aeaf655cfd8e3adb2c78475b52a62bcc65a87d3f0da265a53fd8d5ab165,m3_final_option_a_inference_only:v1,TRUE_UNSEEN_WITH_EXISTING_CHECKPOINT
0n3w,2021-10-01 00:00:00,temperature,1.0,27.2664527893,26.0915078786,file-dd74593d9c52f8ab0d2c5469b851a64dbab49dab4b2ffd805d9752cfbd5dd5fa|T_NaN_0n3w|0|6,test,mask_aware_stgnn_v2_full,artifacts/algorithm/v21_reliability_gate/checkpoint/mask_aware_stgnn_v2_full__temperature__1p0m.pt,3a375aeaf655cfd8e3adb2c78475b52a62bcc65a87d3f0da265a53fd8d5ab165,m3_final_option_a_inference_only:v1,TRUE_UNSEEN_WITH_EXISTING_CHECKPOINT
0n3w,2021-11-01 00:00:00,temperature,1.0,27.6913375854,26.3377191591,file-dd74593d9c52f8ab0d2c5469b851a64dbab49dab4b2ffd805d9752cfbd5dd5fa|T_NaN_0n3w|0|7,test,mask_aware_stgnn_v2_full,artifacts/algorithm/v21_reliability_gate/checkpoint/mask_aware_stgnn_v2_full__temperature__1p0m.pt,3a375aeaf655cfd8e3adb2c78475b52a62bcc65a87d3f0da265a53fd8d5ab165,m3_final_option_a_inference_only:v1,TRUE_UNSEEN_WITH_EXISTING_CHECKPOINT
0n3w,2021-12-01 00:00:00,temperature,1.0,27.7409687042,26.5008878674,file-dd74593d9c52f8ab0d2c5469b851a64dbab49dab4b2ffd805d9752cfbd5dd5fa|T_NaN_0n3w|0|8,test,mask_aware_stgnn_v2_full,artifacts/algorithm/v21_reliability_gate/checkpoint/mask_aware_stgnn_v2_full__temperature__1p0m.pt,3a375aeaf655cfd8e3adb2c78475b52a62bcc65a87d3f0da265a53fd8d5ab165,m3_final_option_a_inference_only:v1,TRUE_UNSEEN_WITH_EXISTING_CHECKPOINT
0n3w,2022-01-01 00:00:00,temperature,1.0,28.4316062927,26.6659033356,file-dd74593d9c52f8ab0d2c5469b851a64dbab49dab4b2ffd805d9752cfbd5dd5fa|T_NaN_0n3w|0|9,test,mask_aware_stgnn_v2_full,artifacts/algorithm/v21_reliability_gate/checkpoint/mask_aware_stgnn_v2_full__temperature__1p0m.pt,3a375aeaf655cfd8e3adb2c78475b52a62bcc65a87d3f0da265a53fd8d5ab165,m3_final_option_a_inference_only:v1,TRUE_UNSEEN_WITH_EXISTING_CHECKPOINT
0n3w,2022-02-01 00:00:00,temperature,1.0,28.3989295959,26.7829419922,file-dd74593d9c52f8ab0d2c5469b851a64dbab49dab4b2ffd805d9752cfbd5dd5fa|T_NaN_0n3w|0|10,test,mask_aware_stgnn_v2_full,artifacts/algorithm/v21_reliability_gate/checkpoint/mask_aware_stgnn_v2_full__temperature__1p0m.pt,3a375aeaf655cfd8e3adb2c78475b52a62bcc65a87d3f0da265a53fd8d5ab165,m3_final_option_a_inference_only:v1,TRUE_UNSEEN_WITH_EXISTING_CHECKPOINT
0n3w,2022-03-01 00:00:00,temperature,1.0,29.4173355103,26.9568286505,file-dd74593d9c52f8ab0d2c5469b851a64dbab49dab4b2ffd805d9752cfbd5dd5fa|T_NaN_0n3w|0|11,test,mask_aware_stgnn_v2_full,artifacts/algorithm/v21_reliability_gate/checkpoint/mask_aware_stgnn_v2_full__temperature__1p0m.pt,3a375aeaf655cfd8e3adb2c78475b52a62bcc65a87d3f0da265a53fd8d5ab165,m3_final_option_a_inference_only:v1,TRUE_UNSEEN_WITH_EXISTING_CHECKPOINT
0n3w,2022-04-01 00:00:00,temperature,1.0,29.2660007477,26.9069693611,file-dd74593d9c52f8ab0d2c5469b851a64dbab49dab4b2ffd805d9752cfbd5dd5fa|T_NaN_0n3w|0|12,test,mask_aware_stgnn_v2_full,artifacts/algorithm/v21_reliability_gate/checkpoint/mask_aware_stgnn_v2_full__temperature__1p0m.pt,3a375aeaf655cfd8e3adb2c78475b52a62bcc65a87d3f0da265a53fd8d5ab165,m3_final_option_a_inference_only:v1,TRUE_UNSEEN_WITH_EXISTING_CHECKPOINT
0n3w,2022-05-01 00:00:00,temperature,1.0,28.010969162,26.5472979373,file-dd74593d9c52f8ab0d2c5469b851a64dbab49dab4b2ffd805d9752cfbd5dd5fa|T_NaN_0n3w|0|13,test,mask_aware_stgnn_v2_full,artifacts/algorithm/v21_reliability_gate/checkpoint/mask_aware_stgnn_v2_full__temperature__1p0m.pt,3a375aeaf655cfd8e3adb2c78475b52a62bcc65a87d3f0da265a53fd8d5ab165,m3_final_option_a_inference_only:v1,TRUE_UNSEEN_WITH_EXISTING_CHECKPOINT
0n3w,2022-06-01 00:00:00,temperature,1.0,26.3469982147,25.9401889361,file-dd74593d9c52f8ab0d2c5469b851a64dbab49dab4b2ffd805d9752cfbd5dd5fa|T_NaN_0n3w|0|14,test,mask_aware_stgnn_v2_full,artifacts/algorithm/v21_reliability_gate/checkpoint/mask_aware_stgnn_v2_full__temperature__1p0m.pt,3a375aeaf655cfd8e3adb2c78475b52a62bcc65a87d3f0da265a53fd8d5ab165,m3_final_option_a_inference_only:v1,TRUE_UNSEEN_WITH_EXISTING_CHECKPOINT
0n3w,2022-07-01 00:00:00,temperature,1.0,25.3764514923,25.2259161646,file-dd74593d9c52f8ab0d2c5469b851a64dbab49dab4b2ffd805d9752cfbd5dd5fa|T_NaN_0n3w|0|15,test,mask_aware_stgnn_v2_full,artifacts/algorithm/v21_reliability_gate/checkpoint/mask_aware_stgnn_v2_full__temperature__1p0m.pt,3a375aeaf655cfd8e3adb2c78475b52a62bcc65a87d3f0da265a53fd8d5ab165,m3_final_option_a_inference_only:v1,TRUE_UNSEEN_WITH_EXISTING_CHECKPOINT
0n3w,2022-08-01 00:00:00,temperature,1.0,25.4554824829,25.18351995,file-dd74593d9c52f8ab0d2c5469b851a64dbab49dab4b2ffd805d9752cfbd5dd5fa|T_NaN_0n3w|0|16,test,mask_aware_stgnn_v2_full,artifacts/algorithm/v21_reliability_gate/checkpoint/mask_aware_stgnn_v2_full__temperature__1p0m.pt,3a375aeaf655cfd8e3adb2c78475b52a62bcc65a87d3f0da265a53fd8d5ab165,m3_final_option_a_inference_only:v1,TRUE_UNSEEN_WITH_EXISTING_CHECKPOINT
0n3w,2022-09-01 00:00:00,temperature,1.0,25.5069961548,25.5950588386,file-dd74593d9c52f8ab0d2c5469b851a64dbab49dab4b2ffd805d9752cfbd5dd5fa|T_NaN_0n3w|0|17,test,mask_aware_stgnn_v2_full,artifacts/algorithm/v21_reliability_gate/checkpoint/mask_aware_stgnn_v2_full__temperature__1p0m.pt,3a375aeaf655cfd8e3adb2c78475b52a62bcc65a87d3f0da265a53fd8d5ab165,m3_final_option_a_inference_only:v1,TRUE_UNSEEN_WITH_EXISTING_CHECKPOINT
0n3w,2022-10-01 00:00:00,temperature,1.0,26.1715774536,25.8704175779,file-dd74593d9c52f8ab0d2c5469b851a64dbab49dab4b2ffd805d9752cfbd5dd5fa|T_NaN_0n3w|0|18,test,mask_aware_stgnn_v2_full,artifacts/algorithm/v21_reliability_gate/checkpoint/mask_aware_stgnn_v2_full__temperature__1p0m.pt,3a375aeaf655cfd8e3adb2c78475b52a62bcc65a87d3f0da265a53fd8d5ab165,m3_final_option_a_inference_only:v1,TRUE_UNSEEN_WITH_EXISTING_CHECKPOINT
0n3w,2022-12-01 00:00:00,temperature,1.0,28.3135299683,26.471294596,file-dd74593d9c52f8ab0d2c5469b851a64dbab49dab4b2ffd805d9752cfbd5dd5fa|T_NaN_0n3w|0|20,test,mask_aware_stgnn_v2_full,artifacts/algorithm/v21_reliability_gate/checkpoint/mask_aware_stgnn_v2_full__temperature__1p0m.pt,3a375aeaf655cfd8e3adb2c78475b52a62bcc65a87d3f0da265a53fd8d5ab165,m3_final_option_a_inference_only:v1,TRUE_UNSEEN_WITH_EXISTING_CHECKPOINT
0n3w,2023-01-01 00:00:00,temperature,1.0,28.727098465,26.799892855,file-dd74593d9c52f8ab0d2c5469b851a64dbab49dab4b2ffd805d9752cfbd5dd5fa|T_NaN_0n3w|0|21,test,mask_aware_stgnn_v2_full,artifacts/algorithm/v21_reliability_gate/checkpoint/mask_aware_stgnn_v2_full__temperature__1p0m.pt,3a375aeaf655cfd8e3adb2c78475b52a62bcc65a87d3f0da265a53fd8d5ab165,m3_final_option_a_inference_only:v1,TRUE_UNSEEN_WITH_EXISTING_CHECKPOINT
0n3w,2023-02-01 00:00:00,temperature,1.0,28.9332141876,26.9650938603,file-dd74593d9c52f8ab0d2c5469b851a64dbab49dab4b2ffd805d9752cfbd5dd5fa|T_NaN_0n3w|0|22,test,mask_aware_stgnn_v2_full,artifacts/algorithm/v21_reliability_gate/checkpoint/mask_aware_stgnn_v2_full__temperature__1p0m.pt,3a375aeaf655cfd8e3adb2c78475b52a62bcc65a87d3f0da265a53fd8d5ab165,m3_final_option_a_inference_only:v1,TRUE_UNSEEN_WITH_EXISTING_CHECKPOINT
0n3w,2023-03-01 00:00:00,temperature,1.0,29.3341388702,27.0149808922,file-dd74593d9c52f8ab0d2c5469b851a64dbab49dab4b2ffd805d9752cfbd5dd5fa|T_NaN_0n3w|0|23,test,mask_aware_stgnn_v2_full,artifacts/algorithm/v21_reliability_gate/checkpoint/mask_aware_stgnn_v2_full__temperature__1p0m.pt,3a375aeaf655cfd8e3adb2c78475b52a62bcc65a87d3f0da265a53fd8d5ab165,m3_final_option_a_inference_only:v1,TRUE_UNSEEN_WITH_EXISTING_CHECKPOINT
0n3w,2023-04-01 00:00:00,temperature,1.0,29.4449996948,26.9681750392,file-dd74593d9c52f8ab0d2c5469b851a64dbab49dab4b2ffd805d9752cfbd5dd5fa|T_NaN_0n3w|0|24,test,mask_aware_stgnn_v2_full,artifacts/algorithm/v21_reliability_gate/checkpoint/mask_aware_stgnn_v2_full__temperature__1p0m.pt,3a375aeaf655cfd8e3adb2c78475b52a62bcc65a87d3f0da265a53fd8d5ab165,m3_final_option_a_inference_only:v1,TRUE_UNSEEN_WITH_EXISTING_CHECKPOINT
0n3w,2023-05-01 00:00:00,temperature,1.0,28.9070968628,26.7360430281,file-dd74593d9c52f8ab0d2c5469b851a64dbab49dab4b2ffd805d9752cfbd5dd5fa|T_NaN_0n3w|0|25,test,mask_aware_stgnn_v2_full,artifacts/algorithm/v21_reliability_gate/checkpoint/mask_aware_stgnn_v2_full__temperature__1p0m.pt,3a375aeaf655cfd8e3adb2c78475b52a62bcc65a87d3f0da265a53fd8d5ab165,m3_final_option_a_inference_only:v1,TRUE_UNSEEN_WITH_EXISTING_CHECKPOINT
0n3w,2023-06-01 00:00:00,temperature,1.0,26.030002594,25.7256580974,file-dd74593d9c52f8ab0d2c5469b851a64dbab49dab4b2ffd805d9752cfbd5dd5fa|T_NaN_0n3w|0|26,test,mask_aware_stgnn_v2_full,artifacts/algorithm/v21_reliability_gate/checkpoint/mask_aware_stgnn_v2_full__temperature__1p0m.pt,3a375aeaf655cfd8e3adb2c78475b52a62bcc65a87d3f0da265a53fd8d5ab165,m3_final_option_a_inference_only:v1,TRUE_UNSEEN_WITH_EXISTING_CHECKPOINT
0n3w,2023-07-01 00:00:00,temperature,1.0,26.4980640411,25.2996632627,file-dd74593d9c52f8ab0d2c5469b851a64dbab49dab4b2ffd805d9752cfbd5dd5fa|T_NaN_0n3w|0|27,test,mask_aware_stgnn_v2_full,artifacts/algorithm/v21_reliability_gate/checkpoint/mask_aware_stgnn_v2_full__temperature__1p0m.pt,3a375aeaf655cfd8e3adb2c78475b52a62bcc65a87d3f0da265a53fd8d5ab165,m3_final_option_a_inference_only:v1,TRUE_UNSEEN_WITH_EXISTING_CHECKPOINT
0n3w,2023-08-01 00:00:00,temperature,1.0,25.7464485168,25.3023809512,file-dd74593d9c52f8ab0d2c5469b851a64dbab49dab4b2ffd805d9752cfbd5dd5fa|T_NaN_0n3w|0|28,test,mask_aware_stgnn_v2_full,artifacts/algorithm/v21_reliability_gate/checkpoint/mask_aware_stgnn_v2_full__temperature__1p0m.pt,3a375aeaf655cfd8e3adb2c78475b52a62bcc65a87d3f0da265a53fd8d5ab165,m3_final_option_a_inference_only:v1,TRUE_UNSEEN_WITH_EXISTING_CHECKPOINT
0n3w,2023-09-01 00:00:00,temperature,1.0,26.2229995728,25.5377139673,file-dd74593d9c52f8ab0d2c5469b851a64dbab49dab4b2ffd805d9752cfbd5dd5fa|T_NaN_0n3w|0|29,test,mask_aware_stgnn_v2_full,artifacts/algorithm/v21_reliability_gate/checkpoint/mask_aware_stgnn_v2_full__temperature__1p0m.pt,3a375aeaf655cfd8e3adb2c78475b52a62bcc65a87d3f0da265a53fd8d5ab165,m3_final_option_a_inference_only:v1,TRUE_UNSEEN_WITH_EXISTING_CHECKPOINT
0n3w,2023-10-01 00:00:00,temperature,1.0,26.7400016785,25.834117276,file-dd74593d9c52f8ab0d2c5469b851a64dbab49dab4b2ffd805d9752cfbd5dd5fa|T_NaN_0n3w|0|30,test,mask_aware_stgnn_v2_full,artifacts/algorithm/v21_reliability_gate/checkpoint/mask_aware_stgnn_v2_full__temperature__1p0m.pt,3a375aeaf655cfd8e3adb2c78475b52a62bcc65a87d3f0da265a53fd8d5ab165,m3_final_option_a_inference_only:v1,TRUE_UNSEEN_WITH_EXISTING_CHECKPOINT
0n3w,2023-11-01 00:00:00,temperature,1.0,27.8816642761,26.2802421317,file-dd74593d9c52f8ab0d2c5469b851a64dbab49dab4b2ffd805d9752cfbd5dd5fa|T_NaN_0n3w|0|31,test,mask_aware_stgnn_v2_full,artifacts/algorithm/v21_reliability_gate/checkpoint/mask_aware_stgnn_v2_full__temperature__1p0m.pt,3a375aeaf655cfd8e3adb2c78475b52a62bcc65a87d3f0da265a53fd8d5ab165,m3_final_option_a_inference_only:v1,TRUE_UNSEEN_WITH_EXISTING_CHECKPOINT
0n3w,2023-12-01 00:00:00,temperature,1.0,28.6429042816,26.6423134775,file-dd74593d9c52f8ab0d2c5469b851a64dbab49dab4b2ffd805d9752cfbd5dd5fa|T_NaN_0n3w|0|32,test,mask_aware_stgnn_v2_full,artifacts/algorithm/v21_reliability_gate/checkpoint/mask_aware_stgnn_v2_full__temperature__1p0m.pt,3a375aeaf655cfd8e3adb2c78475b52a62bcc65a87d3f0da265a53fd8d5ab165,m3_final_option_a_inference_only:v1,TRUE_UNSEEN_WITH_EXISTING_CHECKPOINT
0n3w,2024-01-01 00:00:00,temperature,1.0,28.8290271759,26.7575185848,file-dd74593d9c52f8ab0d2c5469b851a64dbab49dab4b2ffd805d9752cfbd5dd5fa|T_NaN_0n3w|0|33,test,mask_aware_stgnn_v2_full,artifacts/algorithm/v21_reliability_gate/checkpoint/mask_aware_stgnn_v2_full__temperature__1p0m.pt,3a375aeaf655cfd8e3adb2c78475b52a62bcc65a87d3f0da265a53fd8d5ab165,m3_final_option_a_inference_only:v1,TRUE_UNSEEN_WITH_EXISTING_CHECKPOINT
0n3w,2024-02-01 00:00:00,temperature,1.0,29.9703445435,26.993046361,file-dd74593d9c52f8ab0d2c5469b851a64dbab49dab4b2ffd805d9752cfbd5dd5fa|T_NaN_0n3w|0|34,test,mask_aware_stgnn_v2_full,artifacts/algorithm/v21_reliability_gate/checkpoint/mask_aware_stgnn_v2_full__temperature__1p0m.pt,3a375aeaf655cfd8e3adb2c78475b52a62bcc65a87d3f0da265a53fd8d5ab165,m3_final_option_a_inference_only:v1,TRUE_UNSEEN_WITH_EXISTING_CHECKPOINT
0n3w,2024-03-01 00:00:00,temperature,1.0,30.5689697266,27.096140791,file-dd74593d9c52f8ab0d2c5469b851a64dbab49dab4b2ffd805d9752cfbd5dd5fa|T_NaN_0n3w|0|35,test,mask_aware_stgnn_v2_full,artifacts/algorithm/v21_reliability_gate/checkpoint/mask_aware_stgnn_v2_full__temperature__1p0m.pt,3a375aeaf655cfd8e3adb2c78475b52a62bcc65a87d3f0da265a53fd8d5ab165,m3_final_option_a_inference_only:v1,TRUE_UNSEEN_WITH_EXISTING_CHECKPOINT
0n3w,2024-04-01 00:00:00,temperature,1.0,30.1713314056,27.0280409307,file-dd74593d9c52f8ab0d2c5469b851a64dbab49dab4b2ffd805d9752cfbd5dd5fa|T_NaN_0n3w|0|36,test,mask_aware_stgnn_v2_full,artifacts/algorithm/v21_reliability_gate/checkpoint/mask_aware_stgnn_v2_full__temperature__1p0m.pt,3a375aeaf655cfd8e3adb2c78475b52a62bcc65a87d3f0da265a53fd8d5ab165,m3_final_option_a_inference_only:v1,TRUE_UNSEEN_WITH_EXISTING_CHECKPOINT
0n3w,2024-05-01 00:00:00,temperature,1.0,29.0409660339,26.7026711745,file-dd74593d9c52f8ab0d2c5469b851a64dbab49dab4b2ffd805d9752cfbd5dd5fa|T_NaN_0n3w|0|37,test,mask_aware_stgnn_v2_full,artifacts/algorithm/v21_reliability_gate/checkpoint/mask_aware_stgnn_v2_full__temperature__1p0m.pt,3a375aeaf655cfd8e3adb2c78475b52a62bcc65a87d3f0da265a53fd8d5ab165,m3_final_option_a_inference_only:v1,TRUE_UNSEEN_WITH_EXISTING_CHECKPOINT
0n3w,2024-06-01 00:00:00,temperature,1.0,25.7706680298,25.634688534,file-dd74593d9c52f8ab0d2c5469b851a64dbab49dab4b2ffd805d9752cfbd5dd5fa|T_NaN_0n3w|0|38,test,mask_aware_stgnn_v2_full,artifacts/algorithm/v21_reliability_gate/checkpoint/mask_aware_stgnn_v2_full__temperature__1p0m.pt,3a375aeaf655cfd8e3adb2c78475b52a62bcc65a87d3f0da265a53fd8d5ab165,m3_final_option_a_inference_only:v1,TRUE_UNSEEN_WITH_EXISTING_CHECKPOINT
0n3w,2024-07-01 00:00:00,temperature,1.0,25.9087085724,25.190280117,file-dd74593d9c52f8ab0d2c5469b851a64dbab49dab4b2ffd805d9752cfbd5dd5fa|T_NaN_0n3w|0|39,test,mask_aware_stgnn_v2_full,artifacts/algorithm/v21_reliability_gate/checkpoint/mask_aware_stgnn_v2_full__temperature__1p0m.pt,3a375aeaf655cfd8e3adb2c78475b52a62bcc65a87d3f0da265a53fd8d5ab165,m3_final_option_a_inference_only:v1,TRUE_UNSEEN_WITH_EXISTING_CHECKPOINT
0n3w,2021-04-01 00:00:00,temperature,20.0,28.9136657715,27.1015803539,file-dd74593d9c52f8ab0d2c5469b851a64dbab49dab4b2ffd805d9752cfbd5dd5fa|T_NaN_0n3w|1|0,test,mask_aware_stgnn_v2_full,artifacts/algorithm/v21_reliability_gate/checkpoint/mask_aware_stgnn_v2_full__temperature__20p0m.pt,9b19409827eceabffc2604de2c4cbd26e28df14abdd2fd35c8b3490e3ff75fd2,m3_final_option_a_inference_only:v1,TRUE_UNSEEN_WITH_EXISTING_CHECKPOINT
0n3w,2021-05-01 00:00:00,temperature,20.0,28.3696784973,26.7420660868,file-dd74593d9c52f8ab0d2c5469b851a64dbab49dab4b2ffd805d9752cfbd5dd5fa|T_NaN_0n3w|1|1,test,mask_aware_stgnn_v2_full,artifacts/algorithm/v21_reliability_gate/checkpoint/mask_aware_stgnn_v2_full__temperature__20p0m.pt,9b19409827eceabffc2604de2c4cbd26e28df14abdd2fd35c8b3490e3ff75fd2,m3_final_option_a_inference_only:v1,TRUE_UNSEEN_WITH_EXISTING_CHECKPOINT
0n3w,2021-06-01 00:00:00,temperature,20.0,27.1249961853,26.2116961152,file-dd74593d9c52f8ab0d2c5469b851a64dbab49dab4b2ffd805d9752cfbd5dd5fa|T_NaN_0n3w|1|2,test,mask_aware_stgnn_v2_full,artifacts/algorithm/v21_reliability_gate/checkpoint/mask_aware_stgnn_v2_full__temperature__20p0m.pt,9b19409827eceabffc2604de2c4cbd26e28df14abdd2fd35c8b3490e3ff75fd2,m3_final_option_a_inference_only:v1,TRUE_UNSEEN_WITH_EXISTING_CHECKPOINT
0n3w,2021-07-01 00:00:00,temperature,20.0,26.3029022217,25.7988980771,file-dd74593d9c52f8ab0d2c5469b851a64dbab49dab4b2ffd805d9752cfbd5dd5fa|T_NaN_0n3w|1|3,test,mask_aware_stgnn_v2_full,artifacts/algorithm/v21_reliability_gate/checkpoint/mask_aware_stgnn_v2_full__temperature__20p0m.pt,9b19409827eceabffc2604de2c4cbd26e28df14abdd2fd35c8b3490e3ff75fd2,m3_final_option_a_inference_only:v1,TRUE_UNSEEN_WITH_EXISTING_CHECKPOINT
0n3w,2021-08-01 00:00:00,temperature,20.0,25.4916133881,25.9572510862,file-dd74593d9c52f8ab0d2c5469b851a64dbab49dab4b2ffd805d9752cfbd5dd5fa|T_NaN_0n3w|1|4,test,mask_aware_stgnn_v2_full,artifacts/algorithm/v21_reliability_gate/checkpoint/mask_aware_stgnn_v2_full__temperature__20p0m.pt,9b19409827eceabffc2604de2c4cbd26e28df14abdd2fd35c8b3490e3ff75fd2,m3_final_option_a_inference_only:v1,TRUE_UNSEEN_WITH_EXISTING_CHECKPOINT
0n3w,2021-09-01 00:00:00,temperature,20.0,26.6170005798,26.3084951299,file-dd74593d9c52f8ab0d2c5469b851a64dbab49dab4b2ffd805d9752cfbd5dd5fa|T_NaN_0n3w|1|5,test,mask_aware_stgnn_v2_full,artifacts/algorithm/v21_reliability_gate/checkpoint/mask_aware_stgnn_v2_full__temperature__20p0m.pt,9b19409827eceabffc2604de2c4cbd26e28df14abdd2fd35c8b3490e3ff75fd2,m3_final_option_a_inference_only:v1,TRUE_UNSEEN_WITH_EXISTING_CHECKPOINT
0n3w,2021-10-01 00:00:00,temperature,20.0,27.2341899872,26.5241251365,file-dd74593d9c52f8ab0d2c5469b851a64dbab49dab4b2ffd805d9752cfbd5dd5fa|T_NaN_0n3w|1|6,test,mask_aware_stgnn_v2_full,artifacts/algorithm/v21_reliability_gate/checkpoint/mask_aware_stgnn_v2_full__temperature__20p0m.pt,9b19409827eceabffc2604de2c4cbd26e28df14abdd2fd35c8b3490e3ff75fd2,m3_final_option_a_inference_only:v1,TRUE_UNSEEN_WITH_EXISTING_CHECKPOINT
0n3w,2021-11-01 00:00:00,temperature,20.0,27.6383361816,26.614258565,file-dd74593d9c52f8ab0d2c5469b851a64dbab49dab4b2ffd805d9752cfbd5dd5fa|T_NaN_0n3w|1|7,test,mask_aware_stgnn_v2_full,artifacts/algorithm/v21_reliability_gate/checkpoint/mask_aware_stgnn_v2_full__temperature__20p0m.pt,9b19409827eceabffc2604de2c4cbd26e28df14abdd2fd35c8b3490e3ff75fd2,m3_final_option_a_inference_only:v1,TRUE_UNSEEN_WITH_EXISTING_CHECKPOINT
0n3w,2021-12-01 00:00:00,temperature,20.0,26.990644455,26.6784856264,file-dd74593d9c52f8ab0d2c5469b851a64dbab49dab4b2ffd805d9752cfbd5dd5fa|T_NaN_0n3w|1|8,test,mask_aware_stgnn_v2_full,artifacts/algorithm/v21_reliability_gate/checkpoint/mask_aware_stgnn_v2_full__temperature__20p0m.pt,9b19409827eceabffc2604de2c4cbd26e28df14abdd2fd35c8b3490e3ff75fd2,m3_final_option_a_inference_only:v1,TRUE_UNSEEN_WITH_EXISTING_CHECKPOINT
0n3w,2022-01-01 00:00:00,temperature,20.0,25.3480701447,26.7749967156,file-dd74593d9c52f8ab0d2c5469b851a64dbab49dab4b2ffd805d9752cfbd5dd5fa|T_NaN_0n3w|1|9,test,mask_aware_stgnn_v2_full,artifacts/algorithm/v21_reliability_gate/checkpoint/mask_aware_stgnn_v2_full__temperature__20p0m.pt,9b19409827eceabffc2604de2c4cbd26e28df14abdd2fd35c8b3490e3ff75fd2,m3_final_option_a_inference_only:v1,TRUE_UNSEEN_WITH_EXISTING_CHECKPOINT
0n3w,2022-02-01 00:00:00,temperature,20.0,26.9114265442,26.9621543982,file-dd74593d9c52f8ab0d2c5469b851a64dbab49dab4b2ffd805d9752cfbd5dd5fa|T_NaN_0n3w|1|10,test,mask_aware_stgnn_v2_full,artifacts/algorithm/v21_reliability_gate/checkpoint/mask_aware_stgnn_v2_full__temperature__20p0m.pt,9b19409827eceabffc2604de2c4cbd26e28df14abdd2fd35c8b3490e3ff75fd2,m3_final_option_a_inference_only:v1,TRUE_UNSEEN_WITH_EXISTING_CHECKPOINT
0n3w,2022-03-01 00:00:00,temperature,20.0,28.8800048828,27.208276918,file-dd74593d9c52f8ab0d2c5469b851a64dbab49dab4b2ffd805d9752cfbd5dd5fa|T_NaN_0n3w|1|11,test,mask_aware_stgnn_v2_full,artifacts/algorithm/v21_reliability_gate/checkpoint/mask_aware_stgnn_v2_full__temperature__20p0m.pt,9b19409827eceabffc2604de2c4cbd26e28df14abdd2fd35c8b3490e3ff75fd2,m3_final_option_a_inference_only:v1,TRUE_UNSEEN_WITH_EXISTING_CHECKPOINT
0n3w,2023-04-01 00:00:00,temperature,20.0,29.0710029602,27.2561716654,file-dd74593d9c52f8ab0d2c5469b851a64dbab49dab4b2ffd805d9752cfbd5dd5fa|T_NaN_0n3w|1|24,test,mask_aware_stgnn_v2_full,artifacts/algorithm/v21_reliability_gate/checkpoint/mask_aware_stgnn_v2_full__temperature__20p0m.pt,9b19409827eceabffc2604de2c4cbd26e28df14abdd2fd35c8b3490e3ff75fd2,m3_final_option_a_inference_only:v1,TRUE_UNSEEN_WITH_EXISTING_CHECKPOINT
0n3w,2023-05-01 00:00:00,temperature,20.0,28.6174163818,26.8095433797,file-dd74593d9c52f8ab0d2c5469b851a64dbab49dab4b2ffd805d9752cfbd5dd5fa|T_NaN_0n3w|1|25,test,mask_aware_stgnn_v2_full,artifacts/algorithm/v21_reliability_gate/checkpoint/mask_aware_stgnn_v2_full__temperature__20p0m.pt,9b19409827eceabffc2604de2c4cbd26e28df14abdd2fd35c8b3490e3ff75fd2,m3_final_option_a_inference_only:v1,TRUE_UNSEEN_WITH_EXISTING_CHECKPOINT
0n3w,2023-06-01 00:00:00,temperature,20.0,24.7973365784,25.8293763506,file-dd74593d9c52f8ab0d2c5469b851a64dbab49dab4b2ffd805d9752cfbd5dd5fa|T_NaN_0n3w|1|26,test,mask_aware_stgnn_v2_full,artifacts/algorithm/v21_reliability_gate/checkpoint/mask_aware_stgnn_v2_full__temperature__20p0m.pt,9b19409827eceabffc2604de2c4cbd26e28df14abdd2fd35c8b3490e3ff75fd2,m3_final_option_a_inference_only:v1,TRUE_UNSEEN_WITH_EXISTING_CHECKPOINT
0n3w,2023-07-01 00:00:00,temperature,20.0,26.1335487366,25.4896266947,file-dd74593d9c52f8ab0d2c5469b851a64dbab49dab4b2ffd805d9752cfbd5dd5fa|T_NaN_0n3w|1|27,test,mask_aware_stgnn_v2_full,artifacts/algorithm/v21_reliability_gate/checkpoint/mask_aware_stgnn_v2_full__temperature__20p0m.pt,9b19409827eceabffc2604de2c4cbd26e28df14abdd2fd35c8b3490e3ff75fd2,m3_final_option_a_inference_only:v1,TRUE_UNSEEN_WITH_EXISTING_CHECKPOINT
0n3w,2023-08-01 00:00:00,temperature,20.0,25.2719345093,25.5019763467,file-dd74593d9c52f8ab0d2c5469b851a64dbab49dab4b2ffd805d9752cfbd5dd5fa|T_NaN_0n3w|1|28,test,mask_aware_stgnn_v2_full,artifacts/algorithm/v21_reliability_gate/checkpoint/mask_aware_stgnn_v2_full__temperature__20p0m.pt,9b19409827eceabffc2604de2c4cbd26e28df14abdd2fd35c8b3490e3ff75fd2,m3_final_option_a_inference_only:v1,TRUE_UNSEEN_WITH_EXISTING_CHECKPOINT
0n3w,2023-09-01 00:00:00,temperature,20.0,26.1506671906,25.7719344698,file-dd74593d9c52f8ab0d2c5469b851a64dbab49dab4b2ffd805d9752cfbd5dd5fa|T_NaN_0n3w|1|29,test,mask_aware_stgnn_v2_full,artifacts/algorithm/v21_reliability_gate/checkpoint/mask_aware_stgnn_v2_full__temperature__20p0m.pt,9b19409827eceabffc2604de2c4cbd26e28df14abdd2fd35c8b3490e3ff75fd2,m3_final_option_a_inference_only:v1,TRUE_UNSEEN_WITH_EXISTING_CHECKPOINT
0n3w,2023-10-01 00:00:00,temperature,20.0,26.6796779633,25.9358644282,file-dd74593d9c52f8ab0d2c5469b851a64dbab49dab4b2ffd805d9752cfbd5dd5fa|T_NaN_0n3w|1|30,test,mask_aware_stgnn_v2_full,artifacts/algorithm/v21_reliability_gate/checkpoint/mask_aware_stgnn_v2_full__temperature__20p0m.pt,9b19409827eceabffc2604de2c4cbd26e28df14abdd2fd35c8b3490e3ff75fd2,m3_final_option_a_inference_only:v1,TRUE_UNSEEN_WITH_EXISTING_CHECKPOINT
0n3w,2023-11-01 00:00:00,temperature,20.0,27.8083305359,26.246297995,file-dd74593d9c52f8ab0d2c5469b851a64dbab49dab4b2ffd805d9752cfbd5dd5fa|T_NaN_0n3w|1|31,test,mask_aware_stgnn_v2_full,artifacts/algorithm/v21_reliability_gate/checkpoint/mask_aware_stgnn_v2_full__temperature__20p0m.pt,9b19409827eceabffc2604de2c4cbd26e28df14abdd2fd35c8b3490e3ff75fd2,m3_final_option_a_inference_only:v1,TRUE_UNSEEN_WITH_EXISTING_CHECKPOINT
0n3w,2023-12-01 00:00:00,temperature,20.0,28.398065567,26.653908272,file-dd74593d9c52f8ab0d2c5469b851a64dbab49dab4b2ffd805d9752cfbd5dd5fa|T_NaN_0n3w|1|32,test,mask_aware_stgnn_v2_full,artifacts/algorithm/v21_reliability_gate/checkpoint/mask_aware_stgnn_v2_full__temperature__20p0m.pt,9b19409827eceabffc2604de2c4cbd26e28df14abdd2fd35c8b3490e3ff75fd2,m3_final_option_a_inference_only:v1,TRUE_UNSEEN_WITH_EXISTING_CHECKPOINT
0n3w,2024-01-01 00:00:00,temperature,20.0,28.0325832367,26.8089756115,file-dd74593d9c52f8ab0d2c5469b851a64dbab49dab4b2ffd805d9752cfbd5dd5fa|T_NaN_0n3w|1|33,test,mask_aware_stgnn_v2_full,artifacts/algorithm/v21_reliability_gate/checkpoint/mask_aware_stgnn_v2_full__temperature__20p0m.pt,9b19409827eceabffc2604de2c4cbd26e28df14abdd2fd35c8b3490e3ff75fd2,m3_final_option_a_inference_only:v1,TRUE_UNSEEN_WITH_EXISTING_CHECKPOINT
0n3w,2024-02-01 00:00:00,temperature,20.0,28.7741355896,27.2372625963,file-dd74593d9c52f8ab0d2c5469b851a64dbab49dab4b2ffd805d9752cfbd5dd5fa|T_NaN_0n3w|1|34,test,mask_aware_stgnn_v2_full,artifacts/algorithm/v21_reliability_gate/checkpoint/mask_aware_stgnn_v2_full__temperature__20p0m.pt,9b19409827eceabffc2604de2c4cbd26e28df14abdd2fd35c8b3490e3ff75fd2,m3_final_option_a_inference_only:v1,TRUE_UNSEEN_WITH_EXISTING_CHECKPOINT
0n3w,2024-03-01 00:00:00,temperature,20.0,30.0313777924,27.6009100934,file-dd74593d9c52f8ab0d2c5469b851a64dbab49dab4b2ffd805d9752cfbd5dd5fa|T_NaN_0n3w|1|35,test,mask_aware_stgnn_v2_full,artifacts/algorithm/v21_reliability_gate/checkpoint/mask_aware_stgnn_v2_full__temperature__20p0m.pt,9b19409827eceabffc2604de2c4cbd26e28df14abdd2fd35c8b3490e3ff75fd2,m3_final_option_a_inference_only:v1,TRUE_UNSEEN_WITH_EXISTING_CHECKPOINT
0n3w,2024-04-01 00:00:00,temperature,20.0,29.5193367004,27.4517440267,file-dd74593d9c52f8ab0d2c5469b851a64dbab49dab4b2ffd805d9752cfbd5dd5fa|T_NaN_0n3w|1|36,test,mask_aware_stgnn_v2_full,artifacts/algorithm/v21_reliability_gate/checkpoint/mask_aware_stgnn_v2_full__temperature__20p0m.pt,9b19409827eceabffc2604de2c4cbd26e28df14abdd2fd35c8b3490e3ff75fd2,m3_final_option_a_inference_only:v1,TRUE_UNSEEN_WITH_EXISTING_CHECKPOINT
0n3w,2024-05-01 00:00:00,temperature,20.0,28.5535449982,26.8944387377,file-dd74593d9c52f8ab0d2c5469b851a64dbab49dab4b2ffd805d9752cfbd5dd5fa|T_NaN_0n3w|1|37,test,mask_aware_stgnn_v2_full,artifacts/algorithm/v21_reliability_gate/checkpoint/mask_aware_stgnn_v2_full__temperature__20p0m.pt,9b19409827eceabffc2604de2c4cbd26e28df14abdd2fd35c8b3490e3ff75fd2,m3_final_option_a_inference_only:v1,TRUE_UNSEEN_WITH_EXISTING_CHECKPOINT
0n3w,2024-06-01 00:00:00,temperature,20.0,24.1150035858,25.7800997427,file-dd74593d9c52f8ab0d2c5469b851a64dbab49dab4b2ffd805d9752cfbd5dd5fa|T_NaN_0n3w|1|38,test,mask_aware_stgnn_v2_full,artifacts/algorithm/v21_reliability_gate/checkpoint/mask_aware_stgnn_v2_full__temperature__20p0m.pt,9b19409827eceabffc2604de2c4cbd26e28df14abdd2fd35c8b3490e3ff75fd2,m3_final_option_a_inference_only:v1,TRUE_UNSEEN_WITH_EXISTING_CHECKPOINT
0n3w,2024-07-01 00:00:00,temperature,20.0,24.9145145416,25.2964365954,file-dd74593d9c52f8ab0d2c5469b851a64dbab49dab4b2ffd805d9752cfbd5dd5fa|T_NaN_0n3w|1|39,test,mask_aware_stgnn_v2_full,artifacts/algorithm/v21_reliability_gate/checkpoint/mask_aware_stgnn_v2_full__temperature__20p0m.pt,9b19409827eceabffc2604de2c4cbd26e28df14abdd2fd35c8b3490e3ff75fd2,m3_final_option_a_inference_only:v1,TRUE_UNSEEN_WITH_EXISTING_CHECKPOINT
0n3w,2021-04-01 00:00:00,temperature,40.0,24.4553337097,26.0756373705,file-dd74593d9c52f8ab0d2c5469b851a64dbab49dab4b2ffd805d9752cfbd5dd5fa|T_NaN_0n3w|2|0,test,mask_aware_stgnn_v2_full,artifacts/algorithm/v21_reliability_gate/checkpoint/mask_aware_stgnn_v2_full__temperature__40p0m.pt,db3dbe4d0aa36281c6a1f6cb252eae2babc2d643e474ff5fff049c81532b31b0,m3_final_option_a_inference_only:v1,TRUE_UNSEEN_WITH_EXISTING_CHECKPOINT
0n3w,2021-05-01 00:00:00,temperature,40.0,24.0303230286,26.1859396361,file-dd74593d9c52f8ab0d2c5469b851a64dbab49dab4b2ffd805d9752cfbd5dd5fa|T_NaN_0n3w|2|1,test,mask_aware_stgnn_v2_full,artifacts/algorithm/v21_reliability_gate/checkpoint/mask_aware_stgnn_v2_full__temperature__40p0m.pt,db3dbe4d0aa36281c6a1f6cb252eae2babc2d643e474ff5fff049c81532b31b0,m3_final_option_a_inference_only:v1,TRUE_UNSEEN_WITH_EXISTING_CHECKPOINT
0n3w,2021-06-01 00:00:00,temperature,40.0,20.3213329315,25.8479856743,file-dd74593d9c52f8ab0d2c5469b851a64dbab49dab4b2ffd805d9752cfbd5dd5fa|T_NaN_0n3w|2|2,test,mask_aware_stgnn_v2_full,artifacts/algorithm/v21_reliability_gate/checkpoint/mask_aware_stgnn_v2_full__temperature__40p0m.pt,db3dbe4d0aa36281c6a1f6cb252eae2babc2d643e474ff5fff049c81532b31b0,m3_final_option_a_inference_only:v1,TRUE_UNSEEN_WITH_EXISTING_CHECKPOINT
0n3w,2021-07-01 00:00:00,temperature,40.0,19.8774204254,25.7079403788,file-dd74593d9c52f8ab0d2c5469b851a64dbab49dab4b2ffd805d9752cfbd5dd5fa|T_NaN_0n3w|2|3,test,mask_aware_stgnn_v2_full,artifacts/algorithm/v21_reliability_gate/checkpoint/mask_aware_stgnn_v2_full__temperature__40p0m.pt,db3dbe4d0aa36281c6a1f6cb252eae2babc2d643e474ff5fff049c81532b31b0,m3_final_option_a_inference_only:v1,TRUE_UNSEEN_WITH_EXISTING_CHECKPOINT
0n3w,2021-08-01 00:00:00,temperature,40.0,19.3677425385,25.6157097031,file-dd74593d9c52f8ab0d2c5469b851a64dbab49dab4b2ffd805d9752cfbd5dd5fa|T_NaN_0n3w|2|4,test,mask_aware_stgnn_v2_full,artifacts/algorithm/v21_reliability_gate/checkpoint/mask_aware_stgnn_v2_full__temperature__40p0m.pt,db3dbe4d0aa36281c6a1f6cb252eae2babc2d643e474ff5fff049c81532b31b0,m3_final_option_a_inference_only:v1,TRUE_UNSEEN_WITH_EXISTING_CHECKPOINT
0n3w,2021-09-01 00:00:00,temperature,40.0,21.6996669769,25.863049084,file-dd74593d9c52f8ab0d2c5469b851a64dbab49dab4b2ffd805d9752cfbd5dd5fa|T_NaN_0n3w|2|5,test,mask_aware_stgnn_v2_full,artifacts/algorithm/v21_reliability_gate/checkpoint/mask_aware_stgnn_v2_full__temperature__40p0m.pt,db3dbe4d0aa36281c6a1f6cb252eae2babc2d643e474ff5fff049c81532b31b0,m3_final_option_a_inference_only:v1,TRUE_UNSEEN_WITH_EXISTING_CHECKPOINT
0n3w,2021-10-01 00:00:00,temperature,40.0,25.6461257935,26.1252963109,file-dd74593d9c52f8ab0d2c5469b851a64dbab49dab4b2ffd805d9752cfbd5dd5fa|T_NaN_0n3w|2|6,test,mask_aware_stgnn_v2_full,artifacts/algorithm/v21_reliability_gate/checkpoint/mask_aware_stgnn_v2_full__temperature__40p0m.pt,db3dbe4d0aa36281c6a1f6cb252eae2babc2d643e474ff5fff049c81532b31b0,m3_final_option_a_inference_only:v1,TRUE_UNSEEN_WITH_EXISTING_CHECKPOINT
0n3w,2021-11-01 00:00:00,temperature,40.0,25.0876674652,26.1360353189,file-dd74593d9c52f8ab0d2c5469b851a64dbab49dab4b2ffd805d9752cfbd5dd5fa|T_NaN_0n3w|2|7,test,mask_aware_stgnn_v2_full,artifacts/algorithm/v21_reliability_gate/checkpoint/mask_aware_stgnn_v2_full__temperature__40p0m.pt,db3dbe4d0aa36281c6a1f6cb252eae2babc2d643e474ff5fff049c81532b31b0,m3_final_option_a_inference_only:v1,TRUE_UNSEEN_WITH_EXISTING_CHECKPOINT
0n3w,2021-12-01 00:00:00,temperature,40.0,20.2277374268,25.8841774857,file-dd74593d9c52f8ab0d2c5469b851a64dbab49dab4b2ffd805d9752cfbd5dd5fa|T_NaN_0n3w|2|8,test,mask_aware_stgnn_v2_full,artifacts/algorithm/v21_reliability_gate/checkpoint/mask_aware_stgnn_v2_full__temperature__40p0m.pt,db3dbe4d0aa36281c6a1f6cb252eae2babc2d643e474ff5fff049c81532b31b0,m3_final_option_a_inference_only:v1,TRUE_UNSEEN_WITH_EXISTING_CHECKPOINT
0n3w,2022-01-01 00:00:00,temperature,40.0,17.9929065704,25.7978902548,file-dd74593d9c52f8ab0d2c5469b851a64dbab49dab4b2ffd805d9752cfbd5dd5fa|T_NaN_0n3w|2|9,test,mask_aware_stgnn_v2_full,artifacts/algorithm/v21_reliability_gate/checkpoint/mask_aware_stgnn_v2_full__temperature__40p0m.pt,db3dbe4d0aa36281c6a1f6cb252eae2babc2d643e474ff5fff049c81532b31b0,m3_final_option_a_inference_only:v1,TRUE_UNSEEN_WITH_EXISTING_CHECKPOINT
0n3w,2022-02-01 00:00:00,temperature,40.0,22.5599994659,26.0338205968,file-dd74593d9c52f8ab0d2c5469b851a64dbab49dab4b2ffd805d9752cfbd5dd5fa|T_NaN_0n3w|2|10,test,mask_aware_stgnn_v2_full,artifacts/algorithm/v21_reliability_gate/checkpoint/mask_aware_stgnn_v2_full__temperature__40p0m.pt,db3dbe4d0aa36281c6a1f6cb252eae2babc2d643e474ff5fff049c81532b31b0,m3_final_option_a_inference_only:v1,TRUE_UNSEEN_WITH_EXISTING_CHECKPOINT
0n3w,2022-03-01 00:00:00,temperature,40.0,24.3899993896,26.1449306404,file-dd74593d9c52f8ab0d2c5469b851a64dbab49dab4b2ffd805d9752cfbd5dd5fa|T_NaN_0n3w|2|11,test,mask_aware_stgnn_v2_full,artifacts/algorithm/v21_reliability_gate/checkpoint/mask_aware_stgnn_v2_full__temperature__40p0m.pt,db3dbe4d0aa36281c6a1f6cb252eae2babc2d643e474ff5fff049c81532b31b0,m3_final_option_a_inference_only:v1,TRUE_UNSEEN_WITH_EXISTING_CHECKPOINT
0n3w,2023-04-01 00:00:00,temperature,40.0,27.3420009613,26.3605836325,file-dd74593d9c52f8ab0d2c5469b851a64dbab49dab4b2ffd805d9752cfbd5dd5fa|T_NaN_0n3w|2|24,test,mask_aware_stgnn_v2_full,artifacts/algorithm/v21_reliability_gate/checkpoint/mask_aware_stgnn_v2_full__temperature__40p0m.pt,db3dbe4d0aa36281c6a1f6cb252eae2babc2d643e474ff5fff049c81532b31b0,m3_final_option_a_inference_only:v1,TRUE_UNSEEN_WITH_EXISTING_CHECKPOINT
0n3w,2023-05-01 00:00:00,temperature,40.0,24.3580665588,25.9952761164,file-dd74593d9c52f8ab0d2c5469b851a64dbab49dab4b2ffd805d9752cfbd5dd5fa|T_NaN_0n3w|2|25,test,mask_aware_stgnn_v2_full,artifacts/algorithm/v21_reliability_gate/checkpoint/mask_aware_stgnn_v2_full__temperature__40p0m.pt,db3dbe4d0aa36281c6a1f6cb252eae2babc2d643e474ff5fff049c81532b31b0,m3_final_option_a_inference_only:v1,TRUE_UNSEEN_WITH_EXISTING_CHECKPOINT
0n3w,2023-06-01 00:00:00,temperature,40.0,19.2336673737,25.6313706402,file-dd74593d9c52f8ab0d2c5469b851a64dbab49dab4b2ffd805d9752cfbd5dd5fa|T_NaN_0n3w|2|26,test,mask_aware_stgnn_v2_full,artifacts/algorithm/v21_reliability_gate/checkpoint/mask_aware_stgnn_v2_full__temperature__40p0m.pt,db3dbe4d0aa36281c6a1f6cb252eae2babc2d643e474ff5fff049c81532b31b0,m3_final_option_a_inference_only:v1,TRUE_UNSEEN_WITH_EXISTING_CHECKPOINT
0n3w,2023-07-01 00:00:00,temperature,40.0,19.1270961761,25.4018552532,file-dd74593d9c52f8ab0d2c5469b851a64dbab49dab4b2ffd805d9752cfbd5dd5fa|T_NaN_0n3w|2|27,test,mask_aware_stgnn_v2_full,artifacts/algorithm/v21_reliability_gate/checkpoint/mask_aware_stgnn_v2_full__temperature__40p0m.pt,db3dbe4d0aa36281c6a1f6cb252eae2babc2d643e474ff5fff049c81532b31b0,m3_final_option_a_inference_only:v1,TRUE_UNSEEN_WITH_EXISTING_CHECKPOINT
0n3w,2023-08-01 00:00:00,temperature,40.0,17.6058082581,25.2599161814,file-dd74593d9c52f8ab0d2c5469b851a64dbab49dab4b2ffd805d9752cfbd5dd5fa|T_NaN_0n3w|2|28,test,mask_aware_stgnn_v2_full,artifacts/algorithm/v21_reliability_gate/checkpoint/mask_aware_stgnn_v2_full__temperature__40p0m.pt,db3dbe4d0aa36281c6a1f6cb252eae2babc2d643e474ff5fff049c81532b31b0,m3_final_option_a_inference_only:v1,TRUE_UNSEEN_WITH_EXISTING_CHECKPOINT
0n3w,2023-09-01 00:00:00,temperature,40.0,21.8999977112,25.3898015454,file-dd74593d9c52f8ab0d2c5469b851a64dbab49dab4b2ffd805d9752cfbd5dd5fa|T_NaN_0n3w|2|29,test,mask_aware_stgnn_v2_full,artifacts/algorithm/v21_reliability_gate/checkpoint/mask_aware_stgnn_v2_full__temperature__40p0m.pt,db3dbe4d0aa36281c6a1f6cb252eae2babc2d643e474ff5fff049c81532b31b0,m3_final_option_a_inference_only:v1,TRUE_UNSEEN_WITH_EXISTING_CHECKPOINT
0n3w,2023-10-01 00:00:00,temperature,40.0,25.6635494232,25.4770512621,file-dd74593d9c52f8ab0d2c5469b851a64dbab49dab4b2ffd805d9752cfbd5dd5fa|T_NaN_0n3w|2|30,test,mask_aware_stgnn_v2_full,artifacts/algorithm/v21_reliability_gate/checkpoint/mask_aware_stgnn_v2_full__temperature__40p0m.pt,db3dbe4d0aa36281c6a1f6cb252eae2babc2d643e474ff5fff049c81532b31b0,m3_final_option_a_inference_only:v1,TRUE_UNSEEN_WITH_EXISTING_CHECKPOINT
0n3w,2023-11-01 00:00:00,temperature,40.0,25.4130001068,25.5822158953,file-dd74593d9c52f8ab0d2c5469b851a64dbab49dab4b2ffd805d9752cfbd5dd5fa|T_NaN_0n3w|2|31,test,mask_aware_stgnn_v2_full,artifacts/algorithm/v21_reliability_gate/checkpoint/mask_aware_stgnn_v2_full__temperature__40p0m.pt,db3dbe4d0aa36281c6a1f6cb252eae2babc2d643e474ff5fff049c81532b31b0,m3_final_option_a_inference_only:v1,TRUE_UNSEEN_WITH_EXISTING_CHECKPOINT
0n3w,2023-12-01 00:00:00,temperature,40.0,25.1358032227,25.6749326326,file-dd74593d9c52f8ab0d2c5469b851a64dbab49dab4b2ffd805d9752cfbd5dd5fa|T_NaN_0n3w|2|32,test,mask_aware_stgnn_v2_full,artifacts/algorithm/v21_reliability_gate/checkpoint/mask_aware_stgnn_v2_full__temperature__40p0m.pt,db3dbe4d0aa36281c6a1f6cb252eae2babc2d643e474ff5fff049c81532b31b0,m3_final_option_a_inference_only:v1,TRUE_UNSEEN_WITH_EXISTING_CHECKPOINT
0n3w,2024-01-01 00:00:00,temperature,40.0,20.6041946411,25.7414492135,file-dd74593d9c52f8ab0d2c5469b851a64dbab49dab4b2ffd805d9752cfbd5dd5fa|T_NaN_0n3w|2|33,test,mask_aware_stgnn_v2_full,artifacts/algorithm/v21_reliability_gate/checkpoint/mask_aware_stgnn_v2_full__temperature__40p0m.pt,db3dbe4d0aa36281c6a1f6cb252eae2babc2d643e474ff5fff049c81532b31b0,m3_final_option_a_inference_only:v1,TRUE_UNSEEN_WITH_EXISTING_CHECKPOINT
0n3w,2024-02-01 00:00:00,temperature,40.0,21.2855167389,25.9348957945,file-dd74593d9c52f8ab0d2c5469b851a64dbab49dab4b2ffd805d9752cfbd5dd5fa|T_NaN_0n3w|2|34,test,mask_aware_stgnn_v2_full,artifacts/algorithm/v21_reliability_gate/checkpoint/mask_aware_stgnn_v2_full__temperature__40p0m.pt,db3dbe4d0aa36281c6a1f6cb252eae2babc2d643e474ff5fff049c81532b31b0,m3_final_option_a_inference_only:v1,TRUE_UNSEEN_WITH_EXISTING_CHECKPOINT
0n3w,2024-03-01 00:00:00,temperature,40.0,26.4765510559,26.276053921,file-dd74593d9c52f8ab0d2c5469b851a64dbab49dab4b2ffd805d9752cfbd5dd5fa|T_NaN_0n3w|2|35,test,mask_aware_stgnn_v2_full,artifacts/algorithm/v21_reliability_gate/checkpoint/mask_aware_stgnn_v2_full__temperature__40p0m.pt,db3dbe4d0aa36281c6a1f6cb252eae2babc2d643e474ff5fff049c81532b31b0,m3_final_option_a_inference_only:v1,TRUE_UNSEEN_WITH_EXISTING_CHECKPOINT
0n3w,2024-04-01 00:00:00,temperature,40.0,26.2136669159,26.4340453916,file-dd74593d9c52f8ab0d2c5469b851a64dbab49dab4b2ffd805d9752cfbd5dd5fa|T_NaN_0n3w|2|36,test,mask_aware_stgnn_v2_full,artifacts/algorithm/v21_reliability_gate/checkpoint/mask_aware_stgnn_v2_full__temperature__40p0m.pt,db3dbe4d0aa36281c6a1f6cb252eae2babc2d643e474ff5fff049c81532b31b0,m3_final_option_a_inference_only:v1,TRUE_UNSEEN_WITH_EXISTING_CHECKPOINT
0n3w,2024-05-01 00:00:00,temperature,40.0,21.4561271667,26.0218975347,file-dd74593d9c52f8ab0d2c5469b851a64dbab49dab4b2ffd805d9752cfbd5dd5fa|T_NaN_0n3w|2|37,test,mask_aware_stgnn_v2_full,artifacts/algorithm/v21_reliability_gate/checkpoint/mask_aware_stgnn_v2_full__temperature__40p0m.pt,db3dbe4d0aa36281c6a1f6cb252eae2babc2d643e474ff5fff049c81532b31b0,m3_final_option_a_inference_only:v1,TRUE_UNSEEN_WITH_EXISTING_CHECKPOINT
0n3w,2024-06-01 00:00:00,temperature,40.0,18.7140007019,25.5795334892,file-dd74593d9c52f8ab0d2c5469b851a64dbab49dab4b2ffd805d9752cfbd5dd5fa|T_NaN_0n3w|2|38,test,mask_aware_stgnn_v2_full,artifacts/algorithm/v21_reliability_gate/checkpoint/mask_aware_stgnn_v2_full__temperature__40p0m.pt,db3dbe4d0aa36281c6a1f6cb252eae2babc2d643e474ff5fff049c81532b31b0,m3_final_option_a_inference_only:v1,TRUE_UNSEEN_WITH_EXISTING_CHECKPOINT
0n3w,2024-07-01 00:00:00,temperature,40.0,17.3393535614,25.2973413441,file-dd74593d9c52f8ab0d2c5469b851a64dbab49dab4b2ffd805d9752cfbd5dd5fa|T_NaN_0n3w|2|39,test,mask_aware_stgnn_v2_full,artifacts/algorithm/v21_reliability_gate/checkpoint/mask_aware_stgnn_v2_full__temperature__40p0m.pt,db3dbe4d0aa36281c6a1f6cb252eae2babc2d643e474ff5fff049c81532b31b0,m3_final_option_a_inference_only:v1,TRUE_UNSEEN_WITH_EXISTING_CHECKPOINT
0n3w,2021-04-01 00:00:00,temperature,120.0,15.422000885,16.3627334697,file-dd74593d9c52f8ab0d2c5469b851a64dbab49dab4b2ffd805d9752cfbd5dd5fa|T_NaN_0n3w|6|0,test,mask_aware_stgnn_v2_full,artifacts/algorithm/v21_reliability_gate/checkpoint/mask_aware_stgnn_v2_full__temperature__120p0m.pt,8cc82b27d56707b41d9bc008edba0ba11446e8f1f2647b6f16039435523d7443,m3_final_option_a_inference_only:v1,TRUE_UNSEEN_WITH_EXISTING_CHECKPOINT
0n3w,2021-05-01 00:00:00,temperature,120.0,15.8232240677,16.3517025153,file-dd74593d9c52f8ab0d2c5469b851a64dbab49dab4b2ffd805d9752cfbd5dd5fa|T_NaN_0n3w|6|1,test,mask_aware_stgnn_v2_full,artifacts/algorithm/v21_reliability_gate/checkpoint/mask_aware_stgnn_v2_full__temperature__120p0m.pt,8cc82b27d56707b41d9bc008edba0ba11446e8f1f2647b6f16039435523d7443,m3_final_option_a_inference_only:v1,TRUE_UNSEEN_WITH_EXISTING_CHECKPOINT
0n3w,2021-06-01 00:00:00,temperature,120.0,15.2006673813,16.3291805297,file-dd74593d9c52f8ab0d2c5469b851a64dbab49dab4b2ffd805d9752cfbd5dd5fa|T_NaN_0n3w|6|2,test,mask_aware_stgnn_v2_full,artifacts/algorithm/v21_reliability_gate/checkpoint/mask_aware_stgnn_v2_full__temperature__120p0m.pt,8cc82b27d56707b41d9bc008edba0ba11446e8f1f2647b6f16039435523d7443,m3_final_option_a_inference_only:v1,TRUE_UNSEEN_WITH_EXISTING_CHECKPOINT
0n3w,2021-07-01 00:00:00,temperature,120.0,14.9912919998,16.3113603738,file-dd74593d9c52f8ab0d2c5469b851a64dbab49dab4b2ffd805d9752cfbd5dd5fa|T_NaN_0n3w|6|3,test,mask_aware_stgnn_v2_full,artifacts/algorithm/v21_reliability_gate/checkpoint/mask_aware_stgnn_v2_full__temperature__120p0m.pt,8cc82b27d56707b41d9bc008edba0ba11446e8f1f2647b6f16039435523d7443,m3_final_option_a_inference_only:v1,TRUE_UNSEEN_WITH_EXISTING_CHECKPOINT
0n3w,2021-08-01 00:00:00,temperature,120.0,14.7612895966,16.3022686919,file-dd74593d9c52f8ab0d2c5469b851a64dbab49dab4b2ffd805d9752cfbd5dd5fa|T_NaN_0n3w|6|4,test,mask_aware_stgnn_v2_full,artifacts/algorithm/v21_reliability_gate/checkpoint/mask_aware_stgnn_v2_full__temperature__120p0m.pt,8cc82b27d56707b41d9bc008edba0ba11446e8f1f2647b6f16039435523d7443,m3_final_option_a_inference_only:v1,TRUE_UNSEEN_WITH_EXISTING_CHECKPOINT
0n3w,2021-09-01 00:00:00,temperature,120.0,15.3916654587,16.2420999129,file-dd74593d9c52f8ab0d2c5469b851a64dbab49dab4b2ffd805d9752cfbd5dd5fa|T_NaN_0n3w|6|5,test,mask_aware_stgnn_v2_full,artifacts/algorithm/v21_reliability_gate/checkpoint/mask_aware_stgnn_v2_full__temperature__120p0m.pt,8cc82b27d56707b41d9bc008edba0ba11446e8f1f2647b6f16039435523d7443,m3_final_option_a_inference_only:v1,TRUE_UNSEEN_WITH_EXISTING_CHECKPOINT
0n3w,2021-10-01 00:00:00,temperature,120.0,15.9880638123,16.1287353076,file-dd74593d9c52f8ab0d2c5469b851a64dbab49dab4b2ffd805d9752cfbd5dd5fa|T_NaN_0n3w|6|6,test,mask_aware_stgnn_v2_full,artifacts/algorithm/v21_reliability_gate/checkpoint/mask_aware_stgnn_v2_full__temperature__120p0m.pt,8cc82b27d56707b41d9bc008edba0ba11446e8f1f2647b6f16039435523d7443,m3_final_option_a_inference_only:v1,TRUE_UNSEEN_WITH_EXISTING_CHECKPOINT
0n3w,2021-11-01 00:00:00,temperature,120.0,15.7440004349,16.1311667134,file-dd74593d9c52f8ab0d2c5469b851a64dbab49dab4b2ffd805d9752cfbd5dd5fa|T_NaN_0n3w|6|7,test,mask_aware_stgnn_v2_full,artifacts/algorithm/v21_reliability_gate/checkpoint/mask_aware_stgnn_v2_full__temperature__120p0m.pt,8cc82b27d56707b41d9bc008edba0ba11446e8f1f2647b6f16039435523d7443,m3_final_option_a_inference_only:v1,TRUE_UNSEEN_WITH_EXISTING_CHECKPOINT
0n3w,2021-12-01 00:00:00,temperature,120.0,15.1116123199,16.1320679922,file-dd74593d9c52f8ab0d2c5469b851a64dbab49dab4b2ffd805d9752cfbd5dd5fa|T_NaN_0n3w|6|8,test,mask_aware_stgnn_v2_full,artifacts/algorithm/v21_reliability_gate/checkpoint/mask_aware_stgnn_v2_full__temperature__120p0m.pt,8cc82b27d56707b41d9bc008edba0ba11446e8f1f2647b6f16039435523d7443,m3_final_option_a_inference_only:v1,TRUE_UNSEEN_WITH_EXISTING_CHECKPOINT
0n3w,2022-01-01 00:00:00,temperature,120.0,15.0035486221,16.100132361,file-dd74593d9c52f8ab0d2c5469b851a64dbab49dab4b2ffd805d9752cfbd5dd5fa|T_NaN_0n3w|6|9,test,mask_aware_stgnn_v2_full,artifacts/algorithm/v21_reliability_gate/checkpoint/mask_aware_stgnn_v2_full__temperature__120p0m.pt,8cc82b27d56707b41d9bc008edba0ba11446e8f1f2647b6f16039435523d7443,m3_final_option_a_inference_only:v1,TRUE_UNSEEN_WITH_EXISTING_CHECKPOINT
0n3w,2022-02-01 00:00:00,temperature,120.0,15.0278615952,16.0589522548,file-dd74593d9c52f8ab0d2c5469b851a64dbab49dab4b2ffd805d9752cfbd5dd5fa|T_NaN_0n3w|6|10,test,mask_aware_stgnn_v2_full,artifacts/algorithm/v21_reliability_gate/checkpoint/mask_aware_stgnn_v2_full__temperature__120p0m.pt,8cc82b27d56707b41d9bc008edba0ba11446e8f1f2647b6f16039435523d7443,m3_final_option_a_inference_only:v1,TRUE_UNSEEN_WITH_EXISTING_CHECKPOINT
0n3w,2022-03-01 00:00:00,temperature,120.0,15.0771408081,16.1385978451,file-dd74593d9c52f8ab0d2c5469b851a64dbab49dab4b2ffd805d9752cfbd5dd5fa|T_NaN_0n3w|6|11,test,mask_aware_stgnn_v2_full,artifacts/algorithm/v21_reliability_gate/checkpoint/mask_aware_stgnn_v2_full__temperature__120p0m.pt,8cc82b27d56707b41d9bc008edba0ba11446e8f1f2647b6f16039435523d7443,m3_final_option_a_inference_only:v1,TRUE_UNSEEN_WITH_EXISTING_CHECKPOINT
0n3w,2023-04-01 00:00:00,temperature,120.0,16.3366661072,16.2459610815,file-dd74593d9c52f8ab0d2c5469b851a64dbab49dab4b2ffd805d9752cfbd5dd5fa|T_NaN_0n3w|6|24,test,mask_aware_stgnn_v2_full,artifacts/algorithm/v21_reliability_gate/checkpoint/mask_aware_stgnn_v2_full__temperature__120p0m.pt,8cc82b27d56707b41d9bc008edba0ba11446e8f1f2647b6f16039435523d7443,m3_final_option_a_inference_only:v1,TRUE_UNSEEN_WITH_EXISTING_CHECKPOINT
0n3w,2023-05-01 00:00:00,temperature,120.0,15.7148389816,16.3032246966,file-dd74593d9c52f8ab0d2c5469b851a64dbab49dab4b2ffd805d9752cfbd5dd5fa|T_NaN_0n3w|6|25,test,mask_aware_stgnn_v2_full,artifacts/algorithm/v21_reliability_gate/checkpoint/mask_aware_stgnn_v2_full__temperature__120p0m.pt,8cc82b27d56707b41d9bc008edba0ba11446e8f1f2647b6f16039435523d7443,m3_final_option_a_inference_only:v1,TRUE_UNSEEN_WITH_EXISTING_CHECKPOINT
0n3w,2023-06-01 00:00:00,temperature,120.0,15.515332222,16.2616188672,file-dd74593d9c52f8ab0d2c5469b851a64dbab49dab4b2ffd805d9752cfbd5dd5fa|T_NaN_0n3w|6|26,test,mask_aware_stgnn_v2_full,artifacts/algorithm/v21_reliability_gate/checkpoint/mask_aware_stgnn_v2_full__temperature__120p0m.pt,8cc82b27d56707b41d9bc008edba0ba11446e8f1f2647b6f16039435523d7443,m3_final_option_a_inference_only:v1,TRUE_UNSEEN_WITH_EXISTING_CHECKPOINT
0n3w,2023-07-01 00:00:00,temperature,120.0,15.2712907791,16.2706644117,file-dd74593d9c52f8ab0d2c5469b851a64dbab49dab4b2ffd805d9752cfbd5dd5fa|T_NaN_0n3w|6|27,test,mask_aware_stgnn_v2_full,artifacts/algorithm/v21_reliability_gate/checkpoint/mask_aware_stgnn_v2_full__temperature__120p0m.pt,8cc82b27d56707b41d9bc008edba0ba11446e8f1f2647b6f16039435523d7443,m3_final_option_a_inference_only:v1,TRUE_UNSEEN_WITH_EXISTING_CHECKPOINT
0n3w,2023-08-01 00:00:00,temperature,120.0,15.1441926956,16.2795487745,file-dd74593d9c52f8ab0d2c5469b851a64dbab49dab4b2ffd805d9752cfbd5dd5fa|T_NaN_0n3w|6|28,test,mask_aware_stgnn_v2_full,artifacts/algorithm/v21_reliability_gate/checkpoint/mask_aware_stgnn_v2_full__temperature__120p0m.pt,8cc82b27d56707b41d9bc008edba0ba11446e8f1f2647b6f16039435523d7443,m3_final_option_a_inference_only:v1,TRUE_UNSEEN_WITH_EXISTING_CHECKPOINT
0n3w,2023-09-01 00:00:00,temperature,120.0,15.5880012512,16.1948187729,file-dd74593d9c52f8ab0d2c5469b851a64dbab49dab4b2ffd805d9752cfbd5dd5fa|T_NaN_0n3w|6|29,test,mask_aware_stgnn_v2_full,artifacts/algorithm/v21_reliability_gate/checkpoint/mask_aware_stgnn_v2_full__temperature__120p0m.pt,8cc82b27d56707b41d9bc008edba0ba11446e8f1f2647b6f16039435523d7443,m3_final_option_a_inference_only:v1,TRUE_UNSEEN_WITH_EXISTING_CHECKPOINT
0n3w,2023-10-01 00:00:00,temperature,120.0,15.9190320969,16.1174045593,file-dd74593d9c52f8ab0d2c5469b851a64dbab49dab4b2ffd805d9752cfbd5dd5fa|T_NaN_0n3w|6|30,test,mask_aware_stgnn_v2_full,artifacts/algorithm/v21_reliability_gate/checkpoint/mask_aware_stgnn_v2_full__temperature__120p0m.pt,8cc82b27d56707b41d9bc008edba0ba11446e8f1f2647b6f16039435523d7443,m3_final_option_a_inference_only:v1,TRUE_UNSEEN_WITH_EXISTING_CHECKPOINT
0n3w,2023-11-01 00:00:00,temperature,120.0,16.1623325348,16.1498345208,file-dd74593d9c52f8ab0d2c5469b851a64dbab49dab4b2ffd805d9752cfbd5dd5fa|T_NaN_0n3w|6|31,test,mask_aware_stgnn_v2_full,artifacts/algorithm/v21_reliability_gate/checkpoint/mask_aware_stgnn_v2_full__temperature__120p0m.pt,8cc82b27d56707b41d9bc008edba0ba11446e8f1f2647b6f16039435523d7443,m3_final_option_a_inference_only:v1,TRUE_UNSEEN_WITH_EXISTING_CHECKPOINT
0n3w,2023-12-01 00:00:00,temperature,120.0,16.0429039001,16.1803717468,file-dd74593d9c52f8ab0d2c5469b851a64dbab49dab4b2ffd805d9752cfbd5dd5fa|T_NaN_0n3w|6|32,test,mask_aware_stgnn_v2_full,artifacts/algorithm/v21_reliability_gate/checkpoint/mask_aware_stgnn_v2_full__temperature__120p0m.pt,8cc82b27d56707b41d9bc008edba0ba11446e8f1f2647b6f16039435523d7443,m3_final_option_a_inference_only:v1,TRUE_UNSEEN_WITH_EXISTING_CHECKPOINT
0n3w,2024-01-01 00:00:00,temperature,120.0,15.6416110992,16.1234903139,file-dd74593d9c52f8ab0d2c5469b851a64dbab49dab4b2ffd805d9752cfbd5dd5fa|T_NaN_0n3w|6|33,test,mask_aware_stgnn_v2_full,artifacts/algorithm/v21_reliability_gate/checkpoint/mask_aware_stgnn_v2_full__temperature__120p0m.pt,8cc82b27d56707b41d9bc008edba0ba11446e8f1f2647b6f16039435523d7443,m3_final_option_a_inference_only:v1,TRUE_UNSEEN_WITH_EXISTING_CHECKPOINT
0n3w,2024-02-01 00:00:00,temperature,120.0,15.7837944031,16.0758582493,file-dd74593d9c52f8ab0d2c5469b851a64dbab49dab4b2ffd805d9752cfbd5dd5fa|T_NaN_0n3w|6|34,test,mask_aware_stgnn_v2_full,artifacts/algorithm/v21_reliability_gate/checkpoint/mask_aware_stgnn_v2_full__temperature__120p0m.pt,8cc82b27d56707b41d9bc008edba0ba11446e8f1f2647b6f16039435523d7443,m3_final_option_a_inference_only:v1,TRUE_UNSEEN_WITH_EXISTING_CHECKPOINT
0n3w,2024-03-01 00:00:00,temperature,120.0,15.9449977875,16.1138213142,file-dd74593d9c52f8ab0d2c5469b851a64dbab49dab4b2ffd805d9752cfbd5dd5fa|T_NaN_0n3w|6|35,test,mask_aware_stgnn_v2_full,artifacts/algorithm/v21_reliability_gate/checkpoint/mask_aware_stgnn_v2_full__temperature__120p0m.pt,8cc82b27d56707b41d9bc008edba0ba11446e8f1f2647b6f16039435523d7443,m3_final_option_a_inference_only:v1,TRUE_UNSEEN_WITH_EXISTING_CHECKPOINT
0n3w,2021-04-01 00:00:00,salinity,1.0,34.3753700256,35.5066420499,file-e36e821289ec459fd1e825946758dfa948e4d8bb345f6a8db0df1215001172b0|S_NaN_0n3w|0|0,test,mask_aware_stgnn_v2_full,artifacts/algorithm/v21_reliability_gate/checkpoint/mask_aware_stgnn_v2_full__salinity__1p0m.pt,9f9ad973b287d8cb100f4c2d7e83dcf411eef55b095a9dd97c0970bfb6031ca7,m3_final_option_a_inference_only:v1,TRUE_UNSEEN_WITH_EXISTING_CHECKPOINT
0n3w,2021-05-01 00:00:00,salinity,1.0,34.5013580322,35.5414720035,file-e36e821289ec459fd1e825946758dfa948e4d8bb345f6a8db0df1215001172b0|S_NaN_0n3w|0|1,test,mask_aware_stgnn_v2_full,artifacts/algorithm/v21_reliability_gate/checkpoint/mask_aware_stgnn_v2_full__salinity__1p0m.pt,9f9ad973b287d8cb100f4c2d7e83dcf411eef55b095a9dd97c0970bfb6031ca7,m3_final_option_a_inference_only:v1,TRUE_UNSEEN_WITH_EXISTING_CHECKPOINT
0n3w,2021-06-01 00:00:00,salinity,1.0,34.9379348755,35.5691565769,file-e36e821289ec459fd1e825946758dfa948e4d8bb345f6a8db0df1215001172b0|S_NaN_0n3w|0|2,test,mask_aware_stgnn_v2_full,artifacts/algorithm/v21_reliability_gate/checkpoint/mask_aware_stgnn_v2_full__salinity__1p0m.pt,9f9ad973b287d8cb100f4c2d7e83dcf411eef55b095a9dd97c0970bfb6031ca7,m3_final_option_a_inference_only:v1,TRUE_UNSEEN_WITH_EXISTING_CHECKPOINT
0n3w,2021-07-01 00:00:00,salinity,1.0,34.9228134155,35.5833957214,file-e36e821289ec459fd1e825946758dfa948e4d8bb345f6a8db0df1215001172b0|S_NaN_0n3w|0|3,test,mask_aware_stgnn_v2_full,artifacts/algorithm/v21_reliability_gate/checkpoint/mask_aware_stgnn_v2_full__salinity__1p0m.pt,9f9ad973b287d8cb100f4c2d7e83dcf411eef55b095a9dd97c0970bfb6031ca7,m3_final_option_a_inference_only:v1,TRUE_UNSEEN_WITH_EXISTING_CHECKPOINT
0n3w,2021-08-01 00:00:00,salinity,1.0,35.2141571045,35.5724285855,file-e36e821289ec459fd1e825946758dfa948e4d8bb345f6a8db0df1215001172b0|S_NaN_0n3w|0|4,test,mask_aware_stgnn_v2_full,artifacts/algorithm/v21_reliability_gate/checkpoint/mask_aware_stgnn_v2_full__salinity__1p0m.pt,9f9ad973b287d8cb100f4c2d7e83dcf411eef55b095a9dd97c0970bfb6031ca7,m3_final_option_a_inference_only:v1,TRUE_UNSEEN_WITH_EXISTING_CHECKPOINT
0n3w,2021-09-01 00:00:00,salinity,1.0,35.3069038391,35.5468118111,file-e36e821289ec459fd1e825946758dfa948e4d8bb345f6a8db0df1215001172b0|S_NaN_0n3w|0|5,test,mask_aware_stgnn_v2_full,artifacts/algorithm/v21_reliability_gate/checkpoint/mask_aware_stgnn_v2_full__salinity__1p0m.pt,9f9ad973b287d8cb100f4c2d7e83dcf411eef55b095a9dd97c0970bfb6031ca7,m3_final_option_a_inference_only:v1,TRUE_UNSEEN_WITH_EXISTING_CHECKPOINT
0n3w,2021-10-01 00:00:00,salinity,1.0,35.425163269,35.524959775,file-e36e821289ec459fd1e825946758dfa948e4d8bb345f6a8db0df1215001172b0|S_NaN_0n3w|0|6,test,mask_aware_stgnn_v2_full,artifacts/algorithm/v21_reliability_gate/checkpoint/mask_aware_stgnn_v2_full__salinity__1p0m.pt,9f9ad973b287d8cb100f4c2d7e83dcf411eef55b095a9dd97c0970bfb6031ca7,m3_final_option_a_inference_only:v1,TRUE_UNSEEN_WITH_EXISTING_CHECKPOINT
0n3w,2021-11-01 00:00:00,salinity,1.0,35.1415634155,35.5086907163,file-e36e821289ec459fd1e825946758dfa948e4d8bb345f6a8db0df1215001172b0|S_NaN_0n3w|0|7,test,mask_aware_stgnn_v2_full,artifacts/algorithm/v21_reliability_gate/checkpoint/mask_aware_stgnn_v2_full__salinity__1p0m.pt,9f9ad973b287d8cb100f4c2d7e83dcf411eef55b095a9dd97c0970bfb6031ca7,m3_final_option_a_inference_only:v1,TRUE_UNSEEN_WITH_EXISTING_CHECKPOINT
0n3w,2021-12-01 00:00:00,salinity,1.0,34.8427467346,35.5102730126,file-e36e821289ec459fd1e825946758dfa948e4d8bb345f6a8db0df1215001172b0|S_NaN_0n3w|0|8,test,mask_aware_stgnn_v2_full,artifacts/algorithm/v21_reliability_gate/checkpoint/mask_aware_stgnn_v2_full__salinity__1p0m.pt,9f9ad973b287d8cb100f4c2d7e83dcf411eef55b095a9dd97c0970bfb6031ca7,m3_final_option_a_inference_only:v1,TRUE_UNSEEN_WITH_EXISTING_CHECKPOINT
0n3w,2022-01-01 00:00:00,salinity,1.0,33.7137413025,35.5268689983,file-e36e821289ec459fd1e825946758dfa948e4d8bb345f6a8db0df1215001172b0|S_NaN_0n3w|0|9,test,mask_aware_stgnn_v2_full,artifacts/algorithm/v21_reliability_gate/checkpoint/mask_aware_stgnn_v2_full__salinity__1p0m.pt,9f9ad973b287d8cb100f4c2d7e83dcf411eef55b095a9dd97c0970bfb6031ca7,m3_final_option_a_inference_only:v1,TRUE_UNSEEN_WITH_EXISTING_CHECKPOINT
0n3w,2022-02-01 00:00:00,salinity,1.0,34.4215736389,35.5508377487,file-e36e821289ec459fd1e825946758dfa948e4d8bb345f6a8db0df1215001172b0|S_NaN_0n3w|0|10,test,mask_aware_stgnn_v2_full,artifacts/algorithm/v21_reliability_gate/checkpoint/mask_aware_stgnn_v2_full__salinity__1p0m.pt,9f9ad973b287d8cb100f4c2d7e83dcf411eef55b095a9dd97c0970bfb6031ca7,m3_final_option_a_inference_only:v1,TRUE_UNSEEN_WITH_EXISTING_CHECKPOINT
0n3w,2022-03-01 00:00:00,salinity,1.0,34.8476676941,35.5339380765,file-e36e821289ec459fd1e825946758dfa948e4d8bb345f6a8db0df1215001172b0|S_NaN_0n3w|0|11,test,mask_aware_stgnn_v2_full,artifacts/algorithm/v21_reliability_gate/checkpoint/mask_aware_stgnn_v2_full__salinity__1p0m.pt,9f9ad973b287d8cb100f4c2d7e83dcf411eef55b095a9dd97c0970bfb6031ca7,m3_final_option_a_inference_only:v1,TRUE_UNSEEN_WITH_EXISTING_CHECKPOINT
0n3w,2022-04-01 00:00:00,salinity,1.0,34.5756034851,35.5276080549,file-e36e821289ec459fd1e825946758dfa948e4d8bb345f6a8db0df1215001172b0|S_NaN_0n3w|0|12,test,mask_aware_stgnn_v2_full,artifacts/algorithm/v21_reliability_gate/checkpoint/mask_aware_stgnn_v2_full__salinity__1p0m.pt,9f9ad973b287d8cb100f4c2d7e83dcf411eef55b095a9dd97c0970bfb6031ca7,m3_final_option_a_inference_only:v1,TRUE_UNSEEN_WITH_EXISTING_CHECKPOINT
0n3w,2022-05-01 00:00:00,salinity,1.0,35.2205238342,35.5486814759,file-e36e821289ec459fd1e825946758dfa948e4d8bb345f6a8db0df1215001172b0|S_NaN_0n3w|0|13,test,mask_aware_stgnn_v2_full,artifacts/algorithm/v21_reliability_gate/checkpoint/mask_aware_stgnn_v2_full__salinity__1p0m.pt,9f9ad973b287d8cb100f4c2d7e83dcf411eef55b095a9dd97c0970bfb6031ca7,m3_final_option_a_inference_only:v1,TRUE_UNSEEN_WITH_EXISTING_CHECKPOINT
0n3w,2022-06-01 00:00:00,salinity,1.0,35.0925331116,35.566910385,file-e36e821289ec459fd1e825946758dfa948e4d8bb345f6a8db0df1215001172b0|S_NaN_0n3w|0|14,test,mask_aware_stgnn_v2_full,artifacts/algorithm/v21_reliability_gate/checkpoint/mask_aware_stgnn_v2_full__salinity__1p0m.pt,9f9ad973b287d8cb100f4c2d7e83dcf411eef55b095a9dd97c0970bfb6031ca7,m3_final_option_a_inference_only:v1,TRUE_UNSEEN_WITH_EXISTING_CHECKPOINT
0n3w,2022-07-01 00:00:00,salinity,1.0,34.7431945801,35.5741188304,file-e36e821289ec459fd1e825946758dfa948e4d8bb345f6a8db0df1215001172b0|S_NaN_0n3w|0|15,test,mask_aware_stgnn_v2_full,artifacts/algorithm/v21_reliability_gate/checkpoint/mask_aware_stgnn_v2_full__salinity__1p0m.pt,9f9ad973b287d8cb100f4c2d7e83dcf411eef55b095a9dd97c0970bfb6031ca7,m3_final_option_a_inference_only:v1,TRUE_UNSEEN_WITH_EXISTING_CHECKPOINT
0n3w,2022-08-01 00:00:00,salinity,1.0,34.194480896,35.5441111925,file-e36e821289ec459fd1e825946758dfa948e4d8bb345f6a8db0df1215001172b0|S_NaN_0n3w|0|16,test,mask_aware_stgnn_v2_full,artifacts/algorithm/v21_reliability_gate/checkpoint/mask_aware_stgnn_v2_full__salinity__1p0m.pt,9f9ad973b287d8cb100f4c2d7e83dcf411eef55b095a9dd97c0970bfb6031ca7,m3_final_option_a_inference_only:v1,TRUE_UNSEEN_WITH_EXISTING_CHECKPOINT
0n3w,2022-09-01 00:00:00,salinity,1.0,33.8523330688,35.5153911412,file-e36e821289ec459fd1e825946758dfa948e4d8bb345f6a8db0df1215001172b0|S_NaN_0n3w|0|17,test,mask_aware_stgnn_v2_full,artifacts/algorithm/v21_reliability_gate/checkpoint/mask_aware_stgnn_v2_full__salinity__1p0m.pt,9f9ad973b287d8cb100f4c2d7e83dcf411eef55b095a9dd97c0970bfb6031ca7,m3_final_option_a_inference_only:v1,TRUE_UNSEEN_WITH_EXISTING_CHECKPOINT
0n3w,2022-10-01 00:00:00,salinity,1.0,34.0137367249,35.4899893512,file-e36e821289ec459fd1e825946758dfa948e4d8bb345f6a8db0df1215001172b0|S_NaN_0n3w|0|18,test,mask_aware_stgnn_v2_full,artifacts/algorithm/v21_reliability_gate/checkpoint/mask_aware_stgnn_v2_full__salinity__1p0m.pt,9f9ad973b287d8cb100f4c2d7e83dcf411eef55b095a9dd97c0970bfb6031ca7,m3_final_option_a_inference_only:v1,TRUE_UNSEEN_WITH_EXISTING_CHECKPOINT
0n3w,2022-12-01 00:00:00,salinity,1.0,33.166179657,35.4590302969,file-e36e821289ec459fd1e825946758dfa948e4d8bb345f6a8db0df1215001172b0|S_NaN_0n3w|0|20,test,mask_aware_stgnn_v2_full,artifacts/algorithm/v21_reliability_gate/checkpoint/mask_aware_stgnn_v2_full__salinity__1p0m.pt,9f9ad973b287d8cb100f4c2d7e83dcf411eef55b095a9dd97c0970bfb6031ca7,m3_final_option_a_inference_only:v1,TRUE_UNSEEN_WITH_EXISTING_CHECKPOINT
0n3w,2023-01-01 00:00:00,salinity,1.0,32.8688049316,35.4912702052,file-e36e821289ec459fd1e825946758dfa948e4d8bb345f6a8db0df1215001172b0|S_NaN_0n3w|0|21,test,mask_aware_stgnn_v2_full,artifacts/algorithm/v21_reliability_gate/checkpoint/mask_aware_stgnn_v2_full__salinity__1p0m.pt,9f9ad973b287d8cb100f4c2d7e83dcf411eef55b095a9dd97c0970bfb6031ca7,m3_final_option_a_inference_only:v1,TRUE_UNSEEN_WITH_EXISTING_CHECKPOINT
0n3w,2023-04-01 00:00:00,salinity,1.0,34.6788711548,35.5099881924,file-e36e821289ec459fd1e825946758dfa948e4d8bb345f6a8db0df1215001172b0|S_NaN_0n3w|0|24,test,mask_aware_stgnn_v2_full,artifacts/algorithm/v21_reliability_gate/checkpoint/mask_aware_stgnn_v2_full__salinity__1p0m.pt,9f9ad973b287d8cb100f4c2d7e83dcf411eef55b095a9dd97c0970bfb6031ca7,m3_final_option_a_inference_only:v1,TRUE_UNSEEN_WITH_EXISTING_CHECKPOINT
0n3w,2023-05-01 00:00:00,salinity,1.0,34.5940704346,35.5315051235,file-e36e821289ec459fd1e825946758dfa948e4d8bb345f6a8db0df1215001172b0|S_NaN_0n3w|0|25,test,mask_aware_stgnn_v2_full,artifacts/algorithm/v21_reliability_gate/checkpoint/mask_aware_stgnn_v2_full__salinity__1p0m.pt,9f9ad973b287d8cb100f4c2d7e83dcf411eef55b095a9dd97c0970bfb6031ca7,m3_final_option_a_inference_only:v1,TRUE_UNSEEN_WITH_EXISTING_CHECKPOINT
0n3w,2023-06-01 00:00:00,salinity,1.0,35.4281997681,35.5588852497,file-e36e821289ec459fd1e825946758dfa948e4d8bb345f6a8db0df1215001172b0|S_NaN_0n3w|0|26,test,mask_aware_stgnn_v2_full,artifacts/algorithm/v21_reliability_gate/checkpoint/mask_aware_stgnn_v2_full__salinity__1p0m.pt,9f9ad973b287d8cb100f4c2d7e83dcf411eef55b095a9dd97c0970bfb6031ca7,m3_final_option_a_inference_only:v1,TRUE_UNSEEN_WITH_EXISTING_CHECKPOINT
0n3w,2023-07-01 00:00:00,salinity,1.0,34.6933898926,35.5631374687,file-e36e821289ec459fd1e825946758dfa948e4d8bb345f6a8db0df1215001172b0|S_NaN_0n3w|0|27,test,mask_aware_stgnn_v2_full,artifacts/algorithm/v21_reliability_gate/checkpoint/mask_aware_stgnn_v2_full__salinity__1p0m.pt,9f9ad973b287d8cb100f4c2d7e83dcf411eef55b095a9dd97c0970bfb6031ca7,m3_final_option_a_inference_only:v1,TRUE_UNSEEN_WITH_EXISTING_CHECKPOINT
0n3w,2023-08-01 00:00:00,salinity,1.0,34.9958686829,35.5376239264,file-e36e821289ec459fd1e825946758dfa948e4d8bb345f6a8db0df1215001172b0|S_NaN_0n3w|0|28,test,mask_aware_stgnn_v2_full,artifacts/algorithm/v21_reliability_gate/checkpoint/mask_aware_stgnn_v2_full__salinity__1p0m.pt,9f9ad973b287d8cb100f4c2d7e83dcf411eef55b095a9dd97c0970bfb6031ca7,m3_final_option_a_inference_only:v1,TRUE_UNSEEN_WITH_EXISTING_CHECKPOINT
0n3w,2023-09-01 00:00:00,salinity,1.0,35.2369308472,35.5007677101,file-e36e821289ec459fd1e825946758dfa948e4d8bb345f6a8db0df1215001172b0|S_NaN_0n3w|0|29,test,mask_aware_stgnn_v2_full,artifacts/algorithm/v21_reliability_gate/checkpoint/mask_aware_stgnn_v2_full__salinity__1p0m.pt,9f9ad973b287d8cb100f4c2d7e83dcf411eef55b095a9dd97c0970bfb6031ca7,m3_final_option_a_inference_only:v1,TRUE_UNSEEN_WITH_EXISTING_CHECKPOINT
0n3w,2023-10-01 00:00:00,salinity,1.0,35.4455490112,35.4457208118,file-e36e821289ec459fd1e825946758dfa948e4d8bb345f6a8db0df1215001172b0|S_NaN_0n3w|0|30,test,mask_aware_stgnn_v2_full,artifacts/algorithm/v21_reliability_gate/checkpoint/mask_aware_stgnn_v2_full__salinity__1p0m.pt,9f9ad973b287d8cb100f4c2d7e83dcf411eef55b095a9dd97c0970bfb6031ca7,m3_final_option_a_inference_only:v1,TRUE_UNSEEN_WITH_EXISTING_CHECKPOINT
0n3w,2023-11-01 00:00:00,salinity,1.0,35.0411643982,35.4135649651,file-e36e821289ec459fd1e825946758dfa948e4d8bb345f6a8db0df1215001172b0|S_NaN_0n3w|0|31,test,mask_aware_stgnn_v2_full,artifacts/algorithm/v21_reliability_gate/checkpoint/mask_aware_stgnn_v2_full__salinity__1p0m.pt,9f9ad973b287d8cb100f4c2d7e83dcf411eef55b095a9dd97c0970bfb6031ca7,m3_final_option_a_inference_only:v1,TRUE_UNSEEN_WITH_EXISTING_CHECKPOINT
0n3w,2023-12-01 00:00:00,salinity,1.0,34.7615203857,35.4285772852,file-e36e821289ec459fd1e825946758dfa948e4d8bb345f6a8db0df1215001172b0|S_NaN_0n3w|0|32,test,mask_aware_stgnn_v2_full,artifacts/algorithm/v21_reliability_gate/checkpoint/mask_aware_stgnn_v2_full__salinity__1p0m.pt,9f9ad973b287d8cb100f4c2d7e83dcf411eef55b095a9dd97c0970bfb6031ca7,m3_final_option_a_inference_only:v1,TRUE_UNSEEN_WITH_EXISTING_CHECKPOINT
0n3w,2024-01-01 00:00:00,salinity,1.0,34.3632583618,35.4533542053,file-e36e821289ec459fd1e825946758dfa948e4d8bb345f6a8db0df1215001172b0|S_NaN_0n3w|0|33,test,mask_aware_stgnn_v2_full,artifacts/algorithm/v21_reliability_gate/checkpoint/mask_aware_stgnn_v2_full__salinity__1p0m.pt,9f9ad973b287d8cb100f4c2d7e83dcf411eef55b095a9dd97c0970bfb6031ca7,m3_final_option_a_inference_only:v1,TRUE_UNSEEN_WITH_EXISTING_CHECKPOINT
0n3w,2024-02-01 00:00:00,salinity,1.0,33.947479248,35.4613923111,file-e36e821289ec459fd1e825946758dfa948e4d8bb345f6a8db0df1215001172b0|S_NaN_0n3w|0|34,test,mask_aware_stgnn_v2_full,artifacts/algorithm/v21_reliability_gate/checkpoint/mask_aware_stgnn_v2_full__salinity__1p0m.pt,9f9ad973b287d8cb100f4c2d7e83dcf411eef55b095a9dd97c0970bfb6031ca7,m3_final_option_a_inference_only:v1,TRUE_UNSEEN_WITH_EXISTING_CHECKPOINT
0n3w,2024-03-01 00:00:00,salinity,1.0,34.1258277893,35.4894636435,file-e36e821289ec459fd1e825946758dfa948e4d8bb345f6a8db0df1215001172b0|S_NaN_0n3w|0|35,test,mask_aware_stgnn_v2_full,artifacts/algorithm/v21_reliability_gate/checkpoint/mask_aware_stgnn_v2_full__salinity__1p0m.pt,9f9ad973b287d8cb100f4c2d7e83dcf411eef55b095a9dd97c0970bfb6031ca7,m3_final_option_a_inference_only:v1,TRUE_UNSEEN_WITH_EXISTING_CHECKPOINT
0n3w,2024-04-01 00:00:00,salinity,1.0,34.3510017395,35.5078856657,file-e36e821289ec459fd1e825946758dfa948e4d8bb345f6a8db0df1215001172b0|S_NaN_0n3w|0|36,test,mask_aware_stgnn_v2_full,artifacts/algorithm/v21_reliability_gate/checkpoint/mask_aware_stgnn_v2_full__salinity__1p0m.pt,9f9ad973b287d8cb100f4c2d7e83dcf411eef55b095a9dd97c0970bfb6031ca7,m3_final_option_a_inference_only:v1,TRUE_UNSEEN_WITH_EXISTING_CHECKPOINT
0n3w,2024-05-01 00:00:00,salinity,1.0,34.7137069702,35.5411792717,file-e36e821289ec459fd1e825946758dfa948e4d8bb345f6a8db0df1215001172b0|S_NaN_0n3w|0|37,test,mask_aware_stgnn_v2_full,artifacts/algorithm/v21_reliability_gate/checkpoint/mask_aware_stgnn_v2_full__salinity__1p0m.pt,9f9ad973b287d8cb100f4c2d7e83dcf411eef55b095a9dd97c0970bfb6031ca7,m3_final_option_a_inference_only:v1,TRUE_UNSEEN_WITH_EXISTING_CHECKPOINT
0n3w,2024-06-01 00:00:00,salinity,1.0,35.5311660767,35.5649798991,file-e36e821289ec459fd1e825946758dfa948e4d8bb345f6a8db0df1215001172b0|S_NaN_0n3w|0|38,test,mask_aware_stgnn_v2_full,artifacts/algorithm/v21_reliability_gate/checkpoint/mask_aware_stgnn_v2_full__salinity__1p0m.pt,9f9ad973b287d8cb100f4c2d7e83dcf411eef55b095a9dd97c0970bfb6031ca7,m3_final_option_a_inference_only:v1,TRUE_UNSEEN_WITH_EXISTING_CHECKPOINT
0n3w,2024-07-01 00:00:00,salinity,1.0,34.9209060669,35.5703675951,file-e36e821289ec459fd1e825946758dfa948e4d8bb345f6a8db0df1215001172b0|S_NaN_0n3w|0|39,test,mask_aware_stgnn_v2_full,artifacts/algorithm/v21_reliability_gate/checkpoint/mask_aware_stgnn_v2_full__salinity__1p0m.pt,9f9ad973b287d8cb100f4c2d7e83dcf411eef55b095a9dd97c0970bfb6031ca7,m3_final_option_a_inference_only:v1,TRUE_UNSEEN_WITH_EXISTING_CHECKPOINT
0n3w,2021-04-01 00:00:00,salinity,20.0,34.6049346924,35.8679049973,file-e36e821289ec459fd1e825946758dfa948e4d8bb345f6a8db0df1215001172b0|S_NaN_0n3w|1|0,test,mask_aware_stgnn_v2_full,artifacts/algorithm/v21_reliability_gate/checkpoint/mask_aware_stgnn_v2_full__salinity__20p0m.pt,56441f1f1ddb86e29971713034ba0bc0d830b46c029c4aaa9cfb735b9e859df9,m3_final_option_a_inference_only:v1,TRUE_UNSEEN_WITH_EXISTING_CHECKPOINT
0n3w,2021-05-01 00:00:00,salinity,20.0,34.7447090149,35.891400669,file-e36e821289ec459fd1e825946758dfa948e4d8bb345f6a8db0df1215001172b0|S_NaN_0n3w|1|1,test,mask_aware_stgnn_v2_full,artifacts/algorithm/v21_reliability_gate/checkpoint/mask_aware_stgnn_v2_full__salinity__20p0m.pt,56441f1f1ddb86e29971713034ba0bc0d830b46c029c4aaa9cfb735b9e859df9,m3_final_option_a_inference_only:v1,TRUE_UNSEEN_WITH_EXISTING_CHECKPOINT
0n3w,2021-06-01 00:00:00,salinity,20.0,35.1287651062,35.8857730157,file-e36e821289ec459fd1e825946758dfa948e4d8bb345f6a8db0df1215001172b0|S_NaN_0n3w|1|2,test,mask_aware_stgnn_v2_full,artifacts/algorithm/v21_reliability_gate/checkpoint/mask_aware_stgnn_v2_full__salinity__20p0m.pt,56441f1f1ddb86e29971713034ba0bc0d830b46c029c4aaa9cfb735b9e859df9,m3_final_option_a_inference_only:v1,TRUE_UNSEEN_WITH_EXISTING_CHECKPOINT
0n3w,2021-07-01 00:00:00,salinity,20.0,35.0580062866,35.8563298722,file-e36e821289ec459fd1e825946758dfa948e4d8bb345f6a8db0df1215001172b0|S_NaN_0n3w|1|3,test,mask_aware_stgnn_v2_full,artifacts/algorithm/v21_reliability_gate/checkpoint/mask_aware_stgnn_v2_full__salinity__20p0m.pt,56441f1f1ddb86e29971713034ba0bc0d830b46c029c4aaa9cfb735b9e859df9,m3_final_option_a_inference_only:v1,TRUE_UNSEEN_WITH_EXISTING_CHECKPOINT
0n3w,2021-08-01 00:00:00,salinity,20.0,35.2663230896,35.8324608304,file-e36e821289ec459fd1e825946758dfa948e4d8bb345f6a8db0df1215001172b0|S_NaN_0n3w|1|4,test,mask_aware_stgnn_v2_full,artifacts/algorithm/v21_reliability_gate/checkpoint/mask_aware_stgnn_v2_full__salinity__20p0m.pt,56441f1f1ddb86e29971713034ba0bc0d830b46c029c4aaa9cfb735b9e859df9,m3_final_option_a_inference_only:v1,TRUE_UNSEEN_WITH_EXISTING_CHECKPOINT
0n3w,2021-09-01 00:00:00,salinity,20.0,35.3190040588,35.8078246005,file-e36e821289ec459fd1e825946758dfa948e4d8bb345f6a8db0df1215001172b0|S_NaN_0n3w|1|5,test,mask_aware_stgnn_v2_full,artifacts/algorithm/v21_reliability_gate/checkpoint/mask_aware_stgnn_v2_full__salinity__20p0m.pt,56441f1f1ddb86e29971713034ba0bc0d830b46c029c4aaa9cfb735b9e859df9,m3_final_option_a_inference_only:v1,TRUE_UNSEEN_WITH_EXISTING_CHECKPOINT
0n3w,2021-10-01 00:00:00,salinity,20.0,35.4232254028,35.7972611642,file-e36e821289ec459fd1e825946758dfa948e4d8bb345f6a8db0df1215001172b0|S_NaN_0n3w|1|6,test,mask_aware_stgnn_v2_full,artifacts/algorithm/v21_reliability_gate/checkpoint/mask_aware_stgnn_v2_full__salinity__20p0m.pt,56441f1f1ddb86e29971713034ba0bc0d830b46c029c4aaa9cfb735b9e859df9,m3_final_option_a_inference_only:v1,TRUE_UNSEEN_WITH_EXISTING_CHECKPOINT
0n3w,2021-11-01 00:00:00,salinity,20.0,35.1930656433,35.802435377,file-e36e821289ec459fd1e825946758dfa948e4d8bb345f6a8db0df1215001172b0|S_NaN_0n3w|1|7,test,mask_aware_stgnn_v2_full,artifacts/algorithm/v21_reliability_gate/checkpoint/mask_aware_stgnn_v2_full__salinity__20p0m.pt,56441f1f1ddb86e29971713034ba0bc0d830b46c029c4aaa9cfb735b9e859df9,m3_final_option_a_inference_only:v1,TRUE_UNSEEN_WITH_EXISTING_CHECKPOINT
0n3w,2021-12-01 00:00:00,salinity,20.0,35.2005157471,35.8205513812,file-e36e821289ec459fd1e825946758dfa948e4d8bb345f6a8db0df1215001172b0|S_NaN_0n3w|1|8,test,mask_aware_stgnn_v2_full,artifacts/algorithm/v21_reliability_gate/checkpoint/mask_aware_stgnn_v2_full__salinity__20p0m.pt,56441f1f1ddb86e29971713034ba0bc0d830b46c029c4aaa9cfb735b9e859df9,m3_final_option_a_inference_only:v1,TRUE_UNSEEN_WITH_EXISTING_CHECKPOINT
0n3w,2022-01-01 00:00:00,salinity,20.0,34.9535179138,35.8523408809,file-e36e821289ec459fd1e825946758dfa948e4d8bb345f6a8db0df1215001172b0|S_NaN_0n3w|1|9,test,mask_aware_stgnn_v2_full,artifacts/algorithm/v21_reliability_gate/checkpoint/mask_aware_stgnn_v2_full__salinity__20p0m.pt,56441f1f1ddb86e29971713034ba0bc0d830b46c029c4aaa9cfb735b9e859df9,m3_final_option_a_inference_only:v1,TRUE_UNSEEN_WITH_EXISTING_CHECKPOINT
0n3w,2022-02-01 00:00:00,salinity,20.0,34.996925354,35.8933042967,file-e36e821289ec459fd1e825946758dfa948e4d8bb345f6a8db0df1215001172b0|S_NaN_0n3w|1|10,test,mask_aware_stgnn_v2_full,artifacts/algorithm/v21_reliability_gate/checkpoint/mask_aware_stgnn_v2_full__salinity__20p0m.pt,56441f1f1ddb86e29971713034ba0bc0d830b46c029c4aaa9cfb735b9e859df9,m3_final_option_a_inference_only:v1,TRUE_UNSEEN_WITH_EXISTING_CHECKPOINT
0n3w,2022-03-01 00:00:00,salinity,20.0,35.1904754639,35.9148617043,file-e36e821289ec459fd1e825946758dfa948e4d8bb345f6a8db0df1215001172b0|S_NaN_0n3w|1|11,test,mask_aware_stgnn_v2_full,artifacts/algorithm/v21_reliability_gate/checkpoint/mask_aware_stgnn_v2_full__salinity__20p0m.pt,56441f1f1ddb86e29971713034ba0bc0d830b46c029c4aaa9cfb735b9e859df9,m3_final_option_a_inference_only:v1,TRUE_UNSEEN_WITH_EXISTING_CHECKPOINT
0n3w,2023-04-01 00:00:00,salinity,20.0,35.05909729,35.9212772589,file-e36e821289ec459fd1e825946758dfa948e4d8bb345f6a8db0df1215001172b0|S_NaN_0n3w|1|24,test,mask_aware_stgnn_v2_full,artifacts/algorithm/v21_reliability_gate/checkpoint/mask_aware_stgnn_v2_full__salinity__20p0m.pt,56441f1f1ddb86e29971713034ba0bc0d830b46c029c4aaa9cfb735b9e859df9,m3_final_option_a_inference_only:v1,TRUE_UNSEEN_WITH_EXISTING_CHECKPOINT
0n3w,2023-05-01 00:00:00,salinity,20.0,34.8602523804,35.933020625,file-e36e821289ec459fd1e825946758dfa948e4d8bb345f6a8db0df1215001172b0|S_NaN_0n3w|1|25,test,mask_aware_stgnn_v2_full,artifacts/algorithm/v21_reliability_gate/checkpoint/mask_aware_stgnn_v2_full__salinity__20p0m.pt,56441f1f1ddb86e29971713034ba0bc0d830b46c029c4aaa9cfb735b9e859df9,m3_final_option_a_inference_only:v1,TRUE_UNSEEN_WITH_EXISTING_CHECKPOINT
0n3w,2023-06-01 00:00:00,salinity,20.0,35.6801300049,35.9213406404,file-e36e821289ec459fd1e825946758dfa948e4d8bb345f6a8db0df1215001172b0|S_NaN_0n3w|1|26,test,mask_aware_stgnn_v2_full,artifacts/algorithm/v21_reliability_gate/checkpoint/mask_aware_stgnn_v2_full__salinity__20p0m.pt,56441f1f1ddb86e29971713034ba0bc0d830b46c029c4aaa9cfb735b9e859df9,m3_final_option_a_inference_only:v1,TRUE_UNSEEN_WITH_EXISTING_CHECKPOINT
0n3w,2023-07-01 00:00:00,salinity,20.0,34.8045158386,35.8839402362,file-e36e821289ec459fd1e825946758dfa948e4d8bb345f6a8db0df1215001172b0|S_NaN_0n3w|1|27,test,mask_aware_stgnn_v2_full,artifacts/algorithm/v21_reliability_gate/checkpoint/mask_aware_stgnn_v2_full__salinity__20p0m.pt,56441f1f1ddb86e29971713034ba0bc0d830b46c029c4aaa9cfb735b9e859df9,m3_final_option_a_inference_only:v1,TRUE_UNSEEN_WITH_EXISTING_CHECKPOINT
0n3w,2023-08-01 00:00:00,salinity,20.0,35.0704803467,35.8290739889,file-e36e821289ec459fd1e825946758dfa948e4d8bb345f6a8db0df1215001172b0|S_NaN_0n3w|1|28,test,mask_aware_stgnn_v2_full,artifacts/algorithm/v21_reliability_gate/checkpoint/mask_aware_stgnn_v2_full__salinity__20p0m.pt,56441f1f1ddb86e29971713034ba0bc0d830b46c029c4aaa9cfb735b9e859df9,m3_final_option_a_inference_only:v1,TRUE_UNSEEN_WITH_EXISTING_CHECKPOINT
0n3w,2023-09-01 00:00:00,salinity,20.0,35.2421989441,35.7843455063,file-e36e821289ec459fd1e825946758dfa948e4d8bb345f6a8db0df1215001172b0|S_NaN_0n3w|1|29,test,mask_aware_stgnn_v2_full,artifacts/algorithm/v21_reliability_gate/checkpoint/mask_aware_stgnn_v2_full__salinity__20p0m.pt,56441f1f1ddb86e29971713034ba0bc0d830b46c029c4aaa9cfb735b9e859df9,m3_final_option_a_inference_only:v1,TRUE_UNSEEN_WITH_EXISTING_CHECKPOINT
0n3w,2023-10-01 00:00:00,salinity,20.0,35.4410629272,35.7732054888,file-e36e821289ec459fd1e825946758dfa948e4d8bb345f6a8db0df1215001172b0|S_NaN_0n3w|1|30,test,mask_aware_stgnn_v2_full,artifacts/algorithm/v21_reliability_gate/checkpoint/mask_aware_stgnn_v2_full__salinity__20p0m.pt,56441f1f1ddb86e29971713034ba0bc0d830b46c029c4aaa9cfb735b9e859df9,m3_final_option_a_inference_only:v1,TRUE_UNSEEN_WITH_EXISTING_CHECKPOINT
0n3w,2023-11-01 00:00:00,salinity,20.0,35.0497322083,35.7762490839,file-e36e821289ec459fd1e825946758dfa948e4d8bb345f6a8db0df1215001172b0|S_NaN_0n3w|1|31,test,mask_aware_stgnn_v2_full,artifacts/algorithm/v21_reliability_gate/checkpoint/mask_aware_stgnn_v2_full__salinity__20p0m.pt,56441f1f1ddb86e29971713034ba0bc0d830b46c029c4aaa9cfb735b9e859df9,m3_final_option_a_inference_only:v1,TRUE_UNSEEN_WITH_EXISTING_CHECKPOINT
0n3w,2023-12-01 00:00:00,salinity,20.0,34.8016471863,35.7819731794,file-e36e821289ec459fd1e825946758dfa948e4d8bb345f6a8db0df1215001172b0|S_NaN_0n3w|1|32,test,mask_aware_stgnn_v2_full,artifacts/algorithm/v21_reliability_gate/checkpoint/mask_aware_stgnn_v2_full__salinity__20p0m.pt,56441f1f1ddb86e29971713034ba0bc0d830b46c029c4aaa9cfb735b9e859df9,m3_final_option_a_inference_only:v1,TRUE_UNSEEN_WITH_EXISTING_CHECKPOINT
0n3w,2024-01-01 00:00:00,salinity,20.0,34.535030365,35.8030424931,file-e36e821289ec459fd1e825946758dfa948e4d8bb345f6a8db0df1215001172b0|S_NaN_0n3w|1|33,test,mask_aware_stgnn_v2_full,artifacts/algorithm/v21_reliability_gate/checkpoint/mask_aware_stgnn_v2_full__salinity__20p0m.pt,56441f1f1ddb86e29971713034ba0bc0d830b46c029c4aaa9cfb735b9e859df9,m3_final_option_a_inference_only:v1,TRUE_UNSEEN_WITH_EXISTING_CHECKPOINT
0n3w,2024-02-01 00:00:00,salinity,20.0,34.2655525208,35.8336439113,file-e36e821289ec459fd1e825946758dfa948e4d8bb345f6a8db0df1215001172b0|S_NaN_0n3w|1|34,test,mask_aware_stgnn_v2_full,artifacts/algorithm/v21_reliability_gate/checkpoint/mask_aware_stgnn_v2_full__salinity__20p0m.pt,56441f1f1ddb86e29971713034ba0bc0d830b46c029c4aaa9cfb735b9e859df9,m3_final_option_a_inference_only:v1,TRUE_UNSEEN_WITH_EXISTING_CHECKPOINT
0n3w,2024-03-01 00:00:00,salinity,20.0,34.3177528381,35.8707493202,file-e36e821289ec459fd1e825946758dfa948e4d8bb345f6a8db0df1215001172b0|S_NaN_0n3w|1|35,test,mask_aware_stgnn_v2_full,artifacts/algorithm/v21_reliability_gate/checkpoint/mask_aware_stgnn_v2_full__salinity__20p0m.pt,56441f1f1ddb86e29971713034ba0bc0d830b46c029c4aaa9cfb735b9e859df9,m3_final_option_a_inference_only:v1,TRUE_UNSEEN_WITH_EXISTING_CHECKPOINT
0n3w,2024-04-01 00:00:00,salinity,20.0,34.7925338745,35.9075479086,file-e36e821289ec459fd1e825946758dfa948e4d8bb345f6a8db0df1215001172b0|S_NaN_0n3w|1|36,test,mask_aware_stgnn_v2_full,artifacts/algorithm/v21_reliability_gate/checkpoint/mask_aware_stgnn_v2_full__salinity__20p0m.pt,56441f1f1ddb86e29971713034ba0bc0d830b46c029c4aaa9cfb735b9e859df9,m3_final_option_a_inference_only:v1,TRUE_UNSEEN_WITH_EXISTING_CHECKPOINT
0n3w,2024-05-01 00:00:00,salinity,20.0,35.0461273193,35.9240003504,file-e36e821289ec459fd1e825946758dfa948e4d8bb345f6a8db0df1215001172b0|S_NaN_0n3w|1|37,test,mask_aware_stgnn_v2_full,artifacts/algorithm/v21_reliability_gate/checkpoint/mask_aware_stgnn_v2_full__salinity__20p0m.pt,56441f1f1ddb86e29971713034ba0bc0d830b46c029c4aaa9cfb735b9e859df9,m3_final_option_a_inference_only:v1,TRUE_UNSEEN_WITH_EXISTING_CHECKPOINT
0n3w,2024-06-01 00:00:00,salinity,20.0,35.7208976746,35.9172654993,file-e36e821289ec459fd1e825946758dfa948e4d8bb345f6a8db0df1215001172b0|S_NaN_0n3w|1|38,test,mask_aware_stgnn_v2_full,artifacts/algorithm/v21_reliability_gate/checkpoint/mask_aware_stgnn_v2_full__salinity__20p0m.pt,56441f1f1ddb86e29971713034ba0bc0d830b46c029c4aaa9cfb735b9e859df9,m3_final_option_a_inference_only:v1,TRUE_UNSEEN_WITH_EXISTING_CHECKPOINT
0n3w,2024-07-01 00:00:00,salinity,20.0,35.1233901978,35.8825354315,file-e36e821289ec459fd1e825946758dfa948e4d8bb345f6a8db0df1215001172b0|S_NaN_0n3w|1|39,test,mask_aware_stgnn_v2_full,artifacts/algorithm/v21_reliability_gate/checkpoint/mask_aware_stgnn_v2_full__salinity__20p0m.pt,56441f1f1ddb86e29971713034ba0bc0d830b46c029c4aaa9cfb735b9e859df9,m3_final_option_a_inference_only:v1,TRUE_UNSEEN_WITH_EXISTING_CHECKPOINT
0n3w,2021-04-01 00:00:00,salinity,40.0,35.9806289673,36.2098329648,file-e36e821289ec459fd1e825946758dfa948e4d8bb345f6a8db0df1215001172b0|S_NaN_0n3w|2|0,test,mask_aware_stgnn_v2_full,artifacts/algorithm/v21_reliability_gate/checkpoint/mask_aware_stgnn_v2_full__salinity__40p0m.pt,ae511c57847ea9b66791fa4f3700d76438be9d8f50966ddfbf0b7391f7d403f5,m3_final_option_a_inference_only:v1,TRUE_UNSEEN_WITH_EXISTING_CHECKPOINT
0n3w,2021-05-01 00:00:00,salinity,40.0,36.0230979919,36.1657662903,file-e36e821289ec459fd1e825946758dfa948e4d8bb345f6a8db0df1215001172b0|S_NaN_0n3w|2|1,test,mask_aware_stgnn_v2_full,artifacts/algorithm/v21_reliability_gate/checkpoint/mask_aware_stgnn_v2_full__salinity__40p0m.pt,ae511c57847ea9b66791fa4f3700d76438be9d8f50966ddfbf0b7391f7d403f5,m3_final_option_a_inference_only:v1,TRUE_UNSEEN_WITH_EXISTING_CHECKPOINT
0n3w,2021-06-01 00:00:00,salinity,40.0,35.841835022,36.122184204,file-e36e821289ec459fd1e825946758dfa948e4d8bb345f6a8db0df1215001172b0|S_NaN_0n3w|2|2,test,mask_aware_stgnn_v2_full,artifacts/algorithm/v21_reliability_gate/checkpoint/mask_aware_stgnn_v2_full__salinity__40p0m.pt,ae511c57847ea9b66791fa4f3700d76438be9d8f50966ddfbf0b7391f7d403f5,m3_final_option_a_inference_only:v1,TRUE_UNSEEN_WITH_EXISTING_CHECKPOINT
0n3w,2021-07-01 00:00:00,salinity,40.0,35.884223938,36.09077398,file-e36e821289ec459fd1e825946758dfa948e4d8bb345f6a8db0df1215001172b0|S_NaN_0n3w|2|3,test,mask_aware_stgnn_v2_full,artifacts/algorithm/v21_reliability_gate/checkpoint/mask_aware_stgnn_v2_full__salinity__40p0m.pt,ae511c57847ea9b66791fa4f3700d76438be9d8f50966ddfbf0b7391f7d403f5,m3_final_option_a_inference_only:v1,TRUE_UNSEEN_WITH_EXISTING_CHECKPOINT
0n3w,2021-08-01 00:00:00,salinity,40.0,35.7910003662,36.0721351077,file-e36e821289ec459fd1e825946758dfa948e4d8bb345f6a8db0df1215001172b0|S_NaN_0n3w|2|4,test,mask_aware_stgnn_v2_full,artifacts/algorithm/v21_reliability_gate/checkpoint/mask_aware_stgnn_v2_full__salinity__40p0m.pt,ae511c57847ea9b66791fa4f3700d76438be9d8f50966ddfbf0b7391f7d403f5,m3_final_option_a_inference_only:v1,TRUE_UNSEEN_WITH_EXISTING_CHECKPOINT
0n3w,2021-09-01 00:00:00,salinity,40.0,35.702167511,36.0619651731,file-e36e821289ec459fd1e825946758dfa948e4d8bb345f6a8db0df1215001172b0|S_NaN_0n3w|2|5,test,mask_aware_stgnn_v2_full,artifacts/algorithm/v21_reliability_gate/checkpoint/mask_aware_stgnn_v2_full__salinity__40p0m.pt,ae511c57847ea9b66791fa4f3700d76438be9d8f50966ddfbf0b7391f7d403f5,m3_final_option_a_inference_only:v1,TRUE_UNSEEN_WITH_EXISTING_CHECKPOINT
0n3w,2021-10-01 00:00:00,salinity,40.0,35.4618988037,36.0572392098,file-e36e821289ec459fd1e825946758dfa948e4d8bb345f6a8db0df1215001172b0|S_NaN_0n3w|2|6,test,mask_aware_stgnn_v2_full,artifacts/algorithm/v21_reliability_gate/checkpoint/mask_aware_stgnn_v2_full__salinity__40p0m.pt,ae511c57847ea9b66791fa4f3700d76438be9d8f50966ddfbf0b7391f7d403f5,m3_final_option_a_inference_only:v1,TRUE_UNSEEN_WITH_EXISTING_CHECKPOINT
0n3w,2021-11-01 00:00:00,salinity,40.0,35.6543388367,36.0648337379,file-e36e821289ec459fd1e825946758dfa948e4d8bb345f6a8db0df1215001172b0|S_NaN_0n3w|2|7,test,mask_aware_stgnn_v2_full,artifacts/algorithm/v21_reliability_gate/checkpoint/mask_aware_stgnn_v2_full__salinity__40p0m.pt,ae511c57847ea9b66791fa4f3700d76438be9d8f50966ddfbf0b7391f7d403f5,m3_final_option_a_inference_only:v1,TRUE_UNSEEN_WITH_EXISTING_CHECKPOINT
0n3w,2021-12-01 00:00:00,salinity,40.0,35.8767738342,36.0842388837,file-e36e821289ec459fd1e825946758dfa948e4d8bb345f6a8db0df1215001172b0|S_NaN_0n3w|2|8,test,mask_aware_stgnn_v2_full,artifacts/algorithm/v21_reliability_gate/checkpoint/mask_aware_stgnn_v2_full__salinity__40p0m.pt,ae511c57847ea9b66791fa4f3700d76438be9d8f50966ddfbf0b7391f7d403f5,m3_final_option_a_inference_only:v1,TRUE_UNSEEN_WITH_EXISTING_CHECKPOINT
0n3w,2022-01-01 00:00:00,salinity,40.0,35.7768440247,36.1266198121,file-e36e821289ec459fd1e825946758dfa948e4d8bb345f6a8db0df1215001172b0|S_NaN_0n3w|2|9,test,mask_aware_stgnn_v2_full,artifacts/algorithm/v21_reliability_gate/checkpoint/mask_aware_stgnn_v2_full__salinity__40p0m.pt,ae511c57847ea9b66791fa4f3700d76438be9d8f50966ddfbf0b7391f7d403f5,m3_final_option_a_inference_only:v1,TRUE_UNSEEN_WITH_EXISTING_CHECKPOINT
0n3w,2022-02-01 00:00:00,salinity,40.0,36.0641822815,36.1812011981,file-e36e821289ec459fd1e825946758dfa948e4d8bb345f6a8db0df1215001172b0|S_NaN_0n3w|2|10,test,mask_aware_stgnn_v2_full,artifacts/algorithm/v21_reliability_gate/checkpoint/mask_aware_stgnn_v2_full__salinity__40p0m.pt,ae511c57847ea9b66791fa4f3700d76438be9d8f50966ddfbf0b7391f7d403f5,m3_final_option_a_inference_only:v1,TRUE_UNSEEN_WITH_EXISTING_CHECKPOINT
0n3w,2022-03-01 00:00:00,salinity,40.0,36.143573761,36.2357320842,file-e36e821289ec459fd1e825946758dfa948e4d8bb345f6a8db0df1215001172b0|S_NaN_0n3w|2|11,test,mask_aware_stgnn_v2_full,artifacts/algorithm/v21_reliability_gate/checkpoint/mask_aware_stgnn_v2_full__salinity__40p0m.pt,ae511c57847ea9b66791fa4f3700d76438be9d8f50966ddfbf0b7391f7d403f5,m3_final_option_a_inference_only:v1,TRUE_UNSEEN_WITH_EXISTING_CHECKPOINT
0n3w,2023-04-01 00:00:00,salinity,40.0,36.2100982666,36.2467652411,file-e36e821289ec459fd1e825946758dfa948e4d8bb345f6a8db0df1215001172b0|S_NaN_0n3w|2|24,test,mask_aware_stgnn_v2_full,artifacts/algorithm/v21_reliability_gate/checkpoint/mask_aware_stgnn_v2_full__salinity__40p0m.pt,ae511c57847ea9b66791fa4f3700d76438be9d8f50966ddfbf0b7391f7d403f5,m3_final_option_a_inference_only:v1,TRUE_UNSEEN_WITH_EXISTING_CHECKPOINT
0n3w,2023-05-01 00:00:00,salinity,40.0,36.2444534302,36.2072565872,file-e36e821289ec459fd1e825946758dfa948e4d8bb345f6a8db0df1215001172b0|S_NaN_0n3w|2|25,test,mask_aware_stgnn_v2_full,artifacts/algorithm/v21_reliability_gate/checkpoint/mask_aware_stgnn_v2_full__salinity__40p0m.pt,ae511c57847ea9b66791fa4f3700d76438be9d8f50966ddfbf0b7391f7d403f5,m3_final_option_a_inference_only:v1,TRUE_UNSEEN_WITH_EXISTING_CHECKPOINT
0n3w,2023-06-01 00:00:00,salinity,40.0,35.8969955444,36.161141714,file-e36e821289ec459fd1e825946758dfa948e4d8bb345f6a8db0df1215001172b0|S_NaN_0n3w|2|26,test,mask_aware_stgnn_v2_full,artifacts/algorithm/v21_reliability_gate/checkpoint/mask_aware_stgnn_v2_full__salinity__40p0m.pt,ae511c57847ea9b66791fa4f3700d76438be9d8f50966ddfbf0b7391f7d403f5,m3_final_option_a_inference_only:v1,TRUE_UNSEEN_WITH_EXISTING_CHECKPOINT
0n3w,2023-07-01 00:00:00,salinity,40.0,35.9305152893,36.1256811056,file-e36e821289ec459fd1e825946758dfa948e4d8bb345f6a8db0df1215001172b0|S_NaN_0n3w|2|27,test,mask_aware_stgnn_v2_full,artifacts/algorithm/v21_reliability_gate/checkpoint/mask_aware_stgnn_v2_full__salinity__40p0m.pt,ae511c57847ea9b66791fa4f3700d76438be9d8f50966ddfbf0b7391f7d403f5,m3_final_option_a_inference_only:v1,TRUE_UNSEEN_WITH_EXISTING_CHECKPOINT
0n3w,2023-08-01 00:00:00,salinity,40.0,35.8495445251,36.1027232443,file-e36e821289ec459fd1e825946758dfa948e4d8bb345f6a8db0df1215001172b0|S_NaN_0n3w|2|28,test,mask_aware_stgnn_v2_full,artifacts/algorithm/v21_reliability_gate/checkpoint/mask_aware_stgnn_v2_full__salinity__40p0m.pt,ae511c57847ea9b66791fa4f3700d76438be9d8f50966ddfbf0b7391f7d403f5,m3_final_option_a_inference_only:v1,TRUE_UNSEEN_WITH_EXISTING_CHECKPOINT
0n3w,2023-09-01 00:00:00,salinity,40.0,35.7820320129,36.0873754044,file-e36e821289ec459fd1e825946758dfa948e4d8bb345f6a8db0df1215001172b0|S_NaN_0n3w|2|29,test,mask_aware_stgnn_v2_full,artifacts/algorithm/v21_reliability_gate/checkpoint/mask_aware_stgnn_v2_full__salinity__40p0m.pt,ae511c57847ea9b66791fa4f3700d76438be9d8f50966ddfbf0b7391f7d403f5,m3_final_option_a_inference_only:v1,TRUE_UNSEEN_WITH_EXISTING_CHECKPOINT
0n3w,2023-10-01 00:00:00,salinity,40.0,35.5629005432,36.0881727074,file-e36e821289ec459fd1e825946758dfa948e4d8bb345f6a8db0df1215001172b0|S_NaN_0n3w|2|30,test,mask_aware_stgnn_v2_full,artifacts/algorithm/v21_reliability_gate/checkpoint/mask_aware_stgnn_v2_full__salinity__40p0m.pt,ae511c57847ea9b66791fa4f3700d76438be9d8f50966ddfbf0b7391f7d403f5,m3_final_option_a_inference_only:v1,TRUE_UNSEEN_WITH_EXISTING_CHECKPOINT
0n3w,2023-11-01 00:00:00,salinity,40.0,35.7318649292,36.0947289983,file-e36e821289ec459fd1e825946758dfa948e4d8bb345f6a8db0df1215001172b0|S_NaN_0n3w|2|31,test,mask_aware_stgnn_v2_full,artifacts/algorithm/v21_reliability_gate/checkpoint/mask_aware_stgnn_v2_full__salinity__40p0m.pt,ae511c57847ea9b66791fa4f3700d76438be9d8f50966ddfbf0b7391f7d403f5,m3_final_option_a_inference_only:v1,TRUE_UNSEEN_WITH_EXISTING_CHECKPOINT
0n3w,2023-12-01 00:00:00,salinity,40.0,36.0558700562,36.1241464934,file-e36e821289ec459fd1e825946758dfa948e4d8bb345f6a8db0df1215001172b0|S_NaN_0n3w|2|32,test,mask_aware_stgnn_v2_full,artifacts/algorithm/v21_reliability_gate/checkpoint/mask_aware_stgnn_v2_full__salinity__40p0m.pt,ae511c57847ea9b66791fa4f3700d76438be9d8f50966ddfbf0b7391f7d403f5,m3_final_option_a_inference_only:v1,TRUE_UNSEEN_WITH_EXISTING_CHECKPOINT
0n3w,2024-01-01 00:00:00,salinity,40.0,36.0667076111,36.1679943473,file-e36e821289ec459fd1e825946758dfa948e4d8bb345f6a8db0df1215001172b0|S_NaN_0n3w|2|33,test,mask_aware_stgnn_v2_full,artifacts/algorithm/v21_reliability_gate/checkpoint/mask_aware_stgnn_v2_full__salinity__40p0m.pt,ae511c57847ea9b66791fa4f3700d76438be9d8f50966ddfbf0b7391f7d403f5,m3_final_option_a_inference_only:v1,TRUE_UNSEEN_WITH_EXISTING_CHECKPOINT
0n3w,2024-02-01 00:00:00,salinity,40.0,36.1098632812,36.216974847,file-e36e821289ec459fd1e825946758dfa948e4d8bb345f6a8db0df1215001172b0|S_NaN_0n3w|2|34,test,mask_aware_stgnn_v2_full,artifacts/algorithm/v21_reliability_gate/checkpoint/mask_aware_stgnn_v2_full__salinity__40p0m.pt,ae511c57847ea9b66791fa4f3700d76438be9d8f50966ddfbf0b7391f7d403f5,m3_final_option_a_inference_only:v1,TRUE_UNSEEN_WITH_EXISTING_CHECKPOINT
0n3w,2024-03-01 00:00:00,salinity,40.0,36.1483840942,36.2510389519,file-e36e821289ec459fd1e825946758dfa948e4d8bb345f6a8db0df1215001172b0|S_NaN_0n3w|2|35,test,mask_aware_stgnn_v2_full,artifacts/algorithm/v21_reliability_gate/checkpoint/mask_aware_stgnn_v2_full__salinity__40p0m.pt,ae511c57847ea9b66791fa4f3700d76438be9d8f50966ddfbf0b7391f7d403f5,m3_final_option_a_inference_only:v1,TRUE_UNSEEN_WITH_EXISTING_CHECKPOINT
0n3w,2024-04-01 00:00:00,salinity,40.0,36.2963027954,36.2466246122,file-e36e821289ec459fd1e825946758dfa948e4d8bb345f6a8db0df1215001172b0|S_NaN_0n3w|2|36,test,mask_aware_stgnn_v2_full,artifacts/algorithm/v21_reliability_gate/checkpoint/mask_aware_stgnn_v2_full__salinity__40p0m.pt,ae511c57847ea9b66791fa4f3700d76438be9d8f50966ddfbf0b7391f7d403f5,m3_final_option_a_inference_only:v1,TRUE_UNSEEN_WITH_EXISTING_CHECKPOINT
0n3w,2024-05-01 00:00:00,salinity,40.0,36.1565208435,36.1969101719,file-e36e821289ec459fd1e825946758dfa948e4d8bb345f6a8db0df1215001172b0|S_NaN_0n3w|2|37,test,mask_aware_stgnn_v2_full,artifacts/algorithm/v21_reliability_gate/checkpoint/mask_aware_stgnn_v2_full__salinity__40p0m.pt,ae511c57847ea9b66791fa4f3700d76438be9d8f50966ddfbf0b7391f7d403f5,m3_final_option_a_inference_only:v1,TRUE_UNSEEN_WITH_EXISTING_CHECKPOINT
0n3w,2024-06-01 00:00:00,salinity,40.0,35.9209327698,36.1454144471,file-e36e821289ec459fd1e825946758dfa948e4d8bb345f6a8db0df1215001172b0|S_NaN_0n3w|2|38,test,mask_aware_stgnn_v2_full,artifacts/algorithm/v21_reliability_gate/checkpoint/mask_aware_stgnn_v2_full__salinity__40p0m.pt,ae511c57847ea9b66791fa4f3700d76438be9d8f50966ddfbf0b7391f7d403f5,m3_final_option_a_inference_only:v1,TRUE_UNSEEN_WITH_EXISTING_CHECKPOINT
0n3w,2024-07-01 00:00:00,salinity,40.0,35.8016395569,36.1048706048,file-e36e821289ec459fd1e825946758dfa948e4d8bb345f6a8db0df1215001172b0|S_NaN_0n3w|2|39,test,mask_aware_stgnn_v2_full,artifacts/algorithm/v21_reliability_gate/checkpoint/mask_aware_stgnn_v2_full__salinity__40p0m.pt,ae511c57847ea9b66791fa4f3700d76438be9d8f50966ddfbf0b7391f7d403f5,m3_final_option_a_inference_only:v1,TRUE_UNSEEN_WITH_EXISTING_CHECKPOINT
0n3w,2021-04-01 00:00:00,salinity,120.0,35.5600357056,35.7233478917,file-e36e821289ec459fd1e825946758dfa948e4d8bb345f6a8db0df1215001172b0|S_NaN_0n3w|3|0,test,mask_aware_stgnn_v2_full,artifacts/algorithm/v21_reliability_gate/checkpoint/mask_aware_stgnn_v2_full__salinity__120p0m.pt,83a21266d35a5b4e0733ddb7145cfcaff6113b0aaba58c133e4f069665e25a00,m3_final_option_a_inference_only:v1,TRUE_UNSEEN_WITH_EXISTING_CHECKPOINT
0n3w,2021-05-01 00:00:00,salinity,120.0,35.6183853149,35.7304364112,file-e36e821289ec459fd1e825946758dfa948e4d8bb345f6a8db0df1215001172b0|S_NaN_0n3w|3|1,test,mask_aware_stgnn_v2_full,artifacts/algorithm/v21_reliability_gate/checkpoint/mask_aware_stgnn_v2_full__salinity__120p0m.pt,83a21266d35a5b4e0733ddb7145cfcaff6113b0aaba58c133e4f069665e25a00,m3_final_option_a_inference_only:v1,TRUE_UNSEEN_WITH_EXISTING_CHECKPOINT
0n3w,2021-06-01 00:00:00,salinity,120.0,35.5381965637,35.7325256487,file-e36e821289ec459fd1e825946758dfa948e4d8bb345f6a8db0df1215001172b0|S_NaN_0n3w|3|2,test,mask_aware_stgnn_v2_full,artifacts/algorithm/v21_reliability_gate/checkpoint/mask_aware_stgnn_v2_full__salinity__120p0m.pt,83a21266d35a5b4e0733ddb7145cfcaff6113b0aaba58c133e4f069665e25a00,m3_final_option_a_inference_only:v1,TRUE_UNSEEN_WITH_EXISTING_CHECKPOINT
0n3w,2021-07-01 00:00:00,salinity,120.0,35.5156440735,35.7375660356,file-e36e821289ec459fd1e825946758dfa948e4d8bb345f6a8db0df1215001172b0|S_NaN_0n3w|3|3,test,mask_aware_stgnn_v2_full,artifacts/algorithm/v21_reliability_gate/checkpoint/mask_aware_stgnn_v2_full__salinity__120p0m.pt,83a21266d35a5b4e0733ddb7145cfcaff6113b0aaba58c133e4f069665e25a00,m3_final_option_a_inference_only:v1,TRUE_UNSEEN_WITH_EXISTING_CHECKPOINT
0n3w,2021-08-01 00:00:00,salinity,120.0,35.4912223816,35.7531756927,file-e36e821289ec459fd1e825946758dfa948e4d8bb345f6a8db0df1215001172b0|S_NaN_0n3w|3|4,test,mask_aware_stgnn_v2_full,artifacts/algorithm/v21_reliability_gate/checkpoint/mask_aware_stgnn_v2_full__salinity__120p0m.pt,83a21266d35a5b4e0733ddb7145cfcaff6113b0aaba58c133e4f069665e25a00,m3_final_option_a_inference_only:v1,TRUE_UNSEEN_WITH_EXISTING_CHECKPOINT
0n3w,2021-09-01 00:00:00,salinity,120.0,35.5845680237,35.774466086,file-e36e821289ec459fd1e825946758dfa948e4d8bb345f6a8db0df1215001172b0|S_NaN_0n3w|3|5,test,mask_aware_stgnn_v2_full,artifacts/algorithm/v21_reliability_gate/checkpoint/mask_aware_stgnn_v2_full__salinity__120p0m.pt,83a21266d35a5b4e0733ddb7145cfcaff6113b0aaba58c133e4f069665e25a00,m3_final_option_a_inference_only:v1,TRUE_UNSEEN_WITH_EXISTING_CHECKPOINT
0n3w,2021-10-01 00:00:00,salinity,120.0,35.6632881165,35.798136427,file-e36e821289ec459fd1e825946758dfa948e4d8bb345f6a8db0df1215001172b0|S_NaN_0n3w|3|6,test,mask_aware_stgnn_v2_full,artifacts/algorithm/v21_reliability_gate/checkpoint/mask_aware_stgnn_v2_full__salinity__120p0m.pt,83a21266d35a5b4e0733ddb7145cfcaff6113b0aaba58c133e4f069665e25a00,m3_final_option_a_inference_only:v1,TRUE_UNSEEN_WITH_EXISTING_CHECKPOINT
0n3w,2021-11-01 00:00:00,salinity,120.0,35.6370353699,35.8136035481,file-e36e821289ec459fd1e825946758dfa948e4d8bb345f6a8db0df1215001172b0|S_NaN_0n3w|3|7,test,mask_aware_stgnn_v2_full,artifacts/algorithm/v21_reliability_gate/checkpoint/mask_aware_stgnn_v2_full__salinity__120p0m.pt,83a21266d35a5b4e0733ddb7145cfcaff6113b0aaba58c133e4f069665e25a00,m3_final_option_a_inference_only:v1,TRUE_UNSEEN_WITH_EXISTING_CHECKPOINT
0n3w,2021-12-01 00:00:00,salinity,120.0,35.557384491,35.8143357634,file-e36e821289ec459fd1e825946758dfa948e4d8bb345f6a8db0df1215001172b0|S_NaN_0n3w|3|8,test,mask_aware_stgnn_v2_full,artifacts/algorithm/v21_reliability_gate/checkpoint/mask_aware_stgnn_v2_full__salinity__120p0m.pt,83a21266d35a5b4e0733ddb7145cfcaff6113b0aaba58c133e4f069665e25a00,m3_final_option_a_inference_only:v1,TRUE_UNSEEN_WITH_EXISTING_CHECKPOINT
0n3w,2022-01-01 00:00:00,salinity,120.0,35.5471954346,35.8007178644,file-e36e821289ec459fd1e825946758dfa948e4d8bb345f6a8db0df1215001172b0|S_NaN_0n3w|3|9,test,mask_aware_stgnn_v2_full,artifacts/algorithm/v21_reliability_gate/checkpoint/mask_aware_stgnn_v2_full__salinity__120p0m.pt,83a21266d35a5b4e0733ddb7145cfcaff6113b0aaba58c133e4f069665e25a00,m3_final_option_a_inference_only:v1,TRUE_UNSEEN_WITH_EXISTING_CHECKPOINT
0n3w,2022-02-01 00:00:00,salinity,120.0,35.5527801514,35.7779395615,file-e36e821289ec459fd1e825946758dfa948e4d8bb345f6a8db0df1215001172b0|S_NaN_0n3w|3|10,test,mask_aware_stgnn_v2_full,artifacts/algorithm/v21_reliability_gate/checkpoint/mask_aware_stgnn_v2_full__salinity__120p0m.pt,83a21266d35a5b4e0733ddb7145cfcaff6113b0aaba58c133e4f069665e25a00,m3_final_option_a_inference_only:v1,TRUE_UNSEEN_WITH_EXISTING_CHECKPOINT
0n3w,2022-03-01 00:00:00,salinity,120.0,35.5613822937,35.7617424655,file-e36e821289ec459fd1e825946758dfa948e4d8bb345f6a8db0df1215001172b0|S_NaN_0n3w|3|11,test,mask_aware_stgnn_v2_full,artifacts/algorithm/v21_reliability_gate/checkpoint/mask_aware_stgnn_v2_full__salinity__120p0m.pt,83a21266d35a5b4e0733ddb7145cfcaff6113b0aaba58c133e4f069665e25a00,m3_final_option_a_inference_only:v1,TRUE_UNSEEN_WITH_EXISTING_CHECKPOINT
0n3w,2023-04-01 00:00:00,salinity,120.0,35.7591629028,35.7591172447,file-e36e821289ec459fd1e825946758dfa948e4d8bb345f6a8db0df1215001172b0|S_NaN_0n3w|3|24,test,mask_aware_stgnn_v2_full,artifacts/algorithm/v21_reliability_gate/checkpoint/mask_aware_stgnn_v2_full__salinity__120p0m.pt,83a21266d35a5b4e0733ddb7145cfcaff6113b0aaba58c133e4f069665e25a00,m3_final_option_a_inference_only:v1,TRUE_UNSEEN_WITH_EXISTING_CHECKPOINT
0n3w,2023-05-01 00:00:00,salinity,120.0,35.6745834351,35.7584275232,file-e36e821289ec459fd1e825946758dfa948e4d8bb345f6a8db0df1215001172b0|S_NaN_0n3w|3|25,test,mask_aware_stgnn_v2_full,artifacts/algorithm/v21_reliability_gate/checkpoint/mask_aware_stgnn_v2_full__salinity__120p0m.pt,83a21266d35a5b4e0733ddb7145cfcaff6113b0aaba58c133e4f069665e25a00,m3_final_option_a_inference_only:v1,TRUE_UNSEEN_WITH_EXISTING_CHECKPOINT
0n3w,2023-06-01 00:00:00,salinity,120.0,35.6498985291,35.760954595,file-e36e821289ec459fd1e825946758dfa948e4d8bb345f6a8db0df1215001172b0|S_NaN_0n3w|3|26,test,mask_aware_stgnn_v2_full,artifacts/algorithm/v21_reliability_gate/checkpoint/mask_aware_stgnn_v2_full__salinity__120p0m.pt,83a21266d35a5b4e0733ddb7145cfcaff6113b0aaba58c133e4f069665e25a00,m3_final_option_a_inference_only:v1,TRUE_UNSEEN_WITH_EXISTING_CHECKPOINT
0n3w,2023-07-01 00:00:00,salinity,120.0,35.6180610657,35.7514445932,file-e36e821289ec459fd1e825946758dfa948e4d8bb345f6a8db0df1215001172b0|S_NaN_0n3w|3|27,test,mask_aware_stgnn_v2_full,artifacts/algorithm/v21_reliability_gate/checkpoint/mask_aware_stgnn_v2_full__salinity__120p0m.pt,83a21266d35a5b4e0733ddb7145cfcaff6113b0aaba58c133e4f069665e25a00,m3_final_option_a_inference_only:v1,TRUE_UNSEEN_WITH_EXISTING_CHECKPOINT
0n3w,2023-08-01 00:00:00,salinity,120.0,35.6035499573,35.757859099,file-e36e821289ec459fd1e825946758dfa948e4d8bb345f6a8db0df1215001172b0|S_NaN_0n3w|3|28,test,mask_aware_stgnn_v2_full,artifacts/algorithm/v21_reliability_gate/checkpoint/mask_aware_stgnn_v2_full__salinity__120p0m.pt,83a21266d35a5b4e0733ddb7145cfcaff6113b0aaba58c133e4f069665e25a00,m3_final_option_a_inference_only:v1,TRUE_UNSEEN_WITH_EXISTING_CHECKPOINT
0n3w,2023-09-01 00:00:00,salinity,120.0,35.672996521,35.783783692,file-e36e821289ec459fd1e825946758dfa948e4d8bb345f6a8db0df1215001172b0|S_NaN_0n3w|3|29,test,mask_aware_stgnn_v2_full,artifacts/algorithm/v21_reliability_gate/checkpoint/mask_aware_stgnn_v2_full__salinity__120p0m.pt,83a21266d35a5b4e0733ddb7145cfcaff6113b0aaba58c133e4f069665e25a00,m3_final_option_a_inference_only:v1,TRUE_UNSEEN_WITH_EXISTING_CHECKPOINT
0n3w,2023-10-01 00:00:00,salinity,120.0,35.7129058838,35.8020943973,file-e36e821289ec459fd1e825946758dfa948e4d8bb345f6a8db0df1215001172b0|S_NaN_0n3w|3|30,test,mask_aware_stgnn_v2_full,artifacts/algorithm/v21_reliability_gate/checkpoint/mask_aware_stgnn_v2_full__salinity__120p0m.pt,83a21266d35a5b4e0733ddb7145cfcaff6113b0aaba58c133e4f069665e25a00,m3_final_option_a_inference_only:v1,TRUE_UNSEEN_WITH_EXISTING_CHECKPOINT
0n3w,2023-11-01 00:00:00,salinity,120.0,35.7366714478,35.8187911255,file-e36e821289ec459fd1e825946758dfa948e4d8bb345f6a8db0df1215001172b0|S_NaN_0n3w|3|31,test,mask_aware_stgnn_v2_full,artifacts/algorithm/v21_reliability_gate/checkpoint/mask_aware_stgnn_v2_full__salinity__120p0m.pt,83a21266d35a5b4e0733ddb7145cfcaff6113b0aaba58c133e4f069665e25a00,m3_final_option_a_inference_only:v1,TRUE_UNSEEN_WITH_EXISTING_CHECKPOINT
0n3w,2023-12-01 00:00:00,salinity,120.0,35.7214508057,35.8293057986,file-e36e821289ec459fd1e825946758dfa948e4d8bb345f6a8db0df1215001172b0|S_NaN_0n3w|3|32,test,mask_aware_stgnn_v2_full,artifacts/algorithm/v21_reliability_gate/checkpoint/mask_aware_stgnn_v2_full__salinity__120p0m.pt,83a21266d35a5b4e0733ddb7145cfcaff6113b0aaba58c133e4f069665e25a00,m3_final_option_a_inference_only:v1,TRUE_UNSEEN_WITH_EXISTING_CHECKPOINT
0n3w,2024-01-01 00:00:00,salinity,120.0,35.6693229675,35.8087767295,file-e36e821289ec459fd1e825946758dfa948e4d8bb345f6a8db0df1215001172b0|S_NaN_0n3w|3|33,test,mask_aware_stgnn_v2_full,artifacts/algorithm/v21_reliability_gate/checkpoint/mask_aware_stgnn_v2_full__salinity__120p0m.pt,83a21266d35a5b4e0733ddb7145cfcaff6113b0aaba58c133e4f069665e25a00,m3_final_option_a_inference_only:v1,TRUE_UNSEEN_WITH_EXISTING_CHECKPOINT
0n3w,2024-02-01 00:00:00,salinity,120.0,35.6831054688,35.7829981695,file-e36e821289ec459fd1e825946758dfa948e4d8bb345f6a8db0df1215001172b0|S_NaN_0n3w|3|34,test,mask_aware_stgnn_v2_full,artifacts/algorithm/v21_reliability_gate/checkpoint/mask_aware_stgnn_v2_full__salinity__120p0m.pt,83a21266d35a5b4e0733ddb7145cfcaff6113b0aaba58c133e4f069665e25a00,m3_final_option_a_inference_only:v1,TRUE_UNSEEN_WITH_EXISTING_CHECKPOINT
0n3w,2024-03-01 00:00:00,salinity,120.0,35.7050476074,35.7653096587,file-e36e821289ec459fd1e825946758dfa948e4d8bb345f6a8db0df1215001172b0|S_NaN_0n3w|3|35,test,mask_aware_stgnn_v2_full,artifacts/algorithm/v21_reliability_gate/checkpoint/mask_aware_stgnn_v2_full__salinity__120p0m.pt,83a21266d35a5b4e0733ddb7145cfcaff6113b0aaba58c133e4f069665e25a00,m3_final_option_a_inference_only:v1,TRUE_UNSEEN_WITH_EXISTING_CHECKPOINT
