gap_length_months,mask_id,mask_file,split,station_id_raw,variable,depth,start_month,end_month
3,m2_continuous_gap_v1_gap3_seed20260811,m2_gap3_mask.nc,test,0n0e,salinity,1.0,2019-06,2019-08
3,m2_continuous_gap_v1_gap3_seed20260811,m2_gap3_mask.nc,test,0n0e,salinity,120.0,2020-01,2020-03
3,m2_continuous_gap_v1_gap3_seed20260811,m2_gap3_mask.nc,test,0n0e,salinity,20.0,2020-07,2020-09
3,m2_continuous_gap_v1_gap3_seed20260811,m2_gap3_mask.nc,test,0n0e,salinity,40.0,2019-06,2019-08
3,m2_continuous_gap_v1_gap3_seed20260811,m2_gap3_mask.nc,test,0n0e,temperature,1.0,2019-04,2019-06
3,m2_continuous_gap_v1_gap3_seed20260811,m2_gap3_mask.nc,test,0n0e,temperature,120.0,2021-01,2021-03
3,m2_continuous_gap_v1_gap3_seed20260811,m2_gap3_mask.nc,test,0n0e,temperature,20.0,2021-01,2021-03
3,m2_continuous_gap_v1_gap3_seed20260811,m2_gap3_mask.nc,test,0n0e,temperature,40.0,2019-08,2019-10
3,m2_continuous_gap_v1_gap3_seed20260811,m2_gap3_mask.nc,test,0n10w,salinity,1.0,2023-09,2023-11
3,m2_continuous_gap_v1_gap3_seed20260811,m2_gap3_mask.nc,test,0n10w,salinity,120.0,2024-03,2024-05
3,m2_continuous_gap_v1_gap3_seed20260811,m2_gap3_mask.nc,test,0n10w,salinity,20.0,2019-06,2019-08
3,m2_continuous_gap_v1_gap3_seed20260811,m2_gap3_mask.nc,test,0n10w,salinity,40.0,2022-09,2022-11
3,m2_continuous_gap_v1_gap3_seed20260811,m2_gap3_mask.nc,test,0n10w,temperature,1.0,2020-03,2020-05
3,m2_continuous_gap_v1_gap3_seed20260811,m2_gap3_mask.nc,test,0n10w,temperature,120.0,2020-06,2020-08
3,m2_continuous_gap_v1_gap3_seed20260811,m2_gap3_mask.nc,test,0n10w,temperature,20.0,2019-12,2020-02
3,m2_continuous_gap_v1_gap3_seed20260811,m2_gap3_mask.nc,test,0n10w,temperature,40.0,2021-01,2021-03
3,m2_continuous_gap_v1_gap3_seed20260811,m2_gap3_mask.nc,test,0n23w,salinity,1.0,2024-04,2024-06
3,m2_continuous_gap_v1_gap3_seed20260811,m2_gap3_mask.nc,test,0n23w,salinity,120.0,2020-03,2020-05
3,m2_continuous_gap_v1_gap3_seed20260811,m2_gap3_mask.nc,test,0n23w,salinity,20.0,2023-02,2023-04
3,m2_continuous_gap_v1_gap3_seed20260811,m2_gap3_mask.nc,test,0n23w,salinity,40.0,2021-06,2021-08
3,m2_continuous_gap_v1_gap3_seed20260811,m2_gap3_mask.nc,test,0n23w,temperature,1.0,2019-02,2019-04
3,m2_continuous_gap_v1_gap3_seed20260811,m2_gap3_mask.nc,test,0n23w,temperature,120.0,2019-10,2019-12
3,m2_continuous_gap_v1_gap3_seed20260811,m2_gap3_mask.nc,test,0n23w,temperature,20.0,2019-06,2019-08
3,m2_continuous_gap_v1_gap3_seed20260811,m2_gap3_mask.nc,test,0n23w,temperature,40.0,2020-04,2020-06
3,m2_continuous_gap_v1_gap3_seed20260811,m2_gap3_mask.nc,test,0n35w,salinity,1.0,2024-05,2024-07
3,m2_continuous_gap_v1_gap3_seed20260811,m2_gap3_mask.nc,test,0n35w,salinity,120.0,2023-08,2023-10
3,m2_continuous_gap_v1_gap3_seed20260811,m2_gap3_mask.nc,test,0n35w,salinity,20.0,2024-05,2024-07
3,m2_continuous_gap_v1_gap3_seed20260811,m2_gap3_mask.nc,test,0n35w,salinity,40.0,2023-03,2023-05
3,m2_continuous_gap_v1_gap3_seed20260811,m2_gap3_mask.nc,test,0n35w,temperature,1.0,2022-08,2022-10
3,m2_continuous_gap_v1_gap3_seed20260811,m2_gap3_mask.nc,test,0n35w,temperature,120.0,2022-09,2022-11
3,m2_continuous_gap_v1_gap3_seed20260811,m2_gap3_mask.nc,test,0n35w,temperature,20.0,2024-05,2024-07
3,m2_continuous_gap_v1_gap3_seed20260811,m2_gap3_mask.nc,test,0n35w,temperature,40.0,2022-10,2022-12
3,m2_continuous_gap_v1_gap3_seed20260811,m2_gap3_mask.nc,test,0n3w,salinity,1.0,2022-08,2022-10
3,m2_continuous_gap_v1_gap3_seed20260811,m2_gap3_mask.nc,test,0n3w,salinity,120.0,2021-04,2021-06
3,m2_continuous_gap_v1_gap3_seed20260811,m2_gap3_mask.nc,test,0n3w,salinity,20.0,2022-01,2022-03
3,m2_continuous_gap_v1_gap3_seed20260811,m2_gap3_mask.nc,test,0n3w,salinity,40.0,2023-05,2023-07
3,m2_continuous_gap_v1_gap3_seed20260811,m2_gap3_mask.nc,test,0n3w,temperature,1.0,2022-02,2022-04
3,m2_continuous_gap_v1_gap3_seed20260811,m2_gap3_mask.nc,test,0n3w,temperature,120.0,2023-09,2023-11
3,m2_continuous_gap_v1_gap3_seed20260811,m2_gap3_mask.nc,test,0n3w,temperature,20.0,2023-05,2023-07
3,m2_continuous_gap_v1_gap3_seed20260811,m2_gap3_mask.nc,test,0n3w,temperature,40.0,2023-06,2023-08
3,m2_continuous_gap_v1_gap3_seed20260811,m2_gap3_mask.nc,test,10s10w,salinity,1.0,2021-02,2021-04
3,m2_continuous_gap_v1_gap3_seed20260811,m2_gap3_mask.nc,test,10s10w,salinity,120.0,2019-04,2019-06
3,m2_continuous_gap_v1_gap3_seed20260811,m2_gap3_mask.nc,test,10s10w,salinity,20.0,2020-12,2021-02
3,m2_continuous_gap_v1_gap3_seed20260811,m2_gap3_mask.nc,test,10s10w,salinity,40.0,2019-05,2019-07
3,m2_continuous_gap_v1_gap3_seed20260811,m2_gap3_mask.nc,test,10s10w,temperature,1.0,2020-10,2020-12
3,m2_continuous_gap_v1_gap3_seed20260811,m2_gap3_mask.nc,test,10s10w,temperature,120.0,2020-01,2020-03
3,m2_continuous_gap_v1_gap3_seed20260811,m2_gap3_mask.nc,test,10s10w,temperature,20.0,2022-12,2023-02
3,m2_continuous_gap_v1_gap3_seed20260811,m2_gap3_mask.nc,test,10s10w,temperature,40.0,2023-11,2024-01
3,m2_continuous_gap_v1_gap3_seed20260811,m2_gap3_mask.nc,test,12n23w,salinity,1.0,2022-02,2022-04
3,m2_continuous_gap_v1_gap3_seed20260811,m2_gap3_mask.nc,test,12n23w,salinity,120.0,2021-12,2022-02
3,m2_continuous_gap_v1_gap3_seed20260811,m2_gap3_mask.nc,test,12n23w,salinity,20.0,2020-08,2020-10
3,m2_continuous_gap_v1_gap3_seed20260811,m2_gap3_mask.nc,test,12n23w,salinity,40.0,2022-01,2022-03
3,m2_continuous_gap_v1_gap3_seed20260811,m2_gap3_mask.nc,test,12n23w,temperature,1.0,2024-05,2024-07
3,m2_continuous_gap_v1_gap3_seed20260811,m2_gap3_mask.nc,test,12n23w,temperature,120.0,2022-10,2022-12
3,m2_continuous_gap_v1_gap3_seed20260811,m2_gap3_mask.nc,test,12n23w,temperature,20.0,2020-03,2020-05
3,m2_continuous_gap_v1_gap3_seed20260811,m2_gap3_mask.nc,test,12n23w,temperature,40.0,2021-10,2021-12
3,m2_continuous_gap_v1_gap3_seed20260811,m2_gap3_mask.nc,test,12n38w,salinity,1.0,2022-07,2022-09
3,m2_continuous_gap_v1_gap3_seed20260811,m2_gap3_mask.nc,test,12n38w,salinity,120.0,2019-02,2019-04
3,m2_continuous_gap_v1_gap3_seed20260811,m2_gap3_mask.nc,test,12n38w,salinity,20.0,2019-04,2019-06
3,m2_continuous_gap_v1_gap3_seed20260811,m2_gap3_mask.nc,test,12n38w,salinity,40.0,2019-07,2019-09
3,m2_continuous_gap_v1_gap3_seed20260811,m2_gap3_mask.nc,test,12n38w,temperature,1.0,2019-03,2019-05
3,m2_continuous_gap_v1_gap3_seed20260811,m2_gap3_mask.nc,test,12n38w,temperature,120.0,2019-03,2019-05
3,m2_continuous_gap_v1_gap3_seed20260811,m2_gap3_mask.nc,test,12n38w,temperature,20.0,2019-03,2019-05
3,m2_continuous_gap_v1_gap3_seed20260811,m2_gap3_mask.nc,test,12n38w,temperature,40.0,2019-03,2019-05
3,m2_continuous_gap_v1_gap3_seed20260811,m2_gap3_mask.nc,test,14s32w,salinity,1.0,2023-03,2023-05
3,m2_continuous_gap_v1_gap3_seed20260811,m2_gap3_mask.nc,test,14s32w,salinity,120.0,2021-09,2021-11
3,m2_continuous_gap_v1_gap3_seed20260811,m2_gap3_mask.nc,test,14s32w,salinity,20.0,2020-01,2020-03
3,m2_continuous_gap_v1_gap3_seed20260811,m2_gap3_mask.nc,test,14s32w,salinity,40.0,2019-10,2019-12
3,m2_continuous_gap_v1_gap3_seed20260811,m2_gap3_mask.nc,test,14s32w,temperature,1.0,2019-06,2019-08
3,m2_continuous_gap_v1_gap3_seed20260811,m2_gap3_mask.nc,test,14s32w,temperature,120.0,2022-06,2022-08
3,m2_continuous_gap_v1_gap3_seed20260811,m2_gap3_mask.nc,test,14s32w,temperature,20.0,2023-06,2023-08
3,m2_continuous_gap_v1_gap3_seed20260811,m2_gap3_mask.nc,test,14s32w,temperature,40.0,2021-02,2021-04
3,m2_continuous_gap_v1_gap3_seed20260811,m2_gap3_mask.nc,test,15n38w,salinity,1.0,2023-02,2023-04
3,m2_continuous_gap_v1_gap3_seed20260811,m2_gap3_mask.nc,test,15n38w,salinity,120.0,2019-04,2019-06
3,m2_continuous_gap_v1_gap3_seed20260811,m2_gap3_mask.nc,test,15n38w,salinity,20.0,2020-05,2020-07
3,m2_continuous_gap_v1_gap3_seed20260811,m2_gap3_mask.nc,test,15n38w,salinity,40.0,2019-01,2019-03
3,m2_continuous_gap_v1_gap3_seed20260811,m2_gap3_mask.nc,test,15n38w,temperature,1.0,2022-11,2023-01
3,m2_continuous_gap_v1_gap3_seed20260811,m2_gap3_mask.nc,test,15n38w,temperature,120.0,2020-05,2020-07
3,m2_continuous_gap_v1_gap3_seed20260811,m2_gap3_mask.nc,test,15n38w,temperature,20.0,2022-07,2022-09
3,m2_continuous_gap_v1_gap3_seed20260811,m2_gap3_mask.nc,test,15n38w,temperature,40.0,2020-03,2020-05
3,m2_continuous_gap_v1_gap3_seed20260811,m2_gap3_mask.nc,test,19s34w,temperature,1.0,2023-05,2023-07
3,m2_continuous_gap_v1_gap3_seed20260811,m2_gap3_mask.nc,test,19s34w,temperature,120.0,2020-06,2020-08
3,m2_continuous_gap_v1_gap3_seed20260811,m2_gap3_mask.nc,test,19s34w,temperature,20.0,2023-09,2023-11
3,m2_continuous_gap_v1_gap3_seed20260811,m2_gap3_mask.nc,test,19s34w,temperature,40.0,2023-10,2023-12
3,m2_continuous_gap_v1_gap3_seed20260811,m2_gap3_mask.nc,test,20n38w,salinity,1.0,2024-05,2024-07
3,m2_continuous_gap_v1_gap3_seed20260811,m2_gap3_mask.nc,test,20n38w,salinity,120.0,2023-11,2024-01
3,m2_continuous_gap_v1_gap3_seed20260811,m2_gap3_mask.nc,test,20n38w,salinity,20.0,2021-05,2021-07
3,m2_continuous_gap_v1_gap3_seed20260811,m2_gap3_mask.nc,test,20n38w,salinity,40.0,2021-03,2021-05
3,m2_continuous_gap_v1_gap3_seed20260811,m2_gap3_mask.nc,test,20n38w,temperature,1.0,2022-03,2022-05
3,m2_continuous_gap_v1_gap3_seed20260811,m2_gap3_mask.nc,test,20n38w,temperature,120.0,2021-12,2022-02
3,m2_continuous_gap_v1_gap3_seed20260811,m2_gap3_mask.nc,test,20n38w,temperature,20.0,2024-03,2024-05
3,m2_continuous_gap_v1_gap3_seed20260811,m2_gap3_mask.nc,test,20n38w,temperature,40.0,2020-03,2020-05
3,m2_continuous_gap_v1_gap3_seed20260811,m2_gap3_mask.nc,test,20s10w,salinity,1.0,2021-06,2021-08
3,m2_continuous_gap_v1_gap3_seed20260811,m2_gap3_mask.nc,test,20s10w,salinity,120.0,2024-04,2024-06
3,m2_continuous_gap_v1_gap3_seed20260811,m2_gap3_mask.nc,test,20s10w,salinity,20.0,2022-07,2022-09
3,m2_continuous_gap_v1_gap3_seed20260811,m2_gap3_mask.nc,test,20s10w,salinity,40.0,2022-11,2023-01
3,m2_continuous_gap_v1_gap3_seed20260811,m2_gap3_mask.nc,test,20s10w,temperature,1.0,2022-12,2023-02
3,m2_continuous_gap_v1_gap3_seed20260811,m2_gap3_mask.nc,test,20s10w,temperature,120.0,2020-08,2020-10
3,m2_continuous_gap_v1_gap3_seed20260811,m2_gap3_mask.nc,test,20s10w,temperature,20.0,2020-03,2020-05
3,m2_continuous_gap_v1_gap3_seed20260811,m2_gap3_mask.nc,test,20s10w,temperature,40.0,2021-05,2021-07
3,m2_continuous_gap_v1_gap3_seed20260811,m2_gap3_mask.nc,test,21n23w,temperature,1.0,2021-07,2021-09
3,m2_continuous_gap_v1_gap3_seed20260811,m2_gap3_mask.nc,test,21n23w,temperature,120.0,2022-11,2023-01
3,m2_continuous_gap_v1_gap3_seed20260811,m2_gap3_mask.nc,test,21n23w,temperature,20.0,2022-04,2022-06
3,m2_continuous_gap_v1_gap3_seed20260811,m2_gap3_mask.nc,test,21n23w,temperature,40.0,2024-04,2024-06
3,m2_continuous_gap_v1_gap3_seed20260811,m2_gap3_mask.nc,test,4n23w,salinity,1.0,2019-07,2019-09
3,m2_continuous_gap_v1_gap3_seed20260811,m2_gap3_mask.nc,test,4n23w,salinity,120.0,2019-06,2019-08
3,m2_continuous_gap_v1_gap3_seed20260811,m2_gap3_mask.nc,test,4n23w,salinity,20.0,2020-06,2020-08
3,m2_continuous_gap_v1_gap3_seed20260811,m2_gap3_mask.nc,test,4n23w,salinity,40.0,2020-06,2020-08
3,m2_continuous_gap_v1_gap3_seed20260811,m2_gap3_mask.nc,test,4n23w,temperature,1.0,2022-01,2022-03
3,m2_continuous_gap_v1_gap3_seed20260811,m2_gap3_mask.nc,test,4n23w,temperature,120.0,2021-01,2021-03
3,m2_continuous_gap_v1_gap3_seed20260811,m2_gap3_mask.nc,test,4n23w,temperature,20.0,2019-11,2020-01
3,m2_continuous_gap_v1_gap3_seed20260811,m2_gap3_mask.nc,test,4n23w,temperature,40.0,2022-05,2022-07
3,m2_continuous_gap_v1_gap3_seed20260811,m2_gap3_mask.nc,test,4n38w,salinity,1.0,2023-02,2023-04
3,m2_continuous_gap_v1_gap3_seed20260811,m2_gap3_mask.nc,test,4n38w,salinity,120.0,2019-03,2019-05
3,m2_continuous_gap_v1_gap3_seed20260811,m2_gap3_mask.nc,test,4n38w,salinity,20.0,2022-11,2023-01
3,m2_continuous_gap_v1_gap3_seed20260811,m2_gap3_mask.nc,test,4n38w,salinity,40.0,2022-11,2023-01
3,m2_continuous_gap_v1_gap3_seed20260811,m2_gap3_mask.nc,test,4n38w,temperature,1.0,2022-11,2023-01
3,m2_continuous_gap_v1_gap3_seed20260811,m2_gap3_mask.nc,test,4n38w,temperature,120.0,2019-04,2019-06
3,m2_continuous_gap_v1_gap3_seed20260811,m2_gap3_mask.nc,test,4n38w,temperature,20.0,2019-02,2019-04
3,m2_continuous_gap_v1_gap3_seed20260811,m2_gap3_mask.nc,test,4n38w,temperature,40.0,2022-12,2023-02
3,m2_continuous_gap_v1_gap3_seed20260811,m2_gap3_mask.nc,test,6s10w,salinity,1.0,2019-06,2019-08
3,m2_continuous_gap_v1_gap3_seed20260811,m2_gap3_mask.nc,test,6s10w,salinity,120.0,2020-07,2020-09
3,m2_continuous_gap_v1_gap3_seed20260811,m2_gap3_mask.nc,test,6s10w,salinity,20.0,2024-03,2024-05
3,m2_continuous_gap_v1_gap3_seed20260811,m2_gap3_mask.nc,test,6s10w,salinity,40.0,2023-07,2023-09
3,m2_continuous_gap_v1_gap3_seed20260811,m2_gap3_mask.nc,test,6s10w,temperature,1.0,2019-03,2019-05
3,m2_continuous_gap_v1_gap3_seed20260811,m2_gap3_mask.nc,test,6s10w,temperature,120.0,2020-06,2020-08
3,m2_continuous_gap_v1_gap3_seed20260811,m2_gap3_mask.nc,test,6s10w,temperature,20.0,2022-12,2023-02
3,m2_continuous_gap_v1_gap3_seed20260811,m2_gap3_mask.nc,test,6s10w,temperature,40.0,2022-06,2022-08
3,m2_continuous_gap_v1_gap3_seed20260811,m2_gap3_mask.nc,test,8n38w,salinity,1.0,2023-03,2023-05
3,m2_continuous_gap_v1_gap3_seed20260811,m2_gap3_mask.nc,test,8n38w,salinity,120.0,2022-07,2022-09
3,m2_continuous_gap_v1_gap3_seed20260811,m2_gap3_mask.nc,test,8n38w,salinity,20.0,2023-02,2023-04
3,m2_continuous_gap_v1_gap3_seed20260811,m2_gap3_mask.nc,test,8n38w,salinity,40.0,2022-07,2022-09
3,m2_continuous_gap_v1_gap3_seed20260811,m2_gap3_mask.nc,test,8n38w,temperature,1.0,2024-05,2024-07
3,m2_continuous_gap_v1_gap3_seed20260811,m2_gap3_mask.nc,test,8n38w,temperature,120.0,2023-02,2023-04
3,m2_continuous_gap_v1_gap3_seed20260811,m2_gap3_mask.nc,test,8n38w,temperature,20.0,2023-02,2023-04
3,m2_continuous_gap_v1_gap3_seed20260811,m2_gap3_mask.nc,test,8n38w,temperature,40.0,2023-02,2023-04
3,m2_continuous_gap_v1_gap3_seed20260811,m2_gap3_mask.nc,test,8s30w,salinity,1.0,2022-06,2022-08
3,m2_continuous_gap_v1_gap3_seed20260811,m2_gap3_mask.nc,test,8s30w,salinity,120.0,2019-06,2019-08
3,m2_continuous_gap_v1_gap3_seed20260811,m2_gap3_mask.nc,test,8s30w,salinity,20.0,2024-04,2024-06
3,m2_continuous_gap_v1_gap3_seed20260811,m2_gap3_mask.nc,test,8s30w,salinity,40.0,2022-07,2022-09
3,m2_continuous_gap_v1_gap3_seed20260811,m2_gap3_mask.nc,test,8s30w,temperature,1.0,2019-12,2020-02
3,m2_continuous_gap_v1_gap3_seed20260811,m2_gap3_mask.nc,test,8s30w,temperature,120.0,2019-02,2019-04
3,m2_continuous_gap_v1_gap3_seed20260811,m2_gap3_mask.nc,test,8s30w,temperature,20.0,2022-11,2023-01
3,m2_continuous_gap_v1_gap3_seed20260811,m2_gap3_mask.nc,test,8s30w,temperature,40.0,2020-02,2020-04
3,m2_continuous_gap_v1_gap3_seed20260811,m2_gap3_mask.nc,train,0n0e,salinity,1.0,2001-05,2001-07
3,m2_continuous_gap_v1_gap3_seed20260811,m2_gap3_mask.nc,train,0n0e,salinity,120.0,2005-06,2005-08
3,m2_continuous_gap_v1_gap3_seed20260811,m2_gap3_mask.nc,train,0n0e,salinity,20.0,2010-02,2010-04
3,m2_continuous_gap_v1_gap3_seed20260811,m2_gap3_mask.nc,train,0n0e,salinity,40.0,2012-05,2012-07
3,m2_continuous_gap_v1_gap3_seed20260811,m2_gap3_mask.nc,train,0n0e,temperature,1.0,2011-10,2011-12
3,m2_continuous_gap_v1_gap3_seed20260811,m2_gap3_mask.nc,train,0n0e,temperature,120.0,2013-01,2013-03
3,m2_continuous_gap_v1_gap3_seed20260811,m2_gap3_mask.nc,train,0n0e,temperature,20.0,2000-08,2000-10
3,m2_continuous_gap_v1_gap3_seed20260811,m2_gap3_mask.nc,train,0n0e,temperature,40.0,2003-12,2004-02
3,m2_continuous_gap_v1_gap3_seed20260811,m2_gap3_mask.nc,train,0n10w,salinity,1.0,2008-04,2008-06
3,m2_continuous_gap_v1_gap3_seed20260811,m2_gap3_mask.nc,train,0n10w,salinity,120.0,2006-11,2007-01
3,m2_continuous_gap_v1_gap3_seed20260811,m2_gap3_mask.nc,train,0n10w,salinity,20.0,2013-06,2013-08
3,m2_continuous_gap_v1_gap3_seed20260811,m2_gap3_mask.nc,train,0n10w,salinity,40.0,2003-05,2003-07
3,m2_continuous_gap_v1_gap3_seed20260811,m2_gap3_mask.nc,train,0n10w,temperature,1.0,2010-07,2010-09
3,m2_continuous_gap_v1_gap3_seed20260811,m2_gap3_mask.nc,train,0n10w,temperature,120.0,2000-10,2000-12
3,m2_continuous_gap_v1_gap3_seed20260811,m2_gap3_mask.nc,train,0n10w,temperature,20.0,2009-07,2009-09
3,m2_continuous_gap_v1_gap3_seed20260811,m2_gap3_mask.nc,train,0n10w,temperature,40.0,2005-11,2006-01
3,m2_continuous_gap_v1_gap3_seed20260811,m2_gap3_mask.nc,train,0n23w,salinity,1.0,2008-01,2008-03
3,m2_continuous_gap_v1_gap3_seed20260811,m2_gap3_mask.nc,train,0n23w,salinity,120.0,2014-09,2014-11
3,m2_continuous_gap_v1_gap3_seed20260811,m2_gap3_mask.nc,train,0n23w,salinity,20.0,2012-02,2012-04
3,m2_continuous_gap_v1_gap3_seed20260811,m2_gap3_mask.nc,train,0n23w,salinity,40.0,2009-12,2010-02
3,m2_continuous_gap_v1_gap3_seed20260811,m2_gap3_mask.nc,train,0n23w,temperature,1.0,2007-03,2007-05
3,m2_continuous_gap_v1_gap3_seed20260811,m2_gap3_mask.nc,train,0n23w,temperature,120.0,2007-08,2007-10
3,m2_continuous_gap_v1_gap3_seed20260811,m2_gap3_mask.nc,train,0n23w,temperature,20.0,2005-01,2005-03
3,m2_continuous_gap_v1_gap3_seed20260811,m2_gap3_mask.nc,train,0n23w,temperature,40.0,2012-09,2012-11
3,m2_continuous_gap_v1_gap3_seed20260811,m2_gap3_mask.nc,train,0n35w,salinity,1.0,2001-04,2001-06
3,m2_continuous_gap_v1_gap3_seed20260811,m2_gap3_mask.nc,train,0n35w,salinity,120.0,2012-05,2012-07
3,m2_continuous_gap_v1_gap3_seed20260811,m2_gap3_mask.nc,train,0n35w,salinity,20.0,2001-11,2002-01
3,m2_continuous_gap_v1_gap3_seed20260811,m2_gap3_mask.nc,train,0n35w,salinity,40.0,2001-02,2001-04
3,m2_continuous_gap_v1_gap3_seed20260811,m2_gap3_mask.nc,train,0n35w,temperature,1.0,2007-01,2007-03
3,m2_continuous_gap_v1_gap3_seed20260811,m2_gap3_mask.nc,train,0n35w,temperature,120.0,2008-06,2008-08
3,m2_continuous_gap_v1_gap3_seed20260811,m2_gap3_mask.nc,train,0n35w,temperature,20.0,2010-08,2010-10
3,m2_continuous_gap_v1_gap3_seed20260811,m2_gap3_mask.nc,train,0n35w,temperature,40.0,2013-08,2013-10
3,m2_continuous_gap_v1_gap3_seed20260811,m2_gap3_mask.nc,train,10s10w,salinity,1.0,2006-07,2006-09
3,m2_continuous_gap_v1_gap3_seed20260811,m2_gap3_mask.nc,train,10s10w,salinity,120.0,2007-10,2007-12
3,m2_continuous_gap_v1_gap3_seed20260811,m2_gap3_mask.nc,train,10s10w,salinity,20.0,2008-11,2009-01
3,m2_continuous_gap_v1_gap3_seed20260811,m2_gap3_mask.nc,train,10s10w,salinity,40.0,2011-06,2011-08
3,m2_continuous_gap_v1_gap3_seed20260811,m2_gap3_mask.nc,train,10s10w,temperature,1.0,2004-02,2004-04
3,m2_continuous_gap_v1_gap3_seed20260811,m2_gap3_mask.nc,train,10s10w,temperature,120.0,2004-04,2004-06
3,m2_continuous_gap_v1_gap3_seed20260811,m2_gap3_mask.nc,train,10s10w,temperature,20.0,2014-10,2014-12
3,m2_continuous_gap_v1_gap3_seed20260811,m2_gap3_mask.nc,train,10s10w,temperature,40.0,2012-12,2013-02
3,m2_continuous_gap_v1_gap3_seed20260811,m2_gap3_mask.nc,train,12n23w,salinity,1.0,2011-01,2011-03
3,m2_continuous_gap_v1_gap3_seed20260811,m2_gap3_mask.nc,train,12n23w,salinity,120.0,2012-03,2012-05
3,m2_continuous_gap_v1_gap3_seed20260811,m2_gap3_mask.nc,train,12n23w,salinity,20.0,2012-05,2012-07
3,m2_continuous_gap_v1_gap3_seed20260811,m2_gap3_mask.nc,train,12n23w,salinity,40.0,2007-12,2008-02
3,m2_continuous_gap_v1_gap3_seed20260811,m2_gap3_mask.nc,train,12n23w,temperature,1.0,2006-11,2007-01
3,m2_continuous_gap_v1_gap3_seed20260811,m2_gap3_mask.nc,train,12n23w,temperature,120.0,2009-03,2009-05
3,m2_continuous_gap_v1_gap3_seed20260811,m2_gap3_mask.nc,train,12n23w,temperature,20.0,2014-01,2014-03
3,m2_continuous_gap_v1_gap3_seed20260811,m2_gap3_mask.nc,train,12n23w,temperature,40.0,2012-05,2012-07
3,m2_continuous_gap_v1_gap3_seed20260811,m2_gap3_mask.nc,train,12n38w,salinity,1.0,2010-10,2010-12
3,m2_continuous_gap_v1_gap3_seed20260811,m2_gap3_mask.nc,train,12n38w,salinity,120.0,2012-09,2012-11
3,m2_continuous_gap_v1_gap3_seed20260811,m2_gap3_mask.nc,train,12n38w,salinity,20.0,2010-11,2011-01
3,m2_continuous_gap_v1_gap3_seed20260811,m2_gap3_mask.nc,train,12n38w,salinity,40.0,2001-09,2001-11
3,m2_continuous_gap_v1_gap3_seed20260811,m2_gap3_mask.nc,train,12n38w,temperature,1.0,2008-04,2008-06
3,m2_continuous_gap_v1_gap3_seed20260811,m2_gap3_mask.nc,train,12n38w,temperature,120.0,2003-12,2004-02
3,m2_continuous_gap_v1_gap3_seed20260811,m2_gap3_mask.nc,train,12n38w,temperature,20.0,2005-02,2005-04
3,m2_continuous_gap_v1_gap3_seed20260811,m2_gap3_mask.nc,train,12n38w,temperature,40.0,2006-01,2006-03
3,m2_continuous_gap_v1_gap3_seed20260811,m2_gap3_mask.nc,train,14s32w,salinity,1.0,2007-07,2007-09
3,m2_continuous_gap_v1_gap3_seed20260811,m2_gap3_mask.nc,train,14s32w,salinity,120.0,2011-01,2011-03
3,m2_continuous_gap_v1_gap3_seed20260811,m2_gap3_mask.nc,train,14s32w,salinity,20.0,2013-04,2013-06
3,m2_continuous_gap_v1_gap3_seed20260811,m2_gap3_mask.nc,train,14s32w,salinity,40.0,2008-05,2008-07
3,m2_continuous_gap_v1_gap3_seed20260811,m2_gap3_mask.nc,train,14s32w,temperature,1.0,2007-02,2007-04
3,m2_continuous_gap_v1_gap3_seed20260811,m2_gap3_mask.nc,train,14s32w,temperature,120.0,2008-05,2008-07
3,m2_continuous_gap_v1_gap3_seed20260811,m2_gap3_mask.nc,train,14s32w,temperature,20.0,2011-04,2011-06
3,m2_continuous_gap_v1_gap3_seed20260811,m2_gap3_mask.nc,train,14s32w,temperature,40.0,2010-02,2010-04
3,m2_continuous_gap_v1_gap3_seed20260811,m2_gap3_mask.nc,train,15n38w,salinity,1.0,2001-02,2001-04
3,m2_continuous_gap_v1_gap3_seed20260811,m2_gap3_mask.nc,train,15n38w,salinity,120.0,2000-06,2000-08
3,m2_continuous_gap_v1_gap3_seed20260811,m2_gap3_mask.nc,train,15n38w,salinity,20.0,2011-04,2011-06
3,m2_continuous_gap_v1_gap3_seed20260811,m2_gap3_mask.nc,train,15n38w,salinity,40.0,1999-06,1999-08
3,m2_continuous_gap_v1_gap3_seed20260811,m2_gap3_mask.nc,train,15n38w,temperature,1.0,2011-05,2011-07
3,m2_continuous_gap_v1_gap3_seed20260811,m2_gap3_mask.nc,train,15n38w,temperature,120.0,2001-05,2001-07
3,m2_continuous_gap_v1_gap3_seed20260811,m2_gap3_mask.nc,train,15n38w,temperature,20.0,2002-07,2002-09
3,m2_continuous_gap_v1_gap3_seed20260811,m2_gap3_mask.nc,train,15n38w,temperature,40.0,2000-08,2000-10
3,m2_continuous_gap_v1_gap3_seed20260811,m2_gap3_mask.nc,train,19s34w,temperature,1.0,2005-09,2005-11
3,m2_continuous_gap_v1_gap3_seed20260811,m2_gap3_mask.nc,train,19s34w,temperature,120.0,2014-10,2014-12
3,m2_continuous_gap_v1_gap3_seed20260811,m2_gap3_mask.nc,train,19s34w,temperature,20.0,2009-10,2009-12
3,m2_continuous_gap_v1_gap3_seed20260811,m2_gap3_mask.nc,train,19s34w,temperature,40.0,2006-05,2006-07
3,m2_continuous_gap_v1_gap3_seed20260811,m2_gap3_mask.nc,train,20n38w,salinity,1.0,2009-09,2009-11
3,m2_continuous_gap_v1_gap3_seed20260811,m2_gap3_mask.nc,train,20n38w,salinity,120.0,2009-06,2009-08
3,m2_continuous_gap_v1_gap3_seed20260811,m2_gap3_mask.nc,train,20n38w,salinity,20.0,2009-05,2009-07
3,m2_continuous_gap_v1_gap3_seed20260811,m2_gap3_mask.nc,train,20n38w,salinity,40.0,2010-06,2010-08
3,m2_continuous_gap_v1_gap3_seed20260811,m2_gap3_mask.nc,train,20n38w,temperature,1.0,2007-11,2008-01
3,m2_continuous_gap_v1_gap3_seed20260811,m2_gap3_mask.nc,train,20n38w,temperature,120.0,2009-12,2010-02
3,m2_continuous_gap_v1_gap3_seed20260811,m2_gap3_mask.nc,train,20n38w,temperature,20.0,2010-02,2010-04
3,m2_continuous_gap_v1_gap3_seed20260811,m2_gap3_mask.nc,train,20n38w,temperature,40.0,2013-10,2013-12
3,m2_continuous_gap_v1_gap3_seed20260811,m2_gap3_mask.nc,train,21n23w,temperature,1.0,2010-06,2010-08
3,m2_continuous_gap_v1_gap3_seed20260811,m2_gap3_mask.nc,train,21n23w,temperature,120.0,2009-04,2009-06
3,m2_continuous_gap_v1_gap3_seed20260811,m2_gap3_mask.nc,train,21n23w,temperature,20.0,2011-02,2011-04
3,m2_continuous_gap_v1_gap3_seed20260811,m2_gap3_mask.nc,train,21n23w,temperature,40.0,2008-06,2008-08
3,m2_continuous_gap_v1_gap3_seed20260811,m2_gap3_mask.nc,train,4n23w,salinity,1.0,2011-03,2011-05
3,m2_continuous_gap_v1_gap3_seed20260811,m2_gap3_mask.nc,train,4n23w,salinity,120.0,2009-03,2009-05
3,m2_continuous_gap_v1_gap3_seed20260811,m2_gap3_mask.nc,train,4n23w,salinity,20.0,2008-03,2008-05
3,m2_continuous_gap_v1_gap3_seed20260811,m2_gap3_mask.nc,train,4n23w,salinity,40.0,2011-09,2011-11
3,m2_continuous_gap_v1_gap3_seed20260811,m2_gap3_mask.nc,train,4n23w,temperature,1.0,2013-01,2013-03
3,m2_continuous_gap_v1_gap3_seed20260811,m2_gap3_mask.nc,train,4n23w,temperature,120.0,2010-06,2010-08
3,m2_continuous_gap_v1_gap3_seed20260811,m2_gap3_mask.nc,train,4n23w,temperature,20.0,2008-01,2008-03
3,m2_continuous_gap_v1_gap3_seed20260811,m2_gap3_mask.nc,train,4n23w,temperature,40.0,2010-12,2011-02
3,m2_continuous_gap_v1_gap3_seed20260811,m2_gap3_mask.nc,train,4n38w,salinity,1.0,2008-06,2008-08
3,m2_continuous_gap_v1_gap3_seed20260811,m2_gap3_mask.nc,train,4n38w,salinity,120.0,2006-08,2006-10
3,m2_continuous_gap_v1_gap3_seed20260811,m2_gap3_mask.nc,train,4n38w,salinity,20.0,2001-11,2002-01
3,m2_continuous_gap_v1_gap3_seed20260811,m2_gap3_mask.nc,train,4n38w,salinity,40.0,2009-05,2009-07
3,m2_continuous_gap_v1_gap3_seed20260811,m2_gap3_mask.nc,train,4n38w,temperature,1.0,2005-02,2005-04
3,m2_continuous_gap_v1_gap3_seed20260811,m2_gap3_mask.nc,train,4n38w,temperature,120.0,2003-09,2003-11
3,m2_continuous_gap_v1_gap3_seed20260811,m2_gap3_mask.nc,train,4n38w,temperature,20.0,2009-10,2009-12
3,m2_continuous_gap_v1_gap3_seed20260811,m2_gap3_mask.nc,train,4n38w,temperature,40.0,2006-08,2006-10
3,m2_continuous_gap_v1_gap3_seed20260811,m2_gap3_mask.nc,train,5s10w,salinity,1.0,1999-07,1999-09
3,m2_continuous_gap_v1_gap3_seed20260811,m2_gap3_mask.nc,train,5s10w,salinity,120.0,1999-04,1999-06
3,m2_continuous_gap_v1_gap3_seed20260811,m2_gap3_mask.nc,train,5s10w,temperature,1.0,1999-06,1999-08
3,m2_continuous_gap_v1_gap3_seed20260811,m2_gap3_mask.nc,train,5s10w,temperature,120.0,1999-10,1999-12
3,m2_continuous_gap_v1_gap3_seed20260811,m2_gap3_mask.nc,train,5s10w,temperature,40.0,1999-09,1999-11
3,m2_continuous_gap_v1_gap3_seed20260811,m2_gap3_mask.nc,train,6s10w,salinity,1.0,2010-01,2010-03
3,m2_continuous_gap_v1_gap3_seed20260811,m2_gap3_mask.nc,train,6s10w,salinity,120.0,2014-04,2014-06
3,m2_continuous_gap_v1_gap3_seed20260811,m2_gap3_mask.nc,train,6s10w,salinity,20.0,2008-01,2008-03
3,m2_continuous_gap_v1_gap3_seed20260811,m2_gap3_mask.nc,train,6s10w,salinity,40.0,2000-06,2000-08
3,m2_continuous_gap_v1_gap3_seed20260811,m2_gap3_mask.nc,train,6s10w,temperature,1.0,2004-02,2004-04
3,m2_continuous_gap_v1_gap3_seed20260811,m2_gap3_mask.nc,train,6s10w,temperature,120.0,2008-01,2008-03
3,m2_continuous_gap_v1_gap3_seed20260811,m2_gap3_mask.nc,train,6s10w,temperature,20.0,2011-02,2011-04
3,m2_continuous_gap_v1_gap3_seed20260811,m2_gap3_mask.nc,train,6s10w,temperature,40.0,2009-11,2010-01
3,m2_continuous_gap_v1_gap3_seed20260811,m2_gap3_mask.nc,train,8n38w,salinity,1.0,2011-09,2011-11
3,m2_continuous_gap_v1_gap3_seed20260811,m2_gap3_mask.nc,train,8n38w,salinity,120.0,2002-06,2002-08
3,m2_continuous_gap_v1_gap3_seed20260811,m2_gap3_mask.nc,train,8n38w,salinity,20.0,2006-06,2006-08
3,m2_continuous_gap_v1_gap3_seed20260811,m2_gap3_mask.nc,train,8n38w,salinity,40.0,2004-08,2004-10
3,m2_continuous_gap_v1_gap3_seed20260811,m2_gap3_mask.nc,train,8n38w,temperature,1.0,2000-11,2001-01
3,m2_continuous_gap_v1_gap3_seed20260811,m2_gap3_mask.nc,train,8n38w,temperature,120.0,2000-06,2000-08
3,m2_continuous_gap_v1_gap3_seed20260811,m2_gap3_mask.nc,train,8n38w,temperature,20.0,2004-04,2004-06
3,m2_continuous_gap_v1_gap3_seed20260811,m2_gap3_mask.nc,train,8n38w,temperature,40.0,2007-09,2007-11
3,m2_continuous_gap_v1_gap3_seed20260811,m2_gap3_mask.nc,train,8s30w,salinity,1.0,2010-10,2010-12
3,m2_continuous_gap_v1_gap3_seed20260811,m2_gap3_mask.nc,train,8s30w,salinity,120.0,2008-06,2008-08
3,m2_continuous_gap_v1_gap3_seed20260811,m2_gap3_mask.nc,train,8s30w,salinity,20.0,2011-01,2011-03
3,m2_continuous_gap_v1_gap3_seed20260811,m2_gap3_mask.nc,train,8s30w,salinity,40.0,2008-11,2009-01
3,m2_continuous_gap_v1_gap3_seed20260811,m2_gap3_mask.nc,train,8s30w,temperature,1.0,2010-09,2010-11
3,m2_continuous_gap_v1_gap3_seed20260811,m2_gap3_mask.nc,train,8s30w,temperature,120.0,2006-12,2007-02
3,m2_continuous_gap_v1_gap3_seed20260811,m2_gap3_mask.nc,train,8s30w,temperature,20.0,2010-04,2010-06
3,m2_continuous_gap_v1_gap3_seed20260811,m2_gap3_mask.nc,train,8s30w,temperature,40.0,2014-05,2014-07
3,m2_continuous_gap_v1_gap3_seed20260811,m2_gap3_mask.nc,validation,0n0e,salinity,1.0,2015-04,2015-06
3,m2_continuous_gap_v1_gap3_seed20260811,m2_gap3_mask.nc,validation,0n0e,salinity,120.0,2015-06,2015-08
3,m2_continuous_gap_v1_gap3_seed20260811,m2_gap3_mask.nc,validation,0n0e,salinity,20.0,2015-12,2016-02
3,m2_continuous_gap_v1_gap3_seed20260811,m2_gap3_mask.nc,validation,0n0e,salinity,40.0,2017-05,2017-07
3,m2_continuous_gap_v1_gap3_seed20260811,m2_gap3_mask.nc,validation,0n0e,temperature,1.0,2015-06,2015-08
3,m2_continuous_gap_v1_gap3_seed20260811,m2_gap3_mask.nc,validation,0n0e,temperature,120.0,2016-03,2016-05
3,m2_continuous_gap_v1_gap3_seed20260811,m2_gap3_mask.nc,validation,0n0e,temperature,20.0,2018-10,2018-12
3,m2_continuous_gap_v1_gap3_seed20260811,m2_gap3_mask.nc,validation,0n0e,temperature,40.0,2016-08,2016-10
3,m2_continuous_gap_v1_gap3_seed20260811,m2_gap3_mask.nc,validation,0n10w,salinity,1.0,2016-06,2016-08
3,m2_continuous_gap_v1_gap3_seed20260811,m2_gap3_mask.nc,validation,0n10w,salinity,120.0,2016-10,2016-12
3,m2_continuous_gap_v1_gap3_seed20260811,m2_gap3_mask.nc,validation,0n10w,salinity,20.0,2018-07,2018-09
3,m2_continuous_gap_v1_gap3_seed20260811,m2_gap3_mask.nc,validation,0n10w,salinity,40.0,2018-09,2018-11
3,m2_continuous_gap_v1_gap3_seed20260811,m2_gap3_mask.nc,validation,0n10w,temperature,1.0,2015-03,2015-05
3,m2_continuous_gap_v1_gap3_seed20260811,m2_gap3_mask.nc,validation,0n10w,temperature,120.0,2018-06,2018-08
3,m2_continuous_gap_v1_gap3_seed20260811,m2_gap3_mask.nc,validation,0n10w,temperature,20.0,2017-06,2017-08
3,m2_continuous_gap_v1_gap3_seed20260811,m2_gap3_mask.nc,validation,0n10w,temperature,40.0,2018-04,2018-06
3,m2_continuous_gap_v1_gap3_seed20260811,m2_gap3_mask.nc,validation,0n23w,salinity,1.0,2018-04,2018-06
3,m2_continuous_gap_v1_gap3_seed20260811,m2_gap3_mask.nc,validation,0n23w,salinity,120.0,2017-07,2017-09
3,m2_continuous_gap_v1_gap3_seed20260811,m2_gap3_mask.nc,validation,0n23w,salinity,20.0,2016-02,2016-04
3,m2_continuous_gap_v1_gap3_seed20260811,m2_gap3_mask.nc,validation,0n23w,salinity,40.0,2015-01,2015-03
3,m2_continuous_gap_v1_gap3_seed20260811,m2_gap3_mask.nc,validation,0n23w,temperature,1.0,2016-05,2016-07
3,m2_continuous_gap_v1_gap3_seed20260811,m2_gap3_mask.nc,validation,0n23w,temperature,120.0,2015-08,2015-10
3,m2_continuous_gap_v1_gap3_seed20260811,m2_gap3_mask.nc,validation,0n23w,temperature,20.0,2017-03,2017-05
3,m2_continuous_gap_v1_gap3_seed20260811,m2_gap3_mask.nc,validation,0n23w,temperature,40.0,2017-11,2018-01
3,m2_continuous_gap_v1_gap3_seed20260811,m2_gap3_mask.nc,validation,0n35w,salinity,1.0,2016-07,2016-09
3,m2_continuous_gap_v1_gap3_seed20260811,m2_gap3_mask.nc,validation,0n35w,salinity,120.0,2017-12,2018-02
3,m2_continuous_gap_v1_gap3_seed20260811,m2_gap3_mask.nc,validation,0n35w,salinity,20.0,2017-12,2018-02
3,m2_continuous_gap_v1_gap3_seed20260811,m2_gap3_mask.nc,validation,0n35w,salinity,40.0,2016-10,2016-12
3,m2_continuous_gap_v1_gap3_seed20260811,m2_gap3_mask.nc,validation,0n35w,temperature,1.0,2016-12,2017-02
3,m2_continuous_gap_v1_gap3_seed20260811,m2_gap3_mask.nc,validation,0n35w,temperature,120.0,2016-05,2016-07
3,m2_continuous_gap_v1_gap3_seed20260811,m2_gap3_mask.nc,validation,0n35w,temperature,20.0,2017-12,2018-02
3,m2_continuous_gap_v1_gap3_seed20260811,m2_gap3_mask.nc,validation,0n35w,temperature,40.0,2015-03,2015-05
3,m2_continuous_gap_v1_gap3_seed20260811,m2_gap3_mask.nc,validation,10s10w,salinity,1.0,2017-03,2017-05
3,m2_continuous_gap_v1_gap3_seed20260811,m2_gap3_mask.nc,validation,10s10w,salinity,120.0,2017-01,2017-03
3,m2_continuous_gap_v1_gap3_seed20260811,m2_gap3_mask.nc,validation,10s10w,salinity,20.0,2015-05,2015-07
3,m2_continuous_gap_v1_gap3_seed20260811,m2_gap3_mask.nc,validation,10s10w,salinity,40.0,2017-10,2017-12
3,m2_continuous_gap_v1_gap3_seed20260811,m2_gap3_mask.nc,validation,10s10w,temperature,1.0,2017-08,2017-10
3,m2_continuous_gap_v1_gap3_seed20260811,m2_gap3_mask.nc,validation,10s10w,temperature,120.0,2017-08,2017-10
3,m2_continuous_gap_v1_gap3_seed20260811,m2_gap3_mask.nc,validation,10s10w,temperature,20.0,2015-03,2015-05
3,m2_continuous_gap_v1_gap3_seed20260811,m2_gap3_mask.nc,validation,10s10w,temperature,40.0,2017-03,2017-05
3,m2_continuous_gap_v1_gap3_seed20260811,m2_gap3_mask.nc,validation,12n23w,salinity,1.0,2015-08,2015-10
3,m2_continuous_gap_v1_gap3_seed20260811,m2_gap3_mask.nc,validation,12n23w,salinity,120.0,2018-07,2018-09
3,m2_continuous_gap_v1_gap3_seed20260811,m2_gap3_mask.nc,validation,12n23w,salinity,20.0,2018-07,2018-09
3,m2_continuous_gap_v1_gap3_seed20260811,m2_gap3_mask.nc,validation,12n23w,salinity,40.0,2017-04,2017-06
3,m2_continuous_gap_v1_gap3_seed20260811,m2_gap3_mask.nc,validation,12n23w,temperature,1.0,2015-09,2015-11
3,m2_continuous_gap_v1_gap3_seed20260811,m2_gap3_mask.nc,validation,12n23w,temperature,120.0,2016-11,2017-01
3,m2_continuous_gap_v1_gap3_seed20260811,m2_gap3_mask.nc,validation,12n23w,temperature,20.0,2018-03,2018-05
3,m2_continuous_gap_v1_gap3_seed20260811,m2_gap3_mask.nc,validation,12n23w,temperature,40.0,2018-03,2018-05
3,m2_continuous_gap_v1_gap3_seed20260811,m2_gap3_mask.nc,validation,12n38w,salinity,1.0,2018-09,2018-11
3,m2_continuous_gap_v1_gap3_seed20260811,m2_gap3_mask.nc,validation,12n38w,salinity,120.0,2017-06,2017-08
3,m2_continuous_gap_v1_gap3_seed20260811,m2_gap3_mask.nc,validation,12n38w,salinity,20.0,2016-01,2016-03
3,m2_continuous_gap_v1_gap3_seed20260811,m2_gap3_mask.nc,validation,12n38w,salinity,40.0,2015-12,2016-02
3,m2_continuous_gap_v1_gap3_seed20260811,m2_gap3_mask.nc,validation,12n38w,temperature,1.0,2018-03,2018-05
3,m2_continuous_gap_v1_gap3_seed20260811,m2_gap3_mask.nc,validation,12n38w,temperature,120.0,2016-05,2016-07
3,m2_continuous_gap_v1_gap3_seed20260811,m2_gap3_mask.nc,validation,12n38w,temperature,20.0,2018-10,2018-12
3,m2_continuous_gap_v1_gap3_seed20260811,m2_gap3_mask.nc,validation,12n38w,temperature,40.0,2015-11,2016-01
3,m2_continuous_gap_v1_gap3_seed20260811,m2_gap3_mask.nc,validation,14s32w,salinity,1.0,2015-12,2016-02
3,m2_continuous_gap_v1_gap3_seed20260811,m2_gap3_mask.nc,validation,14s32w,salinity,120.0,2015-05,2015-07
3,m2_continuous_gap_v1_gap3_seed20260811,m2_gap3_mask.nc,validation,14s32w,salinity,20.0,2015-05,2015-07
3,m2_continuous_gap_v1_gap3_seed20260811,m2_gap3_mask.nc,validation,14s32w,salinity,40.0,2018-03,2018-05
3,m2_continuous_gap_v1_gap3_seed20260811,m2_gap3_mask.nc,validation,14s32w,temperature,1.0,2016-07,2016-09
3,m2_continuous_gap_v1_gap3_seed20260811,m2_gap3_mask.nc,validation,14s32w,temperature,120.0,2015-09,2015-11
3,m2_continuous_gap_v1_gap3_seed20260811,m2_gap3_mask.nc,validation,14s32w,temperature,20.0,2015-02,2015-04
3,m2_continuous_gap_v1_gap3_seed20260811,m2_gap3_mask.nc,validation,14s32w,temperature,40.0,2015-05,2015-07
3,m2_continuous_gap_v1_gap3_seed20260811,m2_gap3_mask.nc,validation,15n38w,salinity,1.0,2018-09,2018-11
3,m2_continuous_gap_v1_gap3_seed20260811,m2_gap3_mask.nc,validation,15n38w,salinity,120.0,2017-06,2017-08
3,m2_continuous_gap_v1_gap3_seed20260811,m2_gap3_mask.nc,validation,15n38w,salinity,20.0,2018-07,2018-09
3,m2_continuous_gap_v1_gap3_seed20260811,m2_gap3_mask.nc,validation,15n38w,salinity,40.0,2017-02,2017-04
3,m2_continuous_gap_v1_gap3_seed20260811,m2_gap3_mask.nc,validation,15n38w,temperature,1.0,2017-06,2017-08
3,m2_continuous_gap_v1_gap3_seed20260811,m2_gap3_mask.nc,validation,15n38w,temperature,120.0,2016-09,2016-11
3,m2_continuous_gap_v1_gap3_seed20260811,m2_gap3_mask.nc,validation,15n38w,temperature,20.0,2016-04,2016-06
3,m2_continuous_gap_v1_gap3_seed20260811,m2_gap3_mask.nc,validation,15n38w,temperature,40.0,2016-01,2016-03
3,m2_continuous_gap_v1_gap3_seed20260811,m2_gap3_mask.nc,validation,19s34w,temperature,1.0,2016-10,2016-12
3,m2_continuous_gap_v1_gap3_seed20260811,m2_gap3_mask.nc,validation,19s34w,temperature,120.0,2017-12,2018-02
3,m2_continuous_gap_v1_gap3_seed20260811,m2_gap3_mask.nc,validation,19s34w,temperature,20.0,2016-04,2016-06
3,m2_continuous_gap_v1_gap3_seed20260811,m2_gap3_mask.nc,validation,19s34w,temperature,40.0,2017-08,2017-10
3,m2_continuous_gap_v1_gap3_seed20260811,m2_gap3_mask.nc,validation,20n38w,salinity,1.0,2015-02,2015-04
3,m2_continuous_gap_v1_gap3_seed20260811,m2_gap3_mask.nc,validation,20n38w,salinity,120.0,2016-03,2016-05
3,m2_continuous_gap_v1_gap3_seed20260811,m2_gap3_mask.nc,validation,20n38w,salinity,20.0,2015-08,2015-10
3,m2_continuous_gap_v1_gap3_seed20260811,m2_gap3_mask.nc,validation,20n38w,salinity,40.0,2018-01,2018-03
3,m2_continuous_gap_v1_gap3_seed20260811,m2_gap3_mask.nc,validation,20n38w,temperature,1.0,2018-04,2018-06
3,m2_continuous_gap_v1_gap3_seed20260811,m2_gap3_mask.nc,validation,20n38w,temperature,120.0,2016-07,2016-09
3,m2_continuous_gap_v1_gap3_seed20260811,m2_gap3_mask.nc,validation,20n38w,temperature,20.0,2016-04,2016-06
3,m2_continuous_gap_v1_gap3_seed20260811,m2_gap3_mask.nc,validation,20n38w,temperature,40.0,2018-03,2018-05
3,m2_continuous_gap_v1_gap3_seed20260811,m2_gap3_mask.nc,validation,21n23w,temperature,1.0,2016-02,2016-04
3,m2_continuous_gap_v1_gap3_seed20260811,m2_gap3_mask.nc,validation,21n23w,temperature,120.0,2018-08,2018-10
3,m2_continuous_gap_v1_gap3_seed20260811,m2_gap3_mask.nc,validation,21n23w,temperature,20.0,2016-05,2016-07
3,m2_continuous_gap_v1_gap3_seed20260811,m2_gap3_mask.nc,validation,21n23w,temperature,40.0,2016-02,2016-04
3,m2_continuous_gap_v1_gap3_seed20260811,m2_gap3_mask.nc,validation,4n23w,salinity,1.0,2017-08,2017-10
3,m2_continuous_gap_v1_gap3_seed20260811,m2_gap3_mask.nc,validation,4n23w,salinity,120.0,2017-06,2017-08
3,m2_continuous_gap_v1_gap3_seed20260811,m2_gap3_mask.nc,validation,4n23w,salinity,20.0,2015-01,2015-03
3,m2_continuous_gap_v1_gap3_seed20260811,m2_gap3_mask.nc,validation,4n23w,salinity,40.0,2015-01,2015-03
3,m2_continuous_gap_v1_gap3_seed20260811,m2_gap3_mask.nc,validation,4n23w,temperature,1.0,2016-11,2017-01
3,m2_continuous_gap_v1_gap3_seed20260811,m2_gap3_mask.nc,validation,4n23w,temperature,120.0,2015-10,2015-12
3,m2_continuous_gap_v1_gap3_seed20260811,m2_gap3_mask.nc,validation,4n23w,temperature,20.0,2016-11,2017-01
3,m2_continuous_gap_v1_gap3_seed20260811,m2_gap3_mask.nc,validation,4n23w,temperature,40.0,2017-11,2018-01
3,m2_continuous_gap_v1_gap3_seed20260811,m2_gap3_mask.nc,validation,4n38w,salinity,1.0,2015-12,2016-02
3,m2_continuous_gap_v1_gap3_seed20260811,m2_gap3_mask.nc,validation,4n38w,salinity,120.0,2016-04,2016-06
3,m2_continuous_gap_v1_gap3_seed20260811,m2_gap3_mask.nc,validation,4n38w,salinity,20.0,2018-01,2018-03
3,m2_continuous_gap_v1_gap3_seed20260811,m2_gap3_mask.nc,validation,4n38w,salinity,40.0,2016-04,2016-06
3,m2_continuous_gap_v1_gap3_seed20260811,m2_gap3_mask.nc,validation,4n38w,temperature,1.0,2016-05,2016-07
3,m2_continuous_gap_v1_gap3_seed20260811,m2_gap3_mask.nc,validation,4n38w,temperature,120.0,2016-04,2016-06
3,m2_continuous_gap_v1_gap3_seed20260811,m2_gap3_mask.nc,validation,4n38w,temperature,20.0,2017-12,2018-02
3,m2_continuous_gap_v1_gap3_seed20260811,m2_gap3_mask.nc,validation,4n38w,temperature,40.0,2016-01,2016-03
3,m2_continuous_gap_v1_gap3_seed20260811,m2_gap3_mask.nc,validation,6s10w,salinity,1.0,2018-09,2018-11
3,m2_continuous_gap_v1_gap3_seed20260811,m2_gap3_mask.nc,validation,6s10w,salinity,120.0,2016-01,2016-03
3,m2_continuous_gap_v1_gap3_seed20260811,m2_gap3_mask.nc,validation,6s10w,salinity,20.0,2017-11,2018-01
3,m2_continuous_gap_v1_gap3_seed20260811,m2_gap3_mask.nc,validation,6s10w,salinity,40.0,2015-04,2015-06
3,m2_continuous_gap_v1_gap3_seed20260811,m2_gap3_mask.nc,validation,6s10w,temperature,1.0,2016-08,2016-10
3,m2_continuous_gap_v1_gap3_seed20260811,m2_gap3_mask.nc,validation,6s10w,temperature,120.0,2017-05,2017-07
3,m2_continuous_gap_v1_gap3_seed20260811,m2_gap3_mask.nc,validation,6s10w,temperature,20.0,2015-11,2016-01
3,m2_continuous_gap_v1_gap3_seed20260811,m2_gap3_mask.nc,validation,6s10w,temperature,40.0,2015-10,2015-12
3,m2_continuous_gap_v1_gap3_seed20260811,m2_gap3_mask.nc,validation,8n38w,salinity,1.0,2018-09,2018-11
3,m2_continuous_gap_v1_gap3_seed20260811,m2_gap3_mask.nc,validation,8n38w,salinity,120.0,2015-08,2015-10
3,m2_continuous_gap_v1_gap3_seed20260811,m2_gap3_mask.nc,validation,8n38w,salinity,20.0,2018-09,2018-11
3,m2_continuous_gap_v1_gap3_seed20260811,m2_gap3_mask.nc,validation,8n38w,salinity,40.0,2015-12,2016-02
3,m2_continuous_gap_v1_gap3_seed20260811,m2_gap3_mask.nc,validation,8n38w,temperature,1.0,2017-12,2018-02
3,m2_continuous_gap_v1_gap3_seed20260811,m2_gap3_mask.nc,validation,8n38w,temperature,120.0,2015-12,2016-02
3,m2_continuous_gap_v1_gap3_seed20260811,m2_gap3_mask.nc,validation,8n38w,temperature,20.0,2015-01,2015-03
3,m2_continuous_gap_v1_gap3_seed20260811,m2_gap3_mask.nc,validation,8n38w,temperature,40.0,2015-03,2015-05
3,m2_continuous_gap_v1_gap3_seed20260811,m2_gap3_mask.nc,validation,8s30w,salinity,1.0,2016-07,2016-09
3,m2_continuous_gap_v1_gap3_seed20260811,m2_gap3_mask.nc,validation,8s30w,salinity,120.0,2015-07,2015-09
3,m2_continuous_gap_v1_gap3_seed20260811,m2_gap3_mask.nc,validation,8s30w,salinity,20.0,2018-09,2018-11
3,m2_continuous_gap_v1_gap3_seed20260811,m2_gap3_mask.nc,validation,8s30w,salinity,40.0,2015-11,2016-01
3,m2_continuous_gap_v1_gap3_seed20260811,m2_gap3_mask.nc,validation,8s30w,temperature,1.0,2018-01,2018-03
3,m2_continuous_gap_v1_gap3_seed20260811,m2_gap3_mask.nc,validation,8s30w,temperature,120.0,2018-06,2018-08
3,m2_continuous_gap_v1_gap3_seed20260811,m2_gap3_mask.nc,validation,8s30w,temperature,20.0,2018-09,2018-11
3,m2_continuous_gap_v1_gap3_seed20260811,m2_gap3_mask.nc,validation,8s30w,temperature,40.0,2015-08,2015-10
6,m2_continuous_gap_v1_gap6_seed20260811,m2_gap6_mask.nc,test,0n0e,salinity,1.0,2019-06,2019-11
6,m2_continuous_gap_v1_gap6_seed20260811,m2_gap6_mask.nc,test,0n0e,salinity,120.0,2019-10,2020-03
6,m2_continuous_gap_v1_gap6_seed20260811,m2_gap6_mask.nc,test,0n0e,salinity,20.0,2020-08,2021-01
6,m2_continuous_gap_v1_gap6_seed20260811,m2_gap6_mask.nc,test,0n0e,salinity,40.0,2019-09,2020-02
6,m2_continuous_gap_v1_gap6_seed20260811,m2_gap6_mask.nc,test,0n0e,temperature,1.0,2019-05,2019-10
6,m2_continuous_gap_v1_gap6_seed20260811,m2_gap6_mask.nc,test,0n0e,temperature,120.0,2019-03,2019-08
6,m2_continuous_gap_v1_gap6_seed20260811,m2_gap6_mask.nc,test,0n0e,temperature,20.0,2020-06,2020-11
6,m2_continuous_gap_v1_gap6_seed20260811,m2_gap6_mask.nc,test,0n0e,temperature,40.0,2019-07,2019-12
6,m2_continuous_gap_v1_gap6_seed20260811,m2_gap6_mask.nc,test,0n10w,salinity,1.0,2021-03,2021-08
6,m2_continuous_gap_v1_gap6_seed20260811,m2_gap6_mask.nc,test,0n10w,salinity,120.0,2019-04,2019-09
6,m2_continuous_gap_v1_gap6_seed20260811,m2_gap6_mask.nc,test,0n10w,salinity,20.0,2019-07,2019-12
6,m2_continuous_gap_v1_gap6_seed20260811,m2_gap6_mask.nc,test,0n10w,salinity,40.0,2023-04,2023-09
6,m2_continuous_gap_v1_gap6_seed20260811,m2_gap6_mask.nc,test,0n10w,temperature,1.0,2023-08,2024-01
6,m2_continuous_gap_v1_gap6_seed20260811,m2_gap6_mask.nc,test,0n10w,temperature,120.0,2020-07,2020-12
6,m2_continuous_gap_v1_gap6_seed20260811,m2_gap6_mask.nc,test,0n10w,temperature,20.0,2023-08,2024-01
6,m2_continuous_gap_v1_gap6_seed20260811,m2_gap6_mask.nc,test,0n10w,temperature,40.0,2020-02,2020-07
6,m2_continuous_gap_v1_gap6_seed20260811,m2_gap6_mask.nc,test,0n23w,salinity,1.0,2019-02,2019-07
6,m2_continuous_gap_v1_gap6_seed20260811,m2_gap6_mask.nc,test,0n23w,salinity,120.0,2022-10,2023-03
6,m2_continuous_gap_v1_gap6_seed20260811,m2_gap6_mask.nc,test,0n23w,salinity,20.0,2022-07,2022-12
6,m2_continuous_gap_v1_gap6_seed20260811,m2_gap6_mask.nc,test,0n23w,salinity,40.0,2020-07,2020-12
6,m2_continuous_gap_v1_gap6_seed20260811,m2_gap6_mask.nc,test,0n23w,temperature,1.0,2019-05,2019-10
6,m2_continuous_gap_v1_gap6_seed20260811,m2_gap6_mask.nc,test,0n23w,temperature,120.0,2019-02,2019-07
6,m2_continuous_gap_v1_gap6_seed20260811,m2_gap6_mask.nc,test,0n23w,temperature,20.0,2022-07,2022-12
6,m2_continuous_gap_v1_gap6_seed20260811,m2_gap6_mask.nc,test,0n23w,temperature,40.0,2022-06,2022-11
6,m2_continuous_gap_v1_gap6_seed20260811,m2_gap6_mask.nc,test,0n35w,salinity,120.0,2023-05,2023-10
6,m2_continuous_gap_v1_gap6_seed20260811,m2_gap6_mask.nc,test,0n35w,salinity,40.0,2022-08,2023-01
6,m2_continuous_gap_v1_gap6_seed20260811,m2_gap6_mask.nc,test,0n35w,temperature,120.0,2023-06,2023-11
6,m2_continuous_gap_v1_gap6_seed20260811,m2_gap6_mask.nc,test,0n35w,temperature,40.0,2022-10,2023-03
6,m2_continuous_gap_v1_gap6_seed20260811,m2_gap6_mask.nc,test,0n3w,salinity,1.0,2021-12,2022-05
6,m2_continuous_gap_v1_gap6_seed20260811,m2_gap6_mask.nc,test,0n3w,salinity,120.0,2021-10,2022-03
6,m2_continuous_gap_v1_gap6_seed20260811,m2_gap6_mask.nc,test,0n3w,salinity,20.0,2023-04,2023-09
6,m2_continuous_gap_v1_gap6_seed20260811,m2_gap6_mask.nc,test,0n3w,salinity,40.0,2023-04,2023-09
6,m2_continuous_gap_v1_gap6_seed20260811,m2_gap6_mask.nc,test,0n3w,temperature,1.0,2023-03,2023-08
6,m2_continuous_gap_v1_gap6_seed20260811,m2_gap6_mask.nc,test,0n3w,temperature,120.0,2023-04,2023-09
6,m2_continuous_gap_v1_gap6_seed20260811,m2_gap6_mask.nc,test,0n3w,temperature,20.0,2021-09,2022-02
6,m2_continuous_gap_v1_gap6_seed20260811,m2_gap6_mask.nc,test,0n3w,temperature,40.0,2024-02,2024-07
6,m2_continuous_gap_v1_gap6_seed20260811,m2_gap6_mask.nc,test,10s10w,salinity,1.0,2023-05,2023-10
6,m2_continuous_gap_v1_gap6_seed20260811,m2_gap6_mask.nc,test,10s10w,salinity,120.0,2022-06,2022-11
6,m2_continuous_gap_v1_gap6_seed20260811,m2_gap6_mask.nc,test,10s10w,salinity,20.0,2023-01,2023-06
6,m2_continuous_gap_v1_gap6_seed20260811,m2_gap6_mask.nc,test,10s10w,salinity,40.0,2022-09,2023-02
6,m2_continuous_gap_v1_gap6_seed20260811,m2_gap6_mask.nc,test,10s10w,temperature,1.0,2023-04,2023-09
6,m2_continuous_gap_v1_gap6_seed20260811,m2_gap6_mask.nc,test,10s10w,temperature,120.0,2023-09,2024-02
6,m2_continuous_gap_v1_gap6_seed20260811,m2_gap6_mask.nc,test,10s10w,temperature,20.0,2024-01,2024-06
6,m2_continuous_gap_v1_gap6_seed20260811,m2_gap6_mask.nc,test,10s10w,temperature,40.0,2023-06,2023-11
6,m2_continuous_gap_v1_gap6_seed20260811,m2_gap6_mask.nc,test,12n23w,salinity,1.0,2021-12,2022-05
6,m2_continuous_gap_v1_gap6_seed20260811,m2_gap6_mask.nc,test,12n23w,salinity,120.0,2023-04,2023-09
6,m2_continuous_gap_v1_gap6_seed20260811,m2_gap6_mask.nc,test,12n23w,salinity,20.0,2020-04,2020-09
6,m2_continuous_gap_v1_gap6_seed20260811,m2_gap6_mask.nc,test,12n23w,salinity,40.0,2022-12,2023-05
6,m2_continuous_gap_v1_gap6_seed20260811,m2_gap6_mask.nc,test,12n23w,temperature,1.0,2019-05,2019-10
6,m2_continuous_gap_v1_gap6_seed20260811,m2_gap6_mask.nc,test,12n23w,temperature,120.0,2021-11,2022-04
6,m2_continuous_gap_v1_gap6_seed20260811,m2_gap6_mask.nc,test,12n23w,temperature,20.0,2019-08,2020-01
6,m2_continuous_gap_v1_gap6_seed20260811,m2_gap6_mask.nc,test,12n23w,temperature,40.0,2021-03,2021-08
6,m2_continuous_gap_v1_gap6_seed20260811,m2_gap6_mask.nc,test,12n38w,salinity,1.0,2019-01,2019-06
6,m2_continuous_gap_v1_gap6_seed20260811,m2_gap6_mask.nc,test,12n38w,salinity,120.0,2019-02,2019-07
6,m2_continuous_gap_v1_gap6_seed20260811,m2_gap6_mask.nc,test,12n38w,salinity,20.0,2019-02,2019-07
6,m2_continuous_gap_v1_gap6_seed20260811,m2_gap6_mask.nc,test,12n38w,salinity,40.0,2019-08,2020-01
6,m2_continuous_gap_v1_gap6_seed20260811,m2_gap6_mask.nc,test,12n38w,temperature,1.0,2019-01,2019-06
6,m2_continuous_gap_v1_gap6_seed20260811,m2_gap6_mask.nc,test,12n38w,temperature,120.0,2023-01,2023-06
6,m2_continuous_gap_v1_gap6_seed20260811,m2_gap6_mask.nc,test,12n38w,temperature,20.0,2019-04,2019-09
6,m2_continuous_gap_v1_gap6_seed20260811,m2_gap6_mask.nc,test,12n38w,temperature,40.0,2019-12,2020-05
6,m2_continuous_gap_v1_gap6_seed20260811,m2_gap6_mask.nc,test,14s32w,salinity,1.0,2022-08,2023-01
6,m2_continuous_gap_v1_gap6_seed20260811,m2_gap6_mask.nc,test,14s32w,salinity,120.0,2021-04,2021-09
6,m2_continuous_gap_v1_gap6_seed20260811,m2_gap6_mask.nc,test,14s32w,salinity,20.0,2022-07,2022-12
6,m2_continuous_gap_v1_gap6_seed20260811,m2_gap6_mask.nc,test,14s32w,salinity,40.0,2022-12,2023-05
6,m2_continuous_gap_v1_gap6_seed20260811,m2_gap6_mask.nc,test,14s32w,temperature,1.0,2020-11,2021-04
6,m2_continuous_gap_v1_gap6_seed20260811,m2_gap6_mask.nc,test,14s32w,temperature,120.0,2021-07,2021-12
6,m2_continuous_gap_v1_gap6_seed20260811,m2_gap6_mask.nc,test,14s32w,temperature,20.0,2019-03,2019-08
6,m2_continuous_gap_v1_gap6_seed20260811,m2_gap6_mask.nc,test,14s32w,temperature,40.0,2023-01,2023-06
6,m2_continuous_gap_v1_gap6_seed20260811,m2_gap6_mask.nc,test,15n38w,salinity,1.0,2023-03,2023-08
6,m2_continuous_gap_v1_gap6_seed20260811,m2_gap6_mask.nc,test,15n38w,salinity,120.0,2021-07,2021-12
6,m2_continuous_gap_v1_gap6_seed20260811,m2_gap6_mask.nc,test,15n38w,salinity,20.0,2019-01,2019-06
6,m2_continuous_gap_v1_gap6_seed20260811,m2_gap6_mask.nc,test,15n38w,salinity,40.0,2020-02,2020-07
6,m2_continuous_gap_v1_gap6_seed20260811,m2_gap6_mask.nc,test,15n38w,temperature,1.0,2022-10,2023-03
6,m2_continuous_gap_v1_gap6_seed20260811,m2_gap6_mask.nc,test,15n38w,temperature,120.0,2021-12,2022-05
6,m2_continuous_gap_v1_gap6_seed20260811,m2_gap6_mask.nc,test,15n38w,temperature,20.0,2023-05,2023-10
6,m2_continuous_gap_v1_gap6_seed20260811,m2_gap6_mask.nc,test,15n38w,temperature,40.0,2023-03,2023-08
6,m2_continuous_gap_v1_gap6_seed20260811,m2_gap6_mask.nc,test,19s34w,temperature,1.0,2024-02,2024-07
6,m2_continuous_gap_v1_gap6_seed20260811,m2_gap6_mask.nc,test,19s34w,temperature,120.0,2019-02,2019-07
6,m2_continuous_gap_v1_gap6_seed20260811,m2_gap6_mask.nc,test,19s34w,temperature,20.0,2023-06,2023-11
6,m2_continuous_gap_v1_gap6_seed20260811,m2_gap6_mask.nc,test,19s34w,temperature,40.0,2023-04,2023-09
6,m2_continuous_gap_v1_gap6_seed20260811,m2_gap6_mask.nc,test,20n38w,salinity,1.0,2019-10,2020-03
6,m2_continuous_gap_v1_gap6_seed20260811,m2_gap6_mask.nc,test,20n38w,salinity,120.0,2022-10,2023-03
6,m2_continuous_gap_v1_gap6_seed20260811,m2_gap6_mask.nc,test,20n38w,salinity,20.0,2023-01,2023-06
6,m2_continuous_gap_v1_gap6_seed20260811,m2_gap6_mask.nc,test,20n38w,salinity,40.0,2021-05,2021-10
6,m2_continuous_gap_v1_gap6_seed20260811,m2_gap6_mask.nc,test,20n38w,temperature,1.0,2022-02,2022-07
6,m2_continuous_gap_v1_gap6_seed20260811,m2_gap6_mask.nc,test,20n38w,temperature,120.0,2020-06,2020-11
6,m2_continuous_gap_v1_gap6_seed20260811,m2_gap6_mask.nc,test,20n38w,temperature,20.0,2022-09,2023-02
6,m2_continuous_gap_v1_gap6_seed20260811,m2_gap6_mask.nc,test,20n38w,temperature,40.0,2020-11,2021-04
6,m2_continuous_gap_v1_gap6_seed20260811,m2_gap6_mask.nc,test,20s10w,salinity,1.0,2022-11,2023-04
6,m2_continuous_gap_v1_gap6_seed20260811,m2_gap6_mask.nc,test,20s10w,salinity,120.0,2021-01,2021-06
6,m2_continuous_gap_v1_gap6_seed20260811,m2_gap6_mask.nc,test,20s10w,salinity,20.0,2023-03,2023-08
6,m2_continuous_gap_v1_gap6_seed20260811,m2_gap6_mask.nc,test,20s10w,salinity,40.0,2022-06,2022-11
6,m2_continuous_gap_v1_gap6_seed20260811,m2_gap6_mask.nc,test,20s10w,temperature,1.0,2020-03,2020-08
6,m2_continuous_gap_v1_gap6_seed20260811,m2_gap6_mask.nc,test,20s10w,temperature,120.0,2020-07,2020-12
6,m2_continuous_gap_v1_gap6_seed20260811,m2_gap6_mask.nc,test,20s10w,temperature,20.0,2021-03,2021-08
6,m2_continuous_gap_v1_gap6_seed20260811,m2_gap6_mask.nc,test,20s10w,temperature,40.0,2020-03,2020-08
6,m2_continuous_gap_v1_gap6_seed20260811,m2_gap6_mask.nc,test,21n23w,temperature,1.0,2022-03,2022-08
6,m2_continuous_gap_v1_gap6_seed20260811,m2_gap6_mask.nc,test,21n23w,temperature,120.0,2021-10,2022-03
6,m2_continuous_gap_v1_gap6_seed20260811,m2_gap6_mask.nc,test,21n23w,temperature,20.0,2019-03,2019-08
6,m2_continuous_gap_v1_gap6_seed20260811,m2_gap6_mask.nc,test,21n23w,temperature,40.0,2021-03,2021-08
6,m2_continuous_gap_v1_gap6_seed20260811,m2_gap6_mask.nc,test,4n23w,salinity,1.0,2019-10,2020-03
6,m2_continuous_gap_v1_gap6_seed20260811,m2_gap6_mask.nc,test,4n23w,salinity,120.0,2022-10,2023-03
6,m2_continuous_gap_v1_gap6_seed20260811,m2_gap6_mask.nc,test,4n23w,salinity,20.0,2020-11,2021-04
6,m2_continuous_gap_v1_gap6_seed20260811,m2_gap6_mask.nc,test,4n23w,salinity,40.0,2020-10,2021-03
6,m2_continuous_gap_v1_gap6_seed20260811,m2_gap6_mask.nc,test,4n23w,temperature,1.0,2020-10,2021-03
6,m2_continuous_gap_v1_gap6_seed20260811,m2_gap6_mask.nc,test,4n23w,temperature,120.0,2022-05,2022-10
6,m2_continuous_gap_v1_gap6_seed20260811,m2_gap6_mask.nc,test,4n23w,temperature,20.0,2022-08,2023-01
6,m2_continuous_gap_v1_gap6_seed20260811,m2_gap6_mask.nc,test,4n23w,temperature,40.0,2021-04,2021-09
6,m2_continuous_gap_v1_gap6_seed20260811,m2_gap6_mask.nc,test,4n38w,salinity,1.0,2022-12,2023-05
6,m2_continuous_gap_v1_gap6_seed20260811,m2_gap6_mask.nc,test,4n38w,salinity,120.0,2019-01,2019-06
6,m2_continuous_gap_v1_gap6_seed20260811,m2_gap6_mask.nc,test,4n38w,salinity,20.0,2019-02,2019-07
6,m2_continuous_gap_v1_gap6_seed20260811,m2_gap6_mask.nc,test,4n38w,salinity,40.0,2019-01,2019-06
6,m2_continuous_gap_v1_gap6_seed20260811,m2_gap6_mask.nc,test,4n38w,temperature,1.0,2022-12,2023-05
6,m2_continuous_gap_v1_gap6_seed20260811,m2_gap6_mask.nc,test,4n38w,temperature,120.0,2019-02,2019-07
6,m2_continuous_gap_v1_gap6_seed20260811,m2_gap6_mask.nc,test,4n38w,temperature,20.0,2019-04,2019-09
6,m2_continuous_gap_v1_gap6_seed20260811,m2_gap6_mask.nc,test,4n38w,temperature,40.0,2019-04,2019-09
6,m2_continuous_gap_v1_gap6_seed20260811,m2_gap6_mask.nc,test,6s10w,salinity,1.0,2019-06,2019-11
6,m2_continuous_gap_v1_gap6_seed20260811,m2_gap6_mask.nc,test,6s10w,salinity,120.0,2021-02,2021-07
6,m2_continuous_gap_v1_gap6_seed20260811,m2_gap6_mask.nc,test,6s10w,salinity,20.0,2019-04,2019-09
6,m2_continuous_gap_v1_gap6_seed20260811,m2_gap6_mask.nc,test,6s10w,salinity,40.0,2019-11,2020-04
6,m2_continuous_gap_v1_gap6_seed20260811,m2_gap6_mask.nc,test,6s10w,temperature,1.0,2023-10,2024-03
6,m2_continuous_gap_v1_gap6_seed20260811,m2_gap6_mask.nc,test,6s10w,temperature,120.0,2019-09,2020-02
6,m2_continuous_gap_v1_gap6_seed20260811,m2_gap6_mask.nc,test,6s10w,temperature,20.0,2023-06,2023-11
6,m2_continuous_gap_v1_gap6_seed20260811,m2_gap6_mask.nc,test,6s10w,temperature,40.0,2020-09,2021-02
6,m2_continuous_gap_v1_gap6_seed20260811,m2_gap6_mask.nc,test,8n38w,salinity,1.0,2023-03,2023-08
6,m2_continuous_gap_v1_gap6_seed20260811,m2_gap6_mask.nc,test,8n38w,salinity,120.0,2023-02,2023-07
6,m2_continuous_gap_v1_gap6_seed20260811,m2_gap6_mask.nc,test,8n38w,salinity,20.0,2022-09,2023-02
6,m2_continuous_gap_v1_gap6_seed20260811,m2_gap6_mask.nc,test,8n38w,salinity,40.0,2022-07,2022-12
6,m2_continuous_gap_v1_gap6_seed20260811,m2_gap6_mask.nc,test,8n38w,temperature,1.0,2023-02,2023-07
6,m2_continuous_gap_v1_gap6_seed20260811,m2_gap6_mask.nc,test,8n38w,temperature,120.0,2023-01,2023-06
6,m2_continuous_gap_v1_gap6_seed20260811,m2_gap6_mask.nc,test,8n38w,temperature,20.0,2022-11,2023-04
6,m2_continuous_gap_v1_gap6_seed20260811,m2_gap6_mask.nc,test,8n38w,temperature,40.0,2022-07,2022-12
6,m2_continuous_gap_v1_gap6_seed20260811,m2_gap6_mask.nc,test,8s30w,salinity,1.0,2020-11,2021-04
6,m2_continuous_gap_v1_gap6_seed20260811,m2_gap6_mask.nc,test,8s30w,salinity,120.0,2022-09,2023-02
6,m2_continuous_gap_v1_gap6_seed20260811,m2_gap6_mask.nc,test,8s30w,salinity,20.0,2019-05,2019-10
6,m2_continuous_gap_v1_gap6_seed20260811,m2_gap6_mask.nc,test,8s30w,salinity,40.0,2020-01,2020-06
6,m2_continuous_gap_v1_gap6_seed20260811,m2_gap6_mask.nc,test,8s30w,temperature,1.0,2019-02,2019-07
6,m2_continuous_gap_v1_gap6_seed20260811,m2_gap6_mask.nc,test,8s30w,temperature,120.0,2020-03,2020-08
6,m2_continuous_gap_v1_gap6_seed20260811,m2_gap6_mask.nc,test,8s30w,temperature,20.0,2021-04,2021-09
6,m2_continuous_gap_v1_gap6_seed20260811,m2_gap6_mask.nc,test,8s30w,temperature,40.0,2021-02,2021-07
6,m2_continuous_gap_v1_gap6_seed20260811,m2_gap6_mask.nc,train,0n0e,salinity,1.0,2003-11,2004-04
6,m2_continuous_gap_v1_gap6_seed20260811,m2_gap6_mask.nc,train,0n0e,salinity,120.0,2007-03,2007-08
6,m2_continuous_gap_v1_gap6_seed20260811,m2_gap6_mask.nc,train,0n0e,salinity,20.0,2006-10,2007-03
6,m2_continuous_gap_v1_gap6_seed20260811,m2_gap6_mask.nc,train,0n0e,salinity,40.0,2005-09,2006-02
6,m2_continuous_gap_v1_gap6_seed20260811,m2_gap6_mask.nc,train,0n0e,temperature,1.0,2007-02,2007-07
6,m2_continuous_gap_v1_gap6_seed20260811,m2_gap6_mask.nc,train,0n0e,temperature,120.0,2014-05,2014-10
6,m2_continuous_gap_v1_gap6_seed20260811,m2_gap6_mask.nc,train,0n0e,temperature,20.0,2011-03,2011-08
6,m2_continuous_gap_v1_gap6_seed20260811,m2_gap6_mask.nc,train,0n0e,temperature,40.0,2012-03,2012-08
6,m2_continuous_gap_v1_gap6_seed20260811,m2_gap6_mask.nc,train,0n10w,salinity,1.0,2009-10,2010-03
6,m2_continuous_gap_v1_gap6_seed20260811,m2_gap6_mask.nc,train,0n10w,salinity,120.0,2010-09,2011-02
6,m2_continuous_gap_v1_gap6_seed20260811,m2_gap6_mask.nc,train,0n10w,salinity,20.0,2012-09,2013-02
6,m2_continuous_gap_v1_gap6_seed20260811,m2_gap6_mask.nc,train,0n10w,salinity,40.0,2009-02,2009-07
6,m2_continuous_gap_v1_gap6_seed20260811,m2_gap6_mask.nc,train,0n10w,temperature,1.0,2010-10,2011-03
6,m2_continuous_gap_v1_gap6_seed20260811,m2_gap6_mask.nc,train,0n10w,temperature,120.0,2008-05,2008-10
6,m2_continuous_gap_v1_gap6_seed20260811,m2_gap6_mask.nc,train,0n10w,temperature,20.0,2003-03,2003-08
6,m2_continuous_gap_v1_gap6_seed20260811,m2_gap6_mask.nc,train,0n10w,temperature,40.0,2012-11,2013-04
6,m2_continuous_gap_v1_gap6_seed20260811,m2_gap6_mask.nc,train,0n23w,salinity,1.0,2011-10,2012-03
6,m2_continuous_gap_v1_gap6_seed20260811,m2_gap6_mask.nc,train,0n23w,salinity,120.0,2002-09,2003-02
6,m2_continuous_gap_v1_gap6_seed20260811,m2_gap6_mask.nc,train,0n23w,salinity,20.0,2011-12,2012-05
6,m2_continuous_gap_v1_gap6_seed20260811,m2_gap6_mask.nc,train,0n23w,salinity,40.0,2007-02,2007-07
6,m2_continuous_gap_v1_gap6_seed20260811,m2_gap6_mask.nc,train,0n23w,temperature,1.0,2007-01,2007-06
6,m2_continuous_gap_v1_gap6_seed20260811,m2_gap6_mask.nc,train,0n23w,temperature,120.0,2008-05,2008-10
6,m2_continuous_gap_v1_gap6_seed20260811,m2_gap6_mask.nc,train,0n23w,temperature,20.0,2009-04,2009-09
6,m2_continuous_gap_v1_gap6_seed20260811,m2_gap6_mask.nc,train,0n23w,temperature,40.0,2006-06,2006-11
6,m2_continuous_gap_v1_gap6_seed20260811,m2_gap6_mask.nc,train,0n35w,salinity,1.0,2000-11,2001-04
6,m2_continuous_gap_v1_gap6_seed20260811,m2_gap6_mask.nc,train,0n35w,salinity,120.0,2004-11,2005-04
6,m2_continuous_gap_v1_gap6_seed20260811,m2_gap6_mask.nc,train,0n35w,salinity,20.0,2001-04,2001-09
6,m2_continuous_gap_v1_gap6_seed20260811,m2_gap6_mask.nc,train,0n35w,salinity,40.0,2007-08,2008-01
6,m2_continuous_gap_v1_gap6_seed20260811,m2_gap6_mask.nc,train,0n35w,temperature,1.0,2001-03,2001-08
6,m2_continuous_gap_v1_gap6_seed20260811,m2_gap6_mask.nc,train,0n35w,temperature,120.0,2005-11,2006-04
6,m2_continuous_gap_v1_gap6_seed20260811,m2_gap6_mask.nc,train,0n35w,temperature,20.0,2009-10,2010-03
6,m2_continuous_gap_v1_gap6_seed20260811,m2_gap6_mask.nc,train,0n35w,temperature,40.0,2001-06,2001-11
6,m2_continuous_gap_v1_gap6_seed20260811,m2_gap6_mask.nc,train,10s10w,salinity,1.0,2007-08,2008-01
6,m2_continuous_gap_v1_gap6_seed20260811,m2_gap6_mask.nc,train,10s10w,salinity,120.0,2014-04,2014-09
6,m2_continuous_gap_v1_gap6_seed20260811,m2_gap6_mask.nc,train,10s10w,salinity,20.0,2008-01,2008-06
6,m2_continuous_gap_v1_gap6_seed20260811,m2_gap6_mask.nc,train,10s10w,salinity,40.0,2004-02,2004-07
6,m2_continuous_gap_v1_gap6_seed20260811,m2_gap6_mask.nc,train,10s10w,temperature,1.0,2014-02,2014-07
6,m2_continuous_gap_v1_gap6_seed20260811,m2_gap6_mask.nc,train,10s10w,temperature,120.0,1998-10,1999-03
6,m2_continuous_gap_v1_gap6_seed20260811,m2_gap6_mask.nc,train,10s10w,temperature,20.0,2003-06,2003-11
6,m2_continuous_gap_v1_gap6_seed20260811,m2_gap6_mask.nc,train,10s10w,temperature,40.0,2007-08,2008-01
6,m2_continuous_gap_v1_gap6_seed20260811,m2_gap6_mask.nc,train,12n23w,salinity,1.0,2014-01,2014-06
6,m2_continuous_gap_v1_gap6_seed20260811,m2_gap6_mask.nc,train,12n23w,salinity,120.0,2011-12,2012-05
6,m2_continuous_gap_v1_gap6_seed20260811,m2_gap6_mask.nc,train,12n23w,salinity,20.0,2014-05,2014-10
6,m2_continuous_gap_v1_gap6_seed20260811,m2_gap6_mask.nc,train,12n23w,salinity,40.0,2007-10,2008-03
6,m2_continuous_gap_v1_gap6_seed20260811,m2_gap6_mask.nc,train,12n23w,temperature,1.0,2011-07,2011-12
6,m2_continuous_gap_v1_gap6_seed20260811,m2_gap6_mask.nc,train,12n23w,temperature,120.0,2011-03,2011-08
6,m2_continuous_gap_v1_gap6_seed20260811,m2_gap6_mask.nc,train,12n23w,temperature,20.0,2009-12,2010-05
6,m2_continuous_gap_v1_gap6_seed20260811,m2_gap6_mask.nc,train,12n23w,temperature,40.0,2013-02,2013-07
6,m2_continuous_gap_v1_gap6_seed20260811,m2_gap6_mask.nc,train,12n38w,salinity,1.0,2007-03,2007-08
6,m2_continuous_gap_v1_gap6_seed20260811,m2_gap6_mask.nc,train,12n38w,salinity,120.0,2004-02,2004-07
6,m2_continuous_gap_v1_gap6_seed20260811,m2_gap6_mask.nc,train,12n38w,salinity,20.0,2008-10,2009-03
6,m2_continuous_gap_v1_gap6_seed20260811,m2_gap6_mask.nc,train,12n38w,salinity,40.0,2005-07,2005-12
6,m2_continuous_gap_v1_gap6_seed20260811,m2_gap6_mask.nc,train,12n38w,temperature,1.0,2001-11,2002-04
6,m2_continuous_gap_v1_gap6_seed20260811,m2_gap6_mask.nc,train,12n38w,temperature,120.0,2011-09,2012-02
6,m2_continuous_gap_v1_gap6_seed20260811,m2_gap6_mask.nc,train,12n38w,temperature,20.0,2004-02,2004-07
6,m2_continuous_gap_v1_gap6_seed20260811,m2_gap6_mask.nc,train,12n38w,temperature,40.0,2008-10,2009-03
6,m2_continuous_gap_v1_gap6_seed20260811,m2_gap6_mask.nc,train,14s32w,salinity,1.0,2008-04,2008-09
6,m2_continuous_gap_v1_gap6_seed20260811,m2_gap6_mask.nc,train,14s32w,salinity,120.0,2012-06,2012-11
6,m2_continuous_gap_v1_gap6_seed20260811,m2_gap6_mask.nc,train,14s32w,salinity,20.0,2010-06,2010-11
6,m2_continuous_gap_v1_gap6_seed20260811,m2_gap6_mask.nc,train,14s32w,salinity,40.0,2011-08,2012-01
6,m2_continuous_gap_v1_gap6_seed20260811,m2_gap6_mask.nc,train,14s32w,temperature,1.0,2007-01,2007-06
6,m2_continuous_gap_v1_gap6_seed20260811,m2_gap6_mask.nc,train,14s32w,temperature,120.0,2007-04,2007-09
6,m2_continuous_gap_v1_gap6_seed20260811,m2_gap6_mask.nc,train,14s32w,temperature,20.0,2012-03,2012-08
6,m2_continuous_gap_v1_gap6_seed20260811,m2_gap6_mask.nc,train,14s32w,temperature,40.0,2007-08,2008-01
6,m2_continuous_gap_v1_gap6_seed20260811,m2_gap6_mask.nc,train,15n38w,salinity,1.0,2007-10,2008-03
6,m2_continuous_gap_v1_gap6_seed20260811,m2_gap6_mask.nc,train,15n38w,salinity,120.0,2010-04,2010-09
6,m2_continuous_gap_v1_gap6_seed20260811,m2_gap6_mask.nc,train,15n38w,salinity,20.0,2004-08,2005-01
6,m2_continuous_gap_v1_gap6_seed20260811,m2_gap6_mask.nc,train,15n38w,salinity,40.0,2007-04,2007-09
6,m2_continuous_gap_v1_gap6_seed20260811,m2_gap6_mask.nc,train,15n38w,temperature,1.0,2008-01,2008-06
6,m2_continuous_gap_v1_gap6_seed20260811,m2_gap6_mask.nc,train,15n38w,temperature,120.0,2009-04,2009-09
6,m2_continuous_gap_v1_gap6_seed20260811,m2_gap6_mask.nc,train,15n38w,temperature,20.0,2001-05,2001-10
6,m2_continuous_gap_v1_gap6_seed20260811,m2_gap6_mask.nc,train,15n38w,temperature,40.0,2014-07,2014-12
6,m2_continuous_gap_v1_gap6_seed20260811,m2_gap6_mask.nc,train,19s34w,temperature,1.0,2006-11,2007-04
6,m2_continuous_gap_v1_gap6_seed20260811,m2_gap6_mask.nc,train,19s34w,temperature,120.0,2011-05,2011-10
6,m2_continuous_gap_v1_gap6_seed20260811,m2_gap6_mask.nc,train,19s34w,temperature,20.0,2009-11,2010-04
6,m2_continuous_gap_v1_gap6_seed20260811,m2_gap6_mask.nc,train,19s34w,temperature,40.0,2005-10,2006-03
6,m2_continuous_gap_v1_gap6_seed20260811,m2_gap6_mask.nc,train,20n38w,salinity,1.0,2011-07,2011-12
6,m2_continuous_gap_v1_gap6_seed20260811,m2_gap6_mask.nc,train,20n38w,salinity,120.0,2011-01,2011-06
6,m2_continuous_gap_v1_gap6_seed20260811,m2_gap6_mask.nc,train,20n38w,salinity,20.0,2009-12,2010-05
6,m2_continuous_gap_v1_gap6_seed20260811,m2_gap6_mask.nc,train,20n38w,salinity,40.0,2009-02,2009-07
6,m2_continuous_gap_v1_gap6_seed20260811,m2_gap6_mask.nc,train,20n38w,temperature,1.0,2010-08,2011-01
6,m2_continuous_gap_v1_gap6_seed20260811,m2_gap6_mask.nc,train,20n38w,temperature,120.0,2012-09,2013-02
6,m2_continuous_gap_v1_gap6_seed20260811,m2_gap6_mask.nc,train,20n38w,temperature,20.0,2009-04,2009-09
6,m2_continuous_gap_v1_gap6_seed20260811,m2_gap6_mask.nc,train,20n38w,temperature,40.0,2007-12,2008-05
6,m2_continuous_gap_v1_gap6_seed20260811,m2_gap6_mask.nc,train,21n23w,temperature,1.0,2009-03,2009-08
6,m2_continuous_gap_v1_gap6_seed20260811,m2_gap6_mask.nc,train,21n23w,temperature,120.0,2013-09,2014-02
6,m2_continuous_gap_v1_gap6_seed20260811,m2_gap6_mask.nc,train,21n23w,temperature,20.0,2010-11,2011-04
6,m2_continuous_gap_v1_gap6_seed20260811,m2_gap6_mask.nc,train,21n23w,temperature,40.0,2010-08,2011-01
6,m2_continuous_gap_v1_gap6_seed20260811,m2_gap6_mask.nc,train,4n23w,salinity,1.0,2010-09,2011-02
6,m2_continuous_gap_v1_gap6_seed20260811,m2_gap6_mask.nc,train,4n23w,salinity,120.0,2007-10,2008-03
6,m2_continuous_gap_v1_gap6_seed20260811,m2_gap6_mask.nc,train,4n23w,salinity,20.0,2009-08,2010-01
6,m2_continuous_gap_v1_gap6_seed20260811,m2_gap6_mask.nc,train,4n23w,salinity,40.0,2009-06,2009-11
6,m2_continuous_gap_v1_gap6_seed20260811,m2_gap6_mask.nc,train,4n23w,temperature,1.0,2011-04,2011-09
6,m2_continuous_gap_v1_gap6_seed20260811,m2_gap6_mask.nc,train,4n23w,temperature,120.0,2007-05,2007-10
6,m2_continuous_gap_v1_gap6_seed20260811,m2_gap6_mask.nc,train,4n23w,temperature,20.0,2007-02,2007-07
6,m2_continuous_gap_v1_gap6_seed20260811,m2_gap6_mask.nc,train,4n23w,temperature,40.0,2008-02,2008-07
6,m2_continuous_gap_v1_gap6_seed20260811,m2_gap6_mask.nc,train,4n38w,salinity,1.0,2009-07,2009-12
6,m2_continuous_gap_v1_gap6_seed20260811,m2_gap6_mask.nc,train,4n38w,salinity,120.0,2010-10,2011-03
6,m2_continuous_gap_v1_gap6_seed20260811,m2_gap6_mask.nc,train,4n38w,salinity,20.0,2008-03,2008-08
6,m2_continuous_gap_v1_gap6_seed20260811,m2_gap6_mask.nc,train,4n38w,salinity,40.0,2006-12,2007-05
6,m2_continuous_gap_v1_gap6_seed20260811,m2_gap6_mask.nc,train,4n38w,temperature,1.0,2008-08,2009-01
6,m2_continuous_gap_v1_gap6_seed20260811,m2_gap6_mask.nc,train,4n38w,temperature,120.0,2000-09,2001-02
6,m2_continuous_gap_v1_gap6_seed20260811,m2_gap6_mask.nc,train,4n38w,temperature,20.0,2007-12,2008-05
6,m2_continuous_gap_v1_gap6_seed20260811,m2_gap6_mask.nc,train,4n38w,temperature,40.0,2002-06,2002-11
6,m2_continuous_gap_v1_gap6_seed20260811,m2_gap6_mask.nc,train,5s10w,salinity,1.0,1999-05,1999-10
6,m2_continuous_gap_v1_gap6_seed20260811,m2_gap6_mask.nc,train,5s10w,salinity,120.0,1999-07,1999-12
6,m2_continuous_gap_v1_gap6_seed20260811,m2_gap6_mask.nc,train,5s10w,temperature,1.0,1999-05,1999-10
6,m2_continuous_gap_v1_gap6_seed20260811,m2_gap6_mask.nc,train,5s10w,temperature,120.0,1999-06,1999-11
6,m2_continuous_gap_v1_gap6_seed20260811,m2_gap6_mask.nc,train,5s10w,temperature,40.0,1999-08,2000-01
6,m2_continuous_gap_v1_gap6_seed20260811,m2_gap6_mask.nc,train,6s10w,salinity,1.0,2008-11,2009-04
6,m2_continuous_gap_v1_gap6_seed20260811,m2_gap6_mask.nc,train,6s10w,salinity,120.0,2009-03,2009-08
6,m2_continuous_gap_v1_gap6_seed20260811,m2_gap6_mask.nc,train,6s10w,salinity,20.0,2013-01,2013-06
6,m2_continuous_gap_v1_gap6_seed20260811,m2_gap6_mask.nc,train,6s10w,salinity,40.0,2012-12,2013-05
6,m2_continuous_gap_v1_gap6_seed20260811,m2_gap6_mask.nc,train,6s10w,temperature,1.0,2004-05,2004-10
6,m2_continuous_gap_v1_gap6_seed20260811,m2_gap6_mask.nc,train,6s10w,temperature,120.0,2010-11,2011-04
6,m2_continuous_gap_v1_gap6_seed20260811,m2_gap6_mask.nc,train,6s10w,temperature,20.0,2011-11,2012-04
6,m2_continuous_gap_v1_gap6_seed20260811,m2_gap6_mask.nc,train,6s10w,temperature,40.0,2002-05,2002-10
6,m2_continuous_gap_v1_gap6_seed20260811,m2_gap6_mask.nc,train,8n38w,salinity,1.0,2000-07,2000-12
6,m2_continuous_gap_v1_gap6_seed20260811,m2_gap6_mask.nc,train,8n38w,salinity,120.0,2005-06,2005-11
6,m2_continuous_gap_v1_gap6_seed20260811,m2_gap6_mask.nc,train,8n38w,salinity,20.0,2004-07,2004-12
6,m2_continuous_gap_v1_gap6_seed20260811,m2_gap6_mask.nc,train,8n38w,salinity,40.0,2007-01,2007-06
6,m2_continuous_gap_v1_gap6_seed20260811,m2_gap6_mask.nc,train,8n38w,temperature,1.0,2011-11,2012-04
6,m2_continuous_gap_v1_gap6_seed20260811,m2_gap6_mask.nc,train,8n38w,temperature,120.0,2006-02,2006-07
6,m2_continuous_gap_v1_gap6_seed20260811,m2_gap6_mask.nc,train,8n38w,temperature,20.0,2007-05,2007-10
6,m2_continuous_gap_v1_gap6_seed20260811,m2_gap6_mask.nc,train,8n38w,temperature,40.0,2008-04,2008-09
6,m2_continuous_gap_v1_gap6_seed20260811,m2_gap6_mask.nc,train,8s30w,salinity,1.0,2005-11,2006-04
6,m2_continuous_gap_v1_gap6_seed20260811,m2_gap6_mask.nc,train,8s30w,salinity,120.0,2007-02,2007-07
6,m2_continuous_gap_v1_gap6_seed20260811,m2_gap6_mask.nc,train,8s30w,salinity,20.0,2009-12,2010-05
6,m2_continuous_gap_v1_gap6_seed20260811,m2_gap6_mask.nc,train,8s30w,salinity,40.0,2008-09,2009-02
6,m2_continuous_gap_v1_gap6_seed20260811,m2_gap6_mask.nc,train,8s30w,temperature,1.0,2008-11,2009-04
6,m2_continuous_gap_v1_gap6_seed20260811,m2_gap6_mask.nc,train,8s30w,temperature,120.0,2010-06,2010-11
6,m2_continuous_gap_v1_gap6_seed20260811,m2_gap6_mask.nc,train,8s30w,temperature,20.0,2011-02,2011-07
6,m2_continuous_gap_v1_gap6_seed20260811,m2_gap6_mask.nc,train,8s30w,temperature,40.0,2013-04,2013-09
6,m2_continuous_gap_v1_gap6_seed20260811,m2_gap6_mask.nc,validation,0n0e,salinity,1.0,2016-05,2016-10
6,m2_continuous_gap_v1_gap6_seed20260811,m2_gap6_mask.nc,validation,0n0e,salinity,120.0,2015-06,2015-11
6,m2_continuous_gap_v1_gap6_seed20260811,m2_gap6_mask.nc,validation,0n0e,salinity,20.0,2015-11,2016-04
6,m2_continuous_gap_v1_gap6_seed20260811,m2_gap6_mask.nc,validation,0n0e,salinity,40.0,2015-02,2015-07
6,m2_continuous_gap_v1_gap6_seed20260811,m2_gap6_mask.nc,validation,0n0e,temperature,1.0,2016-06,2016-11
6,m2_continuous_gap_v1_gap6_seed20260811,m2_gap6_mask.nc,validation,0n0e,temperature,120.0,2016-07,2016-12
6,m2_continuous_gap_v1_gap6_seed20260811,m2_gap6_mask.nc,validation,0n0e,temperature,20.0,2016-01,2016-06
6,m2_continuous_gap_v1_gap6_seed20260811,m2_gap6_mask.nc,validation,0n0e,temperature,40.0,2016-12,2017-05
6,m2_continuous_gap_v1_gap6_seed20260811,m2_gap6_mask.nc,validation,0n10w,salinity,1.0,2016-09,2017-02
6,m2_continuous_gap_v1_gap6_seed20260811,m2_gap6_mask.nc,validation,0n10w,salinity,120.0,2018-06,2018-11
6,m2_continuous_gap_v1_gap6_seed20260811,m2_gap6_mask.nc,validation,0n10w,salinity,20.0,2015-04,2015-09
6,m2_continuous_gap_v1_gap6_seed20260811,m2_gap6_mask.nc,validation,0n10w,salinity,40.0,2018-07,2018-12
6,m2_continuous_gap_v1_gap6_seed20260811,m2_gap6_mask.nc,validation,0n10w,temperature,1.0,2017-06,2017-11
6,m2_continuous_gap_v1_gap6_seed20260811,m2_gap6_mask.nc,validation,0n10w,temperature,120.0,2015-11,2016-04
6,m2_continuous_gap_v1_gap6_seed20260811,m2_gap6_mask.nc,validation,0n10w,temperature,20.0,2015-01,2015-06
6,m2_continuous_gap_v1_gap6_seed20260811,m2_gap6_mask.nc,validation,0n10w,temperature,40.0,2016-12,2017-05
6,m2_continuous_gap_v1_gap6_seed20260811,m2_gap6_mask.nc,validation,0n23w,salinity,1.0,2016-06,2016-11
6,m2_continuous_gap_v1_gap6_seed20260811,m2_gap6_mask.nc,validation,0n23w,salinity,120.0,2015-09,2016-02
6,m2_continuous_gap_v1_gap6_seed20260811,m2_gap6_mask.nc,validation,0n23w,salinity,20.0,2017-06,2017-11
6,m2_continuous_gap_v1_gap6_seed20260811,m2_gap6_mask.nc,validation,0n23w,salinity,40.0,2015-12,2016-05
6,m2_continuous_gap_v1_gap6_seed20260811,m2_gap6_mask.nc,validation,0n23w,temperature,1.0,2018-01,2018-06
6,m2_continuous_gap_v1_gap6_seed20260811,m2_gap6_mask.nc,validation,0n23w,temperature,120.0,2018-06,2018-11
6,m2_continuous_gap_v1_gap6_seed20260811,m2_gap6_mask.nc,validation,0n23w,temperature,20.0,2016-01,2016-06
6,m2_continuous_gap_v1_gap6_seed20260811,m2_gap6_mask.nc,validation,0n23w,temperature,40.0,2015-08,2016-01
6,m2_continuous_gap_v1_gap6_seed20260811,m2_gap6_mask.nc,validation,0n35w,salinity,1.0,2015-12,2016-05
6,m2_continuous_gap_v1_gap6_seed20260811,m2_gap6_mask.nc,validation,0n35w,salinity,120.0,2018-04,2018-09
6,m2_continuous_gap_v1_gap6_seed20260811,m2_gap6_mask.nc,validation,0n35w,salinity,20.0,2016-01,2016-06
6,m2_continuous_gap_v1_gap6_seed20260811,m2_gap6_mask.nc,validation,0n35w,salinity,40.0,2017-02,2017-07
6,m2_continuous_gap_v1_gap6_seed20260811,m2_gap6_mask.nc,validation,0n35w,temperature,1.0,2017-09,2018-02
6,m2_continuous_gap_v1_gap6_seed20260811,m2_gap6_mask.nc,validation,0n35w,temperature,120.0,2016-05,2016-10
6,m2_continuous_gap_v1_gap6_seed20260811,m2_gap6_mask.nc,validation,0n35w,temperature,20.0,2018-02,2018-07
6,m2_continuous_gap_v1_gap6_seed20260811,m2_gap6_mask.nc,validation,0n35w,temperature,40.0,2017-02,2017-07
6,m2_continuous_gap_v1_gap6_seed20260811,m2_gap6_mask.nc,validation,10s10w,salinity,1.0,2015-07,2015-12
6,m2_continuous_gap_v1_gap6_seed20260811,m2_gap6_mask.nc,validation,10s10w,salinity,120.0,2016-01,2016-06
6,m2_continuous_gap_v1_gap6_seed20260811,m2_gap6_mask.nc,validation,10s10w,salinity,20.0,2016-09,2017-02
6,m2_continuous_gap_v1_gap6_seed20260811,m2_gap6_mask.nc,validation,10s10w,salinity,40.0,2017-11,2018-04
6,m2_continuous_gap_v1_gap6_seed20260811,m2_gap6_mask.nc,validation,10s10w,temperature,1.0,2015-10,2016-03
6,m2_continuous_gap_v1_gap6_seed20260811,m2_gap6_mask.nc,validation,10s10w,temperature,120.0,2018-04,2018-09
6,m2_continuous_gap_v1_gap6_seed20260811,m2_gap6_mask.nc,validation,10s10w,temperature,20.0,2015-06,2015-11
6,m2_continuous_gap_v1_gap6_seed20260811,m2_gap6_mask.nc,validation,10s10w,temperature,40.0,2016-08,2017-01
6,m2_continuous_gap_v1_gap6_seed20260811,m2_gap6_mask.nc,validation,12n23w,salinity,1.0,2015-06,2015-11
6,m2_continuous_gap_v1_gap6_seed20260811,m2_gap6_mask.nc,validation,12n23w,salinity,120.0,2016-07,2016-12
6,m2_continuous_gap_v1_gap6_seed20260811,m2_gap6_mask.nc,validation,12n23w,salinity,20.0,2015-04,2015-09
6,m2_continuous_gap_v1_gap6_seed20260811,m2_gap6_mask.nc,validation,12n23w,salinity,40.0,2017-07,2017-12
6,m2_continuous_gap_v1_gap6_seed20260811,m2_gap6_mask.nc,validation,12n23w,temperature,1.0,2015-12,2016-05
6,m2_continuous_gap_v1_gap6_seed20260811,m2_gap6_mask.nc,validation,12n23w,temperature,120.0,2015-08,2016-01
6,m2_continuous_gap_v1_gap6_seed20260811,m2_gap6_mask.nc,validation,12n23w,temperature,20.0,2018-04,2018-09
6,m2_continuous_gap_v1_gap6_seed20260811,m2_gap6_mask.nc,validation,12n23w,temperature,40.0,2015-09,2016-02
6,m2_continuous_gap_v1_gap6_seed20260811,m2_gap6_mask.nc,validation,12n38w,salinity,1.0,2018-02,2018-07
6,m2_continuous_gap_v1_gap6_seed20260811,m2_gap6_mask.nc,validation,12n38w,salinity,120.0,2018-02,2018-07
6,m2_continuous_gap_v1_gap6_seed20260811,m2_gap6_mask.nc,validation,12n38w,salinity,20.0,2018-01,2018-06
6,m2_continuous_gap_v1_gap6_seed20260811,m2_gap6_mask.nc,validation,12n38w,salinity,40.0,2015-01,2015-06
6,m2_continuous_gap_v1_gap6_seed20260811,m2_gap6_mask.nc,validation,12n38w,temperature,1.0,2018-07,2018-12
6,m2_continuous_gap_v1_gap6_seed20260811,m2_gap6_mask.nc,validation,12n38w,temperature,120.0,2016-09,2017-02
6,m2_continuous_gap_v1_gap6_seed20260811,m2_gap6_mask.nc,validation,12n38w,temperature,20.0,2018-03,2018-08
6,m2_continuous_gap_v1_gap6_seed20260811,m2_gap6_mask.nc,validation,12n38w,temperature,40.0,2015-09,2016-02
6,m2_continuous_gap_v1_gap6_seed20260811,m2_gap6_mask.nc,validation,14s32w,salinity,1.0,2015-07,2015-12
6,m2_continuous_gap_v1_gap6_seed20260811,m2_gap6_mask.nc,validation,14s32w,salinity,120.0,2015-01,2015-06
6,m2_continuous_gap_v1_gap6_seed20260811,m2_gap6_mask.nc,validation,14s32w,salinity,20.0,2018-02,2018-07
6,m2_continuous_gap_v1_gap6_seed20260811,m2_gap6_mask.nc,validation,14s32w,salinity,40.0,2018-06,2018-11
6,m2_continuous_gap_v1_gap6_seed20260811,m2_gap6_mask.nc,validation,14s32w,temperature,1.0,2016-10,2017-03
6,m2_continuous_gap_v1_gap6_seed20260811,m2_gap6_mask.nc,validation,14s32w,temperature,120.0,2015-12,2016-05
6,m2_continuous_gap_v1_gap6_seed20260811,m2_gap6_mask.nc,validation,14s32w,temperature,20.0,2018-07,2018-12
6,m2_continuous_gap_v1_gap6_seed20260811,m2_gap6_mask.nc,validation,14s32w,temperature,40.0,2015-06,2015-11
6,m2_continuous_gap_v1_gap6_seed20260811,m2_gap6_mask.nc,validation,15n38w,salinity,1.0,2018-04,2018-09
6,m2_continuous_gap_v1_gap6_seed20260811,m2_gap6_mask.nc,validation,15n38w,salinity,120.0,2016-10,2017-03
6,m2_continuous_gap_v1_gap6_seed20260811,m2_gap6_mask.nc,validation,15n38w,salinity,20.0,2018-07,2018-12
6,m2_continuous_gap_v1_gap6_seed20260811,m2_gap6_mask.nc,validation,15n38w,salinity,40.0,2017-01,2017-06
6,m2_continuous_gap_v1_gap6_seed20260811,m2_gap6_mask.nc,validation,15n38w,temperature,1.0,2018-06,2018-11
6,m2_continuous_gap_v1_gap6_seed20260811,m2_gap6_mask.nc,validation,15n38w,temperature,120.0,2018-01,2018-06
6,m2_continuous_gap_v1_gap6_seed20260811,m2_gap6_mask.nc,validation,15n38w,temperature,20.0,2016-11,2017-04
6,m2_continuous_gap_v1_gap6_seed20260811,m2_gap6_mask.nc,validation,15n38w,temperature,40.0,2016-08,2017-01
6,m2_continuous_gap_v1_gap6_seed20260811,m2_gap6_mask.nc,validation,19s34w,temperature,1.0,2015-04,2015-09
6,m2_continuous_gap_v1_gap6_seed20260811,m2_gap6_mask.nc,validation,19s34w,temperature,120.0,2018-05,2018-10
6,m2_continuous_gap_v1_gap6_seed20260811,m2_gap6_mask.nc,validation,19s34w,temperature,20.0,2018-04,2018-09
6,m2_continuous_gap_v1_gap6_seed20260811,m2_gap6_mask.nc,validation,19s34w,temperature,40.0,2018-06,2018-11
6,m2_continuous_gap_v1_gap6_seed20260811,m2_gap6_mask.nc,validation,20n38w,salinity,1.0,2015-02,2015-07
6,m2_continuous_gap_v1_gap6_seed20260811,m2_gap6_mask.nc,validation,20n38w,salinity,120.0,2015-04,2015-09
6,m2_continuous_gap_v1_gap6_seed20260811,m2_gap6_mask.nc,validation,20n38w,salinity,20.0,2018-05,2018-10
6,m2_continuous_gap_v1_gap6_seed20260811,m2_gap6_mask.nc,validation,20n38w,salinity,40.0,2015-12,2016-05
6,m2_continuous_gap_v1_gap6_seed20260811,m2_gap6_mask.nc,validation,20n38w,temperature,1.0,2017-12,2018-05
6,m2_continuous_gap_v1_gap6_seed20260811,m2_gap6_mask.nc,validation,20n38w,temperature,120.0,2017-10,2018-03
6,m2_continuous_gap_v1_gap6_seed20260811,m2_gap6_mask.nc,validation,20n38w,temperature,20.0,2017-10,2018-03
6,m2_continuous_gap_v1_gap6_seed20260811,m2_gap6_mask.nc,validation,20n38w,temperature,40.0,2015-06,2015-11
6,m2_continuous_gap_v1_gap6_seed20260811,m2_gap6_mask.nc,validation,21n23w,temperature,1.0,2015-12,2016-05
6,m2_continuous_gap_v1_gap6_seed20260811,m2_gap6_mask.nc,validation,21n23w,temperature,120.0,2017-04,2017-09
6,m2_continuous_gap_v1_gap6_seed20260811,m2_gap6_mask.nc,validation,21n23w,temperature,20.0,2016-04,2016-09
6,m2_continuous_gap_v1_gap6_seed20260811,m2_gap6_mask.nc,validation,21n23w,temperature,40.0,2017-12,2018-05
6,m2_continuous_gap_v1_gap6_seed20260811,m2_gap6_mask.nc,validation,4n23w,salinity,1.0,2017-04,2017-09
6,m2_continuous_gap_v1_gap6_seed20260811,m2_gap6_mask.nc,validation,4n23w,salinity,120.0,2016-05,2016-10
6,m2_continuous_gap_v1_gap6_seed20260811,m2_gap6_mask.nc,validation,4n23w,salinity,20.0,2018-01,2018-06
6,m2_continuous_gap_v1_gap6_seed20260811,m2_gap6_mask.nc,validation,4n23w,salinity,40.0,2015-12,2016-05
6,m2_continuous_gap_v1_gap6_seed20260811,m2_gap6_mask.nc,validation,4n23w,temperature,1.0,2018-05,2018-10
6,m2_continuous_gap_v1_gap6_seed20260811,m2_gap6_mask.nc,validation,4n23w,temperature,120.0,2018-02,2018-07
6,m2_continuous_gap_v1_gap6_seed20260811,m2_gap6_mask.nc,validation,4n23w,temperature,20.0,2016-10,2017-03
6,m2_continuous_gap_v1_gap6_seed20260811,m2_gap6_mask.nc,validation,4n23w,temperature,40.0,2016-12,2017-05
6,m2_continuous_gap_v1_gap6_seed20260811,m2_gap6_mask.nc,validation,4n38w,salinity,1.0,2016-01,2016-06
6,m2_continuous_gap_v1_gap6_seed20260811,m2_gap6_mask.nc,validation,4n38w,salinity,120.0,2016-01,2016-06
6,m2_continuous_gap_v1_gap6_seed20260811,m2_gap6_mask.nc,validation,4n38w,salinity,40.0,2016-01,2016-06
6,m2_continuous_gap_v1_gap6_seed20260811,m2_gap6_mask.nc,validation,4n38w,temperature,1.0,2015-12,2016-05
6,m2_continuous_gap_v1_gap6_seed20260811,m2_gap6_mask.nc,validation,4n38w,temperature,120.0,2015-05,2015-10
6,m2_continuous_gap_v1_gap6_seed20260811,m2_gap6_mask.nc,validation,4n38w,temperature,20.0,2015-05,2015-10
6,m2_continuous_gap_v1_gap6_seed20260811,m2_gap6_mask.nc,validation,4n38w,temperature,40.0,2015-03,2015-08
6,m2_continuous_gap_v1_gap6_seed20260811,m2_gap6_mask.nc,validation,6s10w,salinity,1.0,2018-03,2018-08
6,m2_continuous_gap_v1_gap6_seed20260811,m2_gap6_mask.nc,validation,6s10w,salinity,120.0,2016-06,2016-11
6,m2_continuous_gap_v1_gap6_seed20260811,m2_gap6_mask.nc,validation,6s10w,salinity,20.0,2017-04,2017-09
6,m2_continuous_gap_v1_gap6_seed20260811,m2_gap6_mask.nc,validation,6s10w,salinity,40.0,2016-02,2016-07
6,m2_continuous_gap_v1_gap6_seed20260811,m2_gap6_mask.nc,validation,6s10w,temperature,1.0,2018-03,2018-08
6,m2_continuous_gap_v1_gap6_seed20260811,m2_gap6_mask.nc,validation,6s10w,temperature,120.0,2015-04,2015-09
6,m2_continuous_gap_v1_gap6_seed20260811,m2_gap6_mask.nc,validation,6s10w,temperature,20.0,2017-04,2017-09
6,m2_continuous_gap_v1_gap6_seed20260811,m2_gap6_mask.nc,validation,6s10w,temperature,40.0,2017-11,2018-04
6,m2_continuous_gap_v1_gap6_seed20260811,m2_gap6_mask.nc,validation,8n38w,salinity,1.0,2018-05,2018-10
6,m2_continuous_gap_v1_gap6_seed20260811,m2_gap6_mask.nc,validation,8n38w,salinity,120.0,2015-08,2016-01
6,m2_continuous_gap_v1_gap6_seed20260811,m2_gap6_mask.nc,validation,8n38w,salinity,20.0,2015-02,2015-07
6,m2_continuous_gap_v1_gap6_seed20260811,m2_gap6_mask.nc,validation,8n38w,salinity,40.0,2018-07,2018-12
6,m2_continuous_gap_v1_gap6_seed20260811,m2_gap6_mask.nc,validation,8n38w,temperature,1.0,2015-08,2016-01
6,m2_continuous_gap_v1_gap6_seed20260811,m2_gap6_mask.nc,validation,8n38w,temperature,120.0,2015-07,2015-12
6,m2_continuous_gap_v1_gap6_seed20260811,m2_gap6_mask.nc,validation,8n38w,temperature,20.0,2018-05,2018-10
6,m2_continuous_gap_v1_gap6_seed20260811,m2_gap6_mask.nc,validation,8n38w,temperature,40.0,2015-02,2015-07
6,m2_continuous_gap_v1_gap6_seed20260811,m2_gap6_mask.nc,validation,8s30w,salinity,1.0,2018-02,2018-07
6,m2_continuous_gap_v1_gap6_seed20260811,m2_gap6_mask.nc,validation,8s30w,salinity,120.0,2017-12,2018-05
6,m2_continuous_gap_v1_gap6_seed20260811,m2_gap6_mask.nc,validation,8s30w,salinity,20.0,2015-01,2015-06
6,m2_continuous_gap_v1_gap6_seed20260811,m2_gap6_mask.nc,validation,8s30w,salinity,40.0,2018-03,2018-08
6,m2_continuous_gap_v1_gap6_seed20260811,m2_gap6_mask.nc,validation,8s30w,temperature,1.0,2015-02,2015-07
6,m2_continuous_gap_v1_gap6_seed20260811,m2_gap6_mask.nc,validation,8s30w,temperature,120.0,2015-01,2015-06
6,m2_continuous_gap_v1_gap6_seed20260811,m2_gap6_mask.nc,validation,8s30w,temperature,20.0,2018-07,2018-12
6,m2_continuous_gap_v1_gap6_seed20260811,m2_gap6_mask.nc,validation,8s30w,temperature,40.0,2018-02,2018-07
12,m2_continuous_gap_v1_gap12_seed20260811,m2_gap12_mask.nc,test,0n0e,salinity,1.0,2020-03,2021-02
12,m2_continuous_gap_v1_gap12_seed20260811,m2_gap12_mask.nc,test,0n0e,salinity,120.0,2020-02,2021-01
12,m2_continuous_gap_v1_gap12_seed20260811,m2_gap12_mask.nc,test,0n0e,salinity,20.0,2020-03,2021-02
12,m2_continuous_gap_v1_gap12_seed20260811,m2_gap12_mask.nc,test,0n0e,salinity,40.0,2019-01,2019-12
12,m2_continuous_gap_v1_gap12_seed20260811,m2_gap12_mask.nc,test,0n0e,temperature,1.0,2019-10,2020-09
12,m2_continuous_gap_v1_gap12_seed20260811,m2_gap12_mask.nc,test,0n0e,temperature,120.0,2019-08,2020-07
12,m2_continuous_gap_v1_gap12_seed20260811,m2_gap12_mask.nc,test,0n0e,temperature,20.0,2020-03,2021-02
12,m2_continuous_gap_v1_gap12_seed20260811,m2_gap12_mask.nc,test,0n0e,temperature,40.0,2019-01,2019-12
12,m2_continuous_gap_v1_gap12_seed20260811,m2_gap12_mask.nc,test,0n10w,salinity,1.0,2021-05,2022-04
12,m2_continuous_gap_v1_gap12_seed20260811,m2_gap12_mask.nc,test,0n10w,salinity,120.0,2020-07,2021-06
12,m2_continuous_gap_v1_gap12_seed20260811,m2_gap12_mask.nc,test,0n10w,salinity,20.0,2022-10,2023-09
12,m2_continuous_gap_v1_gap12_seed20260811,m2_gap12_mask.nc,test,0n10w,salinity,40.0,2019-05,2020-04
12,m2_continuous_gap_v1_gap12_seed20260811,m2_gap12_mask.nc,test,0n10w,temperature,1.0,2020-11,2021-10
12,m2_continuous_gap_v1_gap12_seed20260811,m2_gap12_mask.nc,test,0n10w,temperature,120.0,2019-12,2020-11
12,m2_continuous_gap_v1_gap12_seed20260811,m2_gap12_mask.nc,test,0n10w,temperature,20.0,2023-08,2024-07
12,m2_continuous_gap_v1_gap12_seed20260811,m2_gap12_mask.nc,test,0n10w,temperature,40.0,2019-08,2020-07
12,m2_continuous_gap_v1_gap12_seed20260811,m2_gap12_mask.nc,test,0n23w,salinity,120.0,2021-12,2022-11
12,m2_continuous_gap_v1_gap12_seed20260811,m2_gap12_mask.nc,test,0n23w,salinity,20.0,2022-04,2023-03
12,m2_continuous_gap_v1_gap12_seed20260811,m2_gap12_mask.nc,test,0n23w,salinity,40.0,2022-04,2023-03
12,m2_continuous_gap_v1_gap12_seed20260811,m2_gap12_mask.nc,test,0n23w,temperature,120.0,2022-07,2023-06
12,m2_continuous_gap_v1_gap12_seed20260811,m2_gap12_mask.nc,test,0n23w,temperature,20.0,2022-06,2023-05
12,m2_continuous_gap_v1_gap12_seed20260811,m2_gap12_mask.nc,test,0n23w,temperature,40.0,2022-02,2023-01
12,m2_continuous_gap_v1_gap12_seed20260811,m2_gap12_mask.nc,test,0n35w,salinity,120.0,2022-12,2023-11
12,m2_continuous_gap_v1_gap12_seed20260811,m2_gap12_mask.nc,test,0n35w,salinity,40.0,2022-07,2023-06
12,m2_continuous_gap_v1_gap12_seed20260811,m2_gap12_mask.nc,test,0n35w,temperature,120.0,2022-09,2023-08
12,m2_continuous_gap_v1_gap12_seed20260811,m2_gap12_mask.nc,test,0n35w,temperature,40.0,2022-07,2023-06
12,m2_continuous_gap_v1_gap12_seed20260811,m2_gap12_mask.nc,test,0n3w,salinity,1.0,2021-06,2022-05
12,m2_continuous_gap_v1_gap12_seed20260811,m2_gap12_mask.nc,test,0n3w,salinity,120.0,2023-04,2024-03
12,m2_continuous_gap_v1_gap12_seed20260811,m2_gap12_mask.nc,test,0n3w,salinity,20.0,2023-08,2024-07
12,m2_continuous_gap_v1_gap12_seed20260811,m2_gap12_mask.nc,test,0n3w,salinity,40.0,2023-07,2024-06
12,m2_continuous_gap_v1_gap12_seed20260811,m2_gap12_mask.nc,test,0n3w,temperature,1.0,2021-07,2022-06
12,m2_continuous_gap_v1_gap12_seed20260811,m2_gap12_mask.nc,test,0n3w,temperature,120.0,2023-04,2024-03
12,m2_continuous_gap_v1_gap12_seed20260811,m2_gap12_mask.nc,test,0n3w,temperature,20.0,2023-05,2024-04
12,m2_continuous_gap_v1_gap12_seed20260811,m2_gap12_mask.nc,test,0n3w,temperature,40.0,2021-04,2022-03
12,m2_continuous_gap_v1_gap12_seed20260811,m2_gap12_mask.nc,test,10s10w,salinity,1.0,2020-03,2021-02
12,m2_continuous_gap_v1_gap12_seed20260811,m2_gap12_mask.nc,test,10s10w,salinity,120.0,2022-09,2023-08
12,m2_continuous_gap_v1_gap12_seed20260811,m2_gap12_mask.nc,test,10s10w,salinity,20.0,2022-03,2023-02
12,m2_continuous_gap_v1_gap12_seed20260811,m2_gap12_mask.nc,test,10s10w,salinity,40.0,2022-07,2023-06
12,m2_continuous_gap_v1_gap12_seed20260811,m2_gap12_mask.nc,test,10s10w,temperature,1.0,2023-07,2024-06
12,m2_continuous_gap_v1_gap12_seed20260811,m2_gap12_mask.nc,test,10s10w,temperature,120.0,2019-09,2020-08
12,m2_continuous_gap_v1_gap12_seed20260811,m2_gap12_mask.nc,test,10s10w,temperature,20.0,2023-04,2024-03
12,m2_continuous_gap_v1_gap12_seed20260811,m2_gap12_mask.nc,test,10s10w,temperature,40.0,2022-12,2023-11
12,m2_continuous_gap_v1_gap12_seed20260811,m2_gap12_mask.nc,test,12n23w,salinity,120.0,2021-02,2022-01
12,m2_continuous_gap_v1_gap12_seed20260811,m2_gap12_mask.nc,test,12n23w,salinity,20.0,2022-07,2023-06
12,m2_continuous_gap_v1_gap12_seed20260811,m2_gap12_mask.nc,test,12n23w,salinity,40.0,2020-04,2021-03
12,m2_continuous_gap_v1_gap12_seed20260811,m2_gap12_mask.nc,test,12n23w,temperature,120.0,2022-08,2023-07
12,m2_continuous_gap_v1_gap12_seed20260811,m2_gap12_mask.nc,test,12n23w,temperature,20.0,2020-08,2021-07
12,m2_continuous_gap_v1_gap12_seed20260811,m2_gap12_mask.nc,test,12n23w,temperature,40.0,2022-06,2023-05
12,m2_continuous_gap_v1_gap12_seed20260811,m2_gap12_mask.nc,test,12n38w,salinity,120.0,2019-08,2020-07
12,m2_continuous_gap_v1_gap12_seed20260811,m2_gap12_mask.nc,test,12n38w,salinity,40.0,2019-07,2020-06
12,m2_continuous_gap_v1_gap12_seed20260811,m2_gap12_mask.nc,test,12n38w,temperature,120.0,2023-02,2024-01
12,m2_continuous_gap_v1_gap12_seed20260811,m2_gap12_mask.nc,test,12n38w,temperature,20.0,2019-02,2020-01
12,m2_continuous_gap_v1_gap12_seed20260811,m2_gap12_mask.nc,test,12n38w,temperature,40.0,2022-07,2023-06
12,m2_continuous_gap_v1_gap12_seed20260811,m2_gap12_mask.nc,test,14s32w,salinity,1.0,2019-01,2019-12
12,m2_continuous_gap_v1_gap12_seed20260811,m2_gap12_mask.nc,test,14s32w,salinity,120.0,2022-09,2023-08
12,m2_continuous_gap_v1_gap12_seed20260811,m2_gap12_mask.nc,test,14s32w,salinity,20.0,2019-02,2020-01
12,m2_continuous_gap_v1_gap12_seed20260811,m2_gap12_mask.nc,test,14s32w,salinity,40.0,2019-07,2020-06
12,m2_continuous_gap_v1_gap12_seed20260811,m2_gap12_mask.nc,test,14s32w,temperature,1.0,2019-01,2019-12
12,m2_continuous_gap_v1_gap12_seed20260811,m2_gap12_mask.nc,test,14s32w,temperature,120.0,2019-01,2019-12
12,m2_continuous_gap_v1_gap12_seed20260811,m2_gap12_mask.nc,test,14s32w,temperature,20.0,2022-09,2023-08
12,m2_continuous_gap_v1_gap12_seed20260811,m2_gap12_mask.nc,test,14s32w,temperature,40.0,2019-02,2020-01
12,m2_continuous_gap_v1_gap12_seed20260811,m2_gap12_mask.nc,test,15n38w,salinity,1.0,2022-07,2023-06
12,m2_continuous_gap_v1_gap12_seed20260811,m2_gap12_mask.nc,test,15n38w,salinity,120.0,2022-02,2023-01
12,m2_continuous_gap_v1_gap12_seed20260811,m2_gap12_mask.nc,test,15n38w,salinity,20.0,2022-05,2023-04
12,m2_continuous_gap_v1_gap12_seed20260811,m2_gap12_mask.nc,test,15n38w,salinity,40.0,2022-03,2023-02
12,m2_continuous_gap_v1_gap12_seed20260811,m2_gap12_mask.nc,test,15n38w,temperature,1.0,2022-07,2023-06
12,m2_continuous_gap_v1_gap12_seed20260811,m2_gap12_mask.nc,test,15n38w,temperature,120.0,2022-12,2023-11
12,m2_continuous_gap_v1_gap12_seed20260811,m2_gap12_mask.nc,test,15n38w,temperature,20.0,2022-05,2023-04
12,m2_continuous_gap_v1_gap12_seed20260811,m2_gap12_mask.nc,test,15n38w,temperature,40.0,2019-02,2020-01
12,m2_continuous_gap_v1_gap12_seed20260811,m2_gap12_mask.nc,test,19s34w,temperature,1.0,2022-10,2023-09
12,m2_continuous_gap_v1_gap12_seed20260811,m2_gap12_mask.nc,test,19s34w,temperature,120.0,2019-03,2020-02
12,m2_continuous_gap_v1_gap12_seed20260811,m2_gap12_mask.nc,test,19s34w,temperature,20.0,2023-05,2024-04
12,m2_continuous_gap_v1_gap12_seed20260811,m2_gap12_mask.nc,test,19s34w,temperature,40.0,2023-07,2024-06
12,m2_continuous_gap_v1_gap12_seed20260811,m2_gap12_mask.nc,test,20n38w,salinity,1.0,2019-04,2020-03
12,m2_continuous_gap_v1_gap12_seed20260811,m2_gap12_mask.nc,test,20n38w,salinity,120.0,2021-03,2022-02
12,m2_continuous_gap_v1_gap12_seed20260811,m2_gap12_mask.nc,test,20n38w,salinity,20.0,2021-10,2022-09
12,m2_continuous_gap_v1_gap12_seed20260811,m2_gap12_mask.nc,test,20n38w,temperature,1.0,2019-07,2020-06
12,m2_continuous_gap_v1_gap12_seed20260811,m2_gap12_mask.nc,test,20n38w,temperature,120.0,2020-04,2021-03
12,m2_continuous_gap_v1_gap12_seed20260811,m2_gap12_mask.nc,test,20n38w,temperature,20.0,2022-02,2023-01
12,m2_continuous_gap_v1_gap12_seed20260811,m2_gap12_mask.nc,test,20n38w,temperature,40.0,2020-08,2021-07
12,m2_continuous_gap_v1_gap12_seed20260811,m2_gap12_mask.nc,test,20s10w,salinity,1.0,2023-07,2024-06
12,m2_continuous_gap_v1_gap12_seed20260811,m2_gap12_mask.nc,test,20s10w,salinity,20.0,2023-02,2024-01
12,m2_continuous_gap_v1_gap12_seed20260811,m2_gap12_mask.nc,test,20s10w,salinity,40.0,2023-05,2024-04
12,m2_continuous_gap_v1_gap12_seed20260811,m2_gap12_mask.nc,test,20s10w,temperature,1.0,2023-05,2024-04
12,m2_continuous_gap_v1_gap12_seed20260811,m2_gap12_mask.nc,test,20s10w,temperature,120.0,2020-04,2021-03
12,m2_continuous_gap_v1_gap12_seed20260811,m2_gap12_mask.nc,test,20s10w,temperature,20.0,2022-08,2023-07
12,m2_continuous_gap_v1_gap12_seed20260811,m2_gap12_mask.nc,test,20s10w,temperature,40.0,2023-02,2024-01
12,m2_continuous_gap_v1_gap12_seed20260811,m2_gap12_mask.nc,test,21n23w,temperature,1.0,2021-07,2022-06
12,m2_continuous_gap_v1_gap12_seed20260811,m2_gap12_mask.nc,test,21n23w,temperature,120.0,2022-11,2023-10
12,m2_continuous_gap_v1_gap12_seed20260811,m2_gap12_mask.nc,test,21n23w,temperature,20.0,2023-07,2024-06
12,m2_continuous_gap_v1_gap12_seed20260811,m2_gap12_mask.nc,test,21n23w,temperature,40.0,2022-10,2023-09
12,m2_continuous_gap_v1_gap12_seed20260811,m2_gap12_mask.nc,test,4n23w,salinity,1.0,2021-12,2022-11
12,m2_continuous_gap_v1_gap12_seed20260811,m2_gap12_mask.nc,test,4n23w,salinity,120.0,2021-05,2022-04
12,m2_continuous_gap_v1_gap12_seed20260811,m2_gap12_mask.nc,test,4n23w,salinity,20.0,2019-11,2020-10
12,m2_continuous_gap_v1_gap12_seed20260811,m2_gap12_mask.nc,test,4n23w,salinity,40.0,2020-11,2021-10
12,m2_continuous_gap_v1_gap12_seed20260811,m2_gap12_mask.nc,test,4n23w,temperature,1.0,2022-02,2023-01
12,m2_continuous_gap_v1_gap12_seed20260811,m2_gap12_mask.nc,test,4n23w,temperature,120.0,2020-01,2020-12
12,m2_continuous_gap_v1_gap12_seed20260811,m2_gap12_mask.nc,test,4n23w,temperature,20.0,2019-06,2020-05
12,m2_continuous_gap_v1_gap12_seed20260811,m2_gap12_mask.nc,test,4n23w,temperature,40.0,2022-03,2023-02
12,m2_continuous_gap_v1_gap12_seed20260811,m2_gap12_mask.nc,test,6s10w,salinity,1.0,2022-04,2023-03
12,m2_continuous_gap_v1_gap12_seed20260811,m2_gap12_mask.nc,test,6s10w,salinity,120.0,2019-09,2020-08
12,m2_continuous_gap_v1_gap12_seed20260811,m2_gap12_mask.nc,test,6s10w,salinity,20.0,2020-06,2021-05
12,m2_continuous_gap_v1_gap12_seed20260811,m2_gap12_mask.nc,test,6s10w,salinity,40.0,2023-03,2024-02
12,m2_continuous_gap_v1_gap12_seed20260811,m2_gap12_mask.nc,test,6s10w,temperature,1.0,2023-03,2024-02
12,m2_continuous_gap_v1_gap12_seed20260811,m2_gap12_mask.nc,test,6s10w,temperature,120.0,2020-06,2021-05
12,m2_continuous_gap_v1_gap12_seed20260811,m2_gap12_mask.nc,test,6s10w,temperature,20.0,2023-08,2024-07
12,m2_continuous_gap_v1_gap12_seed20260811,m2_gap12_mask.nc,test,6s10w,temperature,40.0,2022-02,2023-01
12,m2_continuous_gap_v1_gap12_seed20260811,m2_gap12_mask.nc,test,8n38w,salinity,120.0,2022-08,2023-07
12,m2_continuous_gap_v1_gap12_seed20260811,m2_gap12_mask.nc,test,8n38w,salinity,20.0,2022-07,2023-06
12,m2_continuous_gap_v1_gap12_seed20260811,m2_gap12_mask.nc,test,8n38w,salinity,40.0,2022-08,2023-07
12,m2_continuous_gap_v1_gap12_seed20260811,m2_gap12_mask.nc,test,8n38w,temperature,120.0,2022-08,2023-07
12,m2_continuous_gap_v1_gap12_seed20260811,m2_gap12_mask.nc,test,8n38w,temperature,20.0,2022-08,2023-07
12,m2_continuous_gap_v1_gap12_seed20260811,m2_gap12_mask.nc,test,8n38w,temperature,40.0,2022-07,2023-06
12,m2_continuous_gap_v1_gap12_seed20260811,m2_gap12_mask.nc,test,8s30w,salinity,120.0,2019-04,2020-03
12,m2_continuous_gap_v1_gap12_seed20260811,m2_gap12_mask.nc,test,8s30w,salinity,20.0,2019-04,2020-03
12,m2_continuous_gap_v1_gap12_seed20260811,m2_gap12_mask.nc,test,8s30w,salinity,40.0,2019-08,2020-07
12,m2_continuous_gap_v1_gap12_seed20260811,m2_gap12_mask.nc,test,8s30w,temperature,1.0,2019-02,2020-01
12,m2_continuous_gap_v1_gap12_seed20260811,m2_gap12_mask.nc,test,8s30w,temperature,120.0,2019-09,2020-08
12,m2_continuous_gap_v1_gap12_seed20260811,m2_gap12_mask.nc,test,8s30w,temperature,20.0,2019-05,2020-04
12,m2_continuous_gap_v1_gap12_seed20260811,m2_gap12_mask.nc,test,8s30w,temperature,40.0,2019-06,2020-05
12,m2_continuous_gap_v1_gap12_seed20260811,m2_gap12_mask.nc,train,0n0e,salinity,1.0,2012-06,2013-05
12,m2_continuous_gap_v1_gap12_seed20260811,m2_gap12_mask.nc,train,0n0e,salinity,120.0,2012-08,2013-07
12,m2_continuous_gap_v1_gap12_seed20260811,m2_gap12_mask.nc,train,0n0e,salinity,20.0,2012-07,2013-06
12,m2_continuous_gap_v1_gap12_seed20260811,m2_gap12_mask.nc,train,0n0e,salinity,40.0,2012-07,2013-06
12,m2_continuous_gap_v1_gap12_seed20260811,m2_gap12_mask.nc,train,0n0e,temperature,1.0,2012-06,2013-05
12,m2_continuous_gap_v1_gap12_seed20260811,m2_gap12_mask.nc,train,0n0e,temperature,120.0,2005-12,2006-11
12,m2_continuous_gap_v1_gap12_seed20260811,m2_gap12_mask.nc,train,0n0e,temperature,20.0,2011-03,2012-02
12,m2_continuous_gap_v1_gap12_seed20260811,m2_gap12_mask.nc,train,0n0e,temperature,40.0,2000-08,2001-07
12,m2_continuous_gap_v1_gap12_seed20260811,m2_gap12_mask.nc,train,0n10w,salinity,1.0,2009-05,2010-04
12,m2_continuous_gap_v1_gap12_seed20260811,m2_gap12_mask.nc,train,0n10w,salinity,120.0,2007-11,2008-10
12,m2_continuous_gap_v1_gap12_seed20260811,m2_gap12_mask.nc,train,0n10w,salinity,20.0,2009-12,2010-11
12,m2_continuous_gap_v1_gap12_seed20260811,m2_gap12_mask.nc,train,0n10w,salinity,40.0,2010-12,2011-11
12,m2_continuous_gap_v1_gap12_seed20260811,m2_gap12_mask.nc,train,0n10w,temperature,1.0,2003-04,2004-03
12,m2_continuous_gap_v1_gap12_seed20260811,m2_gap12_mask.nc,train,0n10w,temperature,120.0,2009-08,2010-07
12,m2_continuous_gap_v1_gap12_seed20260811,m2_gap12_mask.nc,train,0n10w,temperature,20.0,2008-09,2009-08
12,m2_continuous_gap_v1_gap12_seed20260811,m2_gap12_mask.nc,train,0n10w,temperature,40.0,2013-01,2013-12
12,m2_continuous_gap_v1_gap12_seed20260811,m2_gap12_mask.nc,train,0n23w,salinity,1.0,2004-03,2005-02
12,m2_continuous_gap_v1_gap12_seed20260811,m2_gap12_mask.nc,train,0n23w,salinity,120.0,2005-05,2006-04
12,m2_continuous_gap_v1_gap12_seed20260811,m2_gap12_mask.nc,train,0n23w,salinity,20.0,2004-10,2005-09
12,m2_continuous_gap_v1_gap12_seed20260811,m2_gap12_mask.nc,train,0n23w,salinity,40.0,2006-08,2007-07
12,m2_continuous_gap_v1_gap12_seed20260811,m2_gap12_mask.nc,train,0n23w,temperature,1.0,2001-04,2002-03
12,m2_continuous_gap_v1_gap12_seed20260811,m2_gap12_mask.nc,train,0n23w,temperature,120.0,2006-05,2007-04
12,m2_continuous_gap_v1_gap12_seed20260811,m2_gap12_mask.nc,train,0n23w,temperature,20.0,2010-01,2010-12
12,m2_continuous_gap_v1_gap12_seed20260811,m2_gap12_mask.nc,train,0n23w,temperature,40.0,2011-06,2012-05
12,m2_continuous_gap_v1_gap12_seed20260811,m2_gap12_mask.nc,train,0n35w,salinity,1.0,2011-03,2012-02
12,m2_continuous_gap_v1_gap12_seed20260811,m2_gap12_mask.nc,train,0n35w,salinity,120.0,2005-06,2006-05
12,m2_continuous_gap_v1_gap12_seed20260811,m2_gap12_mask.nc,train,0n35w,salinity,20.0,2009-10,2010-09
12,m2_continuous_gap_v1_gap12_seed20260811,m2_gap12_mask.nc,train,0n35w,salinity,40.0,2007-12,2008-11
12,m2_continuous_gap_v1_gap12_seed20260811,m2_gap12_mask.nc,train,0n35w,temperature,1.0,2001-09,2002-08
12,m2_continuous_gap_v1_gap12_seed20260811,m2_gap12_mask.nc,train,0n35w,temperature,120.0,2006-07,2007-06
12,m2_continuous_gap_v1_gap12_seed20260811,m2_gap12_mask.nc,train,0n35w,temperature,20.0,2000-12,2001-11
12,m2_continuous_gap_v1_gap12_seed20260811,m2_gap12_mask.nc,train,0n35w,temperature,40.0,2010-08,2011-07
12,m2_continuous_gap_v1_gap12_seed20260811,m2_gap12_mask.nc,train,10s10w,salinity,1.0,2004-07,2005-06
12,m2_continuous_gap_v1_gap12_seed20260811,m2_gap12_mask.nc,train,10s10w,salinity,120.0,2001-01,2001-12
12,m2_continuous_gap_v1_gap12_seed20260811,m2_gap12_mask.nc,train,10s10w,salinity,20.0,2003-01,2003-12
12,m2_continuous_gap_v1_gap12_seed20260811,m2_gap12_mask.nc,train,10s10w,salinity,40.0,2006-03,2007-02
12,m2_continuous_gap_v1_gap12_seed20260811,m2_gap12_mask.nc,train,10s10w,temperature,1.0,2008-12,2009-11
12,m2_continuous_gap_v1_gap12_seed20260811,m2_gap12_mask.nc,train,10s10w,temperature,120.0,2010-04,2011-03
12,m2_continuous_gap_v1_gap12_seed20260811,m2_gap12_mask.nc,train,10s10w,temperature,20.0,2001-09,2002-08
12,m2_continuous_gap_v1_gap12_seed20260811,m2_gap12_mask.nc,train,10s10w,temperature,40.0,2009-05,2010-04
12,m2_continuous_gap_v1_gap12_seed20260811,m2_gap12_mask.nc,train,12n23w,salinity,1.0,2010-05,2011-04
12,m2_continuous_gap_v1_gap12_seed20260811,m2_gap12_mask.nc,train,12n23w,salinity,120.0,2014-01,2014-12
12,m2_continuous_gap_v1_gap12_seed20260811,m2_gap12_mask.nc,train,12n23w,salinity,20.0,2013-06,2014-05
12,m2_continuous_gap_v1_gap12_seed20260811,m2_gap12_mask.nc,train,12n23w,salinity,40.0,2011-04,2012-03
12,m2_continuous_gap_v1_gap12_seed20260811,m2_gap12_mask.nc,train,12n23w,temperature,1.0,2012-02,2013-01
12,m2_continuous_gap_v1_gap12_seed20260811,m2_gap12_mask.nc,train,12n23w,temperature,120.0,2013-04,2014-03
12,m2_continuous_gap_v1_gap12_seed20260811,m2_gap12_mask.nc,train,12n23w,temperature,20.0,2013-11,2014-10
12,m2_continuous_gap_v1_gap12_seed20260811,m2_gap12_mask.nc,train,12n23w,temperature,40.0,2011-10,2012-09
12,m2_continuous_gap_v1_gap12_seed20260811,m2_gap12_mask.nc,train,12n38w,salinity,1.0,2007-01,2007-12
12,m2_continuous_gap_v1_gap12_seed20260811,m2_gap12_mask.nc,train,12n38w,salinity,120.0,2013-08,2014-07
12,m2_continuous_gap_v1_gap12_seed20260811,m2_gap12_mask.nc,train,12n38w,salinity,20.0,2003-11,2004-10
12,m2_continuous_gap_v1_gap12_seed20260811,m2_gap12_mask.nc,train,12n38w,salinity,40.0,2002-04,2003-03
12,m2_continuous_gap_v1_gap12_seed20260811,m2_gap12_mask.nc,train,12n38w,temperature,1.0,2009-01,2009-12
12,m2_continuous_gap_v1_gap12_seed20260811,m2_gap12_mask.nc,train,12n38w,temperature,120.0,2002-09,2003-08
12,m2_continuous_gap_v1_gap12_seed20260811,m2_gap12_mask.nc,train,12n38w,temperature,20.0,2008-07,2009-06
12,m2_continuous_gap_v1_gap12_seed20260811,m2_gap12_mask.nc,train,12n38w,temperature,40.0,2011-05,2012-04
12,m2_continuous_gap_v1_gap12_seed20260811,m2_gap12_mask.nc,train,14s32w,salinity,1.0,2014-01,2014-12
12,m2_continuous_gap_v1_gap12_seed20260811,m2_gap12_mask.nc,train,14s32w,salinity,120.0,2008-07,2009-06
12,m2_continuous_gap_v1_gap12_seed20260811,m2_gap12_mask.nc,train,14s32w,salinity,20.0,2006-05,2007-04
12,m2_continuous_gap_v1_gap12_seed20260811,m2_gap12_mask.nc,train,14s32w,salinity,40.0,2013-06,2014-05
12,m2_continuous_gap_v1_gap12_seed20260811,m2_gap12_mask.nc,train,14s32w,temperature,1.0,2008-05,2009-04
12,m2_continuous_gap_v1_gap12_seed20260811,m2_gap12_mask.nc,train,14s32w,temperature,120.0,2013-05,2014-04
12,m2_continuous_gap_v1_gap12_seed20260811,m2_gap12_mask.nc,train,14s32w,temperature,20.0,2011-10,2012-09
12,m2_continuous_gap_v1_gap12_seed20260811,m2_gap12_mask.nc,train,14s32w,temperature,40.0,2013-12,2014-11
12,m2_continuous_gap_v1_gap12_seed20260811,m2_gap12_mask.nc,train,15n38w,salinity,1.0,2008-11,2009-10
12,m2_continuous_gap_v1_gap12_seed20260811,m2_gap12_mask.nc,train,15n38w,salinity,120.0,2003-12,2004-11
12,m2_continuous_gap_v1_gap12_seed20260811,m2_gap12_mask.nc,train,15n38w,salinity,20.0,2005-07,2006-06
12,m2_continuous_gap_v1_gap12_seed20260811,m2_gap12_mask.nc,train,15n38w,salinity,40.0,2000-03,2001-02
12,m2_continuous_gap_v1_gap12_seed20260811,m2_gap12_mask.nc,train,15n38w,temperature,1.0,2003-01,2003-12
12,m2_continuous_gap_v1_gap12_seed20260811,m2_gap12_mask.nc,train,15n38w,temperature,120.0,2003-08,2004-07
12,m2_continuous_gap_v1_gap12_seed20260811,m2_gap12_mask.nc,train,15n38w,temperature,20.0,1999-12,2000-11
12,m2_continuous_gap_v1_gap12_seed20260811,m2_gap12_mask.nc,train,15n38w,temperature,40.0,2009-05,2010-04
12,m2_continuous_gap_v1_gap12_seed20260811,m2_gap12_mask.nc,train,19s34w,temperature,1.0,2011-07,2012-06
12,m2_continuous_gap_v1_gap12_seed20260811,m2_gap12_mask.nc,train,19s34w,temperature,120.0,2011-05,2012-04
12,m2_continuous_gap_v1_gap12_seed20260811,m2_gap12_mask.nc,train,19s34w,temperature,20.0,2007-11,2008-10
12,m2_continuous_gap_v1_gap12_seed20260811,m2_gap12_mask.nc,train,19s34w,temperature,40.0,2008-09,2009-08
12,m2_continuous_gap_v1_gap12_seed20260811,m2_gap12_mask.nc,train,20n38w,salinity,1.0,2011-05,2012-04
12,m2_continuous_gap_v1_gap12_seed20260811,m2_gap12_mask.nc,train,20n38w,salinity,120.0,2009-10,2010-09
12,m2_continuous_gap_v1_gap12_seed20260811,m2_gap12_mask.nc,train,20n38w,salinity,20.0,2009-05,2010-04
12,m2_continuous_gap_v1_gap12_seed20260811,m2_gap12_mask.nc,train,20n38w,salinity,40.0,2010-04,2011-03
12,m2_continuous_gap_v1_gap12_seed20260811,m2_gap12_mask.nc,train,20n38w,temperature,1.0,2013-09,2014-08
12,m2_continuous_gap_v1_gap12_seed20260811,m2_gap12_mask.nc,train,20n38w,temperature,120.0,2011-01,2011-12
12,m2_continuous_gap_v1_gap12_seed20260811,m2_gap12_mask.nc,train,20n38w,temperature,20.0,2009-12,2010-11
12,m2_continuous_gap_v1_gap12_seed20260811,m2_gap12_mask.nc,train,20n38w,temperature,40.0,2009-10,2010-09
12,m2_continuous_gap_v1_gap12_seed20260811,m2_gap12_mask.nc,train,21n23w,temperature,1.0,2011-02,2012-01
12,m2_continuous_gap_v1_gap12_seed20260811,m2_gap12_mask.nc,train,21n23w,temperature,120.0,2010-09,2011-08
12,m2_continuous_gap_v1_gap12_seed20260811,m2_gap12_mask.nc,train,21n23w,temperature,20.0,2010-12,2011-11
12,m2_continuous_gap_v1_gap12_seed20260811,m2_gap12_mask.nc,train,21n23w,temperature,40.0,2013-04,2014-03
12,m2_continuous_gap_v1_gap12_seed20260811,m2_gap12_mask.nc,train,4n23w,salinity,1.0,2011-01,2011-12
12,m2_continuous_gap_v1_gap12_seed20260811,m2_gap12_mask.nc,train,4n23w,salinity,120.0,2008-05,2009-04
12,m2_continuous_gap_v1_gap12_seed20260811,m2_gap12_mask.nc,train,4n23w,salinity,20.0,2012-02,2013-01
12,m2_continuous_gap_v1_gap12_seed20260811,m2_gap12_mask.nc,train,4n23w,salinity,40.0,2008-03,2009-02
12,m2_continuous_gap_v1_gap12_seed20260811,m2_gap12_mask.nc,train,4n23w,temperature,1.0,2013-01,2013-12
12,m2_continuous_gap_v1_gap12_seed20260811,m2_gap12_mask.nc,train,4n23w,temperature,120.0,2009-11,2010-10
12,m2_continuous_gap_v1_gap12_seed20260811,m2_gap12_mask.nc,train,4n23w,temperature,20.0,2012-02,2013-01
12,m2_continuous_gap_v1_gap12_seed20260811,m2_gap12_mask.nc,train,4n23w,temperature,40.0,2008-07,2009-06
12,m2_continuous_gap_v1_gap12_seed20260811,m2_gap12_mask.nc,train,4n38w,salinity,1.0,2004-01,2004-12
12,m2_continuous_gap_v1_gap12_seed20260811,m2_gap12_mask.nc,train,4n38w,salinity,120.0,2011-12,2012-11
12,m2_continuous_gap_v1_gap12_seed20260811,m2_gap12_mask.nc,train,4n38w,salinity,20.0,2009-04,2010-03
12,m2_continuous_gap_v1_gap12_seed20260811,m2_gap12_mask.nc,train,4n38w,salinity,40.0,2000-05,2001-04
12,m2_continuous_gap_v1_gap12_seed20260811,m2_gap12_mask.nc,train,4n38w,temperature,1.0,2004-08,2005-07
12,m2_continuous_gap_v1_gap12_seed20260811,m2_gap12_mask.nc,train,4n38w,temperature,120.0,2004-01,2004-12
12,m2_continuous_gap_v1_gap12_seed20260811,m2_gap12_mask.nc,train,4n38w,temperature,20.0,2005-02,2006-01
12,m2_continuous_gap_v1_gap12_seed20260811,m2_gap12_mask.nc,train,4n38w,temperature,40.0,2003-09,2004-08
12,m2_continuous_gap_v1_gap12_seed20260811,m2_gap12_mask.nc,train,5s10w,salinity,1.0,1999-02,2000-01
12,m2_continuous_gap_v1_gap12_seed20260811,m2_gap12_mask.nc,train,5s10w,temperature,1.0,1999-02,2000-01
12,m2_continuous_gap_v1_gap12_seed20260811,m2_gap12_mask.nc,train,5s10w,temperature,120.0,1999-02,2000-01
12,m2_continuous_gap_v1_gap12_seed20260811,m2_gap12_mask.nc,train,5s10w,temperature,40.0,1999-03,2000-02
12,m2_continuous_gap_v1_gap12_seed20260811,m2_gap12_mask.nc,train,6s10w,salinity,1.0,2009-07,2010-06
12,m2_continuous_gap_v1_gap12_seed20260811,m2_gap12_mask.nc,train,6s10w,salinity,120.0,2010-03,2011-02
12,m2_continuous_gap_v1_gap12_seed20260811,m2_gap12_mask.nc,train,6s10w,salinity,20.0,2003-03,2004-02
12,m2_continuous_gap_v1_gap12_seed20260811,m2_gap12_mask.nc,train,6s10w,salinity,40.0,2009-09,2010-08
12,m2_continuous_gap_v1_gap12_seed20260811,m2_gap12_mask.nc,train,6s10w,temperature,1.0,2007-12,2008-11
12,m2_continuous_gap_v1_gap12_seed20260811,m2_gap12_mask.nc,train,6s10w,temperature,120.0,2013-05,2014-04
12,m2_continuous_gap_v1_gap12_seed20260811,m2_gap12_mask.nc,train,6s10w,temperature,20.0,2001-06,2002-05
12,m2_continuous_gap_v1_gap12_seed20260811,m2_gap12_mask.nc,train,6s10w,temperature,40.0,2001-11,2002-10
12,m2_continuous_gap_v1_gap12_seed20260811,m2_gap12_mask.nc,train,8n38w,salinity,1.0,1998-06,1999-05
12,m2_continuous_gap_v1_gap12_seed20260811,m2_gap12_mask.nc,train,8n38w,salinity,120.0,2004-04,2005-03
12,m2_continuous_gap_v1_gap12_seed20260811,m2_gap12_mask.nc,train,8n38w,salinity,20.0,2008-11,2009-10
12,m2_continuous_gap_v1_gap12_seed20260811,m2_gap12_mask.nc,train,8n38w,salinity,40.0,2007-07,2008-06
12,m2_continuous_gap_v1_gap12_seed20260811,m2_gap12_mask.nc,train,8n38w,temperature,1.0,2003-05,2004-04
12,m2_continuous_gap_v1_gap12_seed20260811,m2_gap12_mask.nc,train,8n38w,temperature,120.0,2005-02,2006-01
12,m2_continuous_gap_v1_gap12_seed20260811,m2_gap12_mask.nc,train,8n38w,temperature,20.0,1998-06,1999-05
12,m2_continuous_gap_v1_gap12_seed20260811,m2_gap12_mask.nc,train,8n38w,temperature,40.0,1998-02,1999-01
12,m2_continuous_gap_v1_gap12_seed20260811,m2_gap12_mask.nc,train,8s30w,salinity,1.0,2013-08,2014-07
12,m2_continuous_gap_v1_gap12_seed20260811,m2_gap12_mask.nc,train,8s30w,salinity,120.0,2008-10,2009-09
12,m2_continuous_gap_v1_gap12_seed20260811,m2_gap12_mask.nc,train,8s30w,salinity,20.0,2011-01,2011-12
12,m2_continuous_gap_v1_gap12_seed20260811,m2_gap12_mask.nc,train,8s30w,salinity,40.0,2010-12,2011-11
12,m2_continuous_gap_v1_gap12_seed20260811,m2_gap12_mask.nc,train,8s30w,temperature,1.0,2013-06,2014-05
12,m2_continuous_gap_v1_gap12_seed20260811,m2_gap12_mask.nc,train,8s30w,temperature,120.0,2010-01,2010-12
12,m2_continuous_gap_v1_gap12_seed20260811,m2_gap12_mask.nc,train,8s30w,temperature,20.0,2011-12,2012-11
12,m2_continuous_gap_v1_gap12_seed20260811,m2_gap12_mask.nc,train,8s30w,temperature,40.0,2008-07,2009-06
12,m2_continuous_gap_v1_gap12_seed20260811,m2_gap12_mask.nc,validation,0n0e,salinity,1.0,2017-04,2018-03
12,m2_continuous_gap_v1_gap12_seed20260811,m2_gap12_mask.nc,validation,0n0e,salinity,120.0,2015-03,2016-02
12,m2_continuous_gap_v1_gap12_seed20260811,m2_gap12_mask.nc,validation,0n0e,salinity,20.0,2018-01,2018-12
12,m2_continuous_gap_v1_gap12_seed20260811,m2_gap12_mask.nc,validation,0n0e,salinity,40.0,2016-10,2017-09
12,m2_continuous_gap_v1_gap12_seed20260811,m2_gap12_mask.nc,validation,0n0e,temperature,1.0,2017-07,2018-06
12,m2_continuous_gap_v1_gap12_seed20260811,m2_gap12_mask.nc,validation,0n0e,temperature,120.0,2016-01,2016-12
12,m2_continuous_gap_v1_gap12_seed20260811,m2_gap12_mask.nc,validation,0n0e,temperature,20.0,2016-04,2017-03
12,m2_continuous_gap_v1_gap12_seed20260811,m2_gap12_mask.nc,validation,0n0e,temperature,40.0,2016-04,2017-03
12,m2_continuous_gap_v1_gap12_seed20260811,m2_gap12_mask.nc,validation,0n10w,salinity,1.0,2015-11,2016-10
12,m2_continuous_gap_v1_gap12_seed20260811,m2_gap12_mask.nc,validation,0n10w,salinity,120.0,2015-07,2016-06
12,m2_continuous_gap_v1_gap12_seed20260811,m2_gap12_mask.nc,validation,0n10w,salinity,20.0,2016-06,2017-05
12,m2_continuous_gap_v1_gap12_seed20260811,m2_gap12_mask.nc,validation,0n10w,salinity,40.0,2015-02,2016-01
12,m2_continuous_gap_v1_gap12_seed20260811,m2_gap12_mask.nc,validation,0n10w,temperature,1.0,2015-09,2016-08
12,m2_continuous_gap_v1_gap12_seed20260811,m2_gap12_mask.nc,validation,0n10w,temperature,120.0,2015-09,2016-08
12,m2_continuous_gap_v1_gap12_seed20260811,m2_gap12_mask.nc,validation,0n10w,temperature,20.0,2016-07,2017-06
12,m2_continuous_gap_v1_gap12_seed20260811,m2_gap12_mask.nc,validation,0n10w,temperature,40.0,2015-11,2016-10
12,m2_continuous_gap_v1_gap12_seed20260811,m2_gap12_mask.nc,validation,0n23w,salinity,1.0,2017-06,2018-05
12,m2_continuous_gap_v1_gap12_seed20260811,m2_gap12_mask.nc,validation,0n23w,salinity,120.0,2016-07,2017-06
12,m2_continuous_gap_v1_gap12_seed20260811,m2_gap12_mask.nc,validation,0n23w,salinity,20.0,2017-07,2018-06
12,m2_continuous_gap_v1_gap12_seed20260811,m2_gap12_mask.nc,validation,0n23w,salinity,40.0,2015-09,2016-08
12,m2_continuous_gap_v1_gap12_seed20260811,m2_gap12_mask.nc,validation,0n23w,temperature,1.0,2017-12,2018-11
12,m2_continuous_gap_v1_gap12_seed20260811,m2_gap12_mask.nc,validation,0n23w,temperature,120.0,2017-07,2018-06
12,m2_continuous_gap_v1_gap12_seed20260811,m2_gap12_mask.nc,validation,0n23w,temperature,20.0,2017-07,2018-06
12,m2_continuous_gap_v1_gap12_seed20260811,m2_gap12_mask.nc,validation,0n23w,temperature,40.0,2015-11,2016-10
12,m2_continuous_gap_v1_gap12_seed20260811,m2_gap12_mask.nc,validation,0n35w,salinity,1.0,2015-11,2016-10
12,m2_continuous_gap_v1_gap12_seed20260811,m2_gap12_mask.nc,validation,0n35w,salinity,120.0,2015-12,2016-11
12,m2_continuous_gap_v1_gap12_seed20260811,m2_gap12_mask.nc,validation,0n35w,salinity,20.0,2015-12,2016-11
12,m2_continuous_gap_v1_gap12_seed20260811,m2_gap12_mask.nc,validation,0n35w,salinity,40.0,2016-09,2017-08
12,m2_continuous_gap_v1_gap12_seed20260811,m2_gap12_mask.nc,validation,0n35w,temperature,1.0,2016-11,2017-10
12,m2_continuous_gap_v1_gap12_seed20260811,m2_gap12_mask.nc,validation,0n35w,temperature,120.0,2015-10,2016-09
12,m2_continuous_gap_v1_gap12_seed20260811,m2_gap12_mask.nc,validation,0n35w,temperature,20.0,2015-12,2016-11
12,m2_continuous_gap_v1_gap12_seed20260811,m2_gap12_mask.nc,validation,0n35w,temperature,40.0,2016-06,2017-05
12,m2_continuous_gap_v1_gap12_seed20260811,m2_gap12_mask.nc,validation,10s10w,salinity,1.0,2015-02,2016-01
12,m2_continuous_gap_v1_gap12_seed20260811,m2_gap12_mask.nc,validation,10s10w,salinity,120.0,2018-01,2018-12
12,m2_continuous_gap_v1_gap12_seed20260811,m2_gap12_mask.nc,validation,10s10w,salinity,20.0,2015-11,2016-10
12,m2_continuous_gap_v1_gap12_seed20260811,m2_gap12_mask.nc,validation,10s10w,salinity,40.0,2017-07,2018-06
12,m2_continuous_gap_v1_gap12_seed20260811,m2_gap12_mask.nc,validation,10s10w,temperature,1.0,2017-03,2018-02
12,m2_continuous_gap_v1_gap12_seed20260811,m2_gap12_mask.nc,validation,10s10w,temperature,120.0,2017-04,2018-03
12,m2_continuous_gap_v1_gap12_seed20260811,m2_gap12_mask.nc,validation,10s10w,temperature,20.0,2016-12,2017-11
12,m2_continuous_gap_v1_gap12_seed20260811,m2_gap12_mask.nc,validation,10s10w,temperature,40.0,2017-12,2018-11
12,m2_continuous_gap_v1_gap12_seed20260811,m2_gap12_mask.nc,validation,12n23w,salinity,1.0,2015-06,2016-05
12,m2_continuous_gap_v1_gap12_seed20260811,m2_gap12_mask.nc,validation,12n23w,salinity,120.0,2017-01,2017-12
12,m2_continuous_gap_v1_gap12_seed20260811,m2_gap12_mask.nc,validation,12n23w,salinity,20.0,2016-03,2017-02
12,m2_continuous_gap_v1_gap12_seed20260811,m2_gap12_mask.nc,validation,12n23w,salinity,40.0,2017-05,2018-04
12,m2_continuous_gap_v1_gap12_seed20260811,m2_gap12_mask.nc,validation,12n23w,temperature,1.0,2015-06,2016-05
12,m2_continuous_gap_v1_gap12_seed20260811,m2_gap12_mask.nc,validation,12n23w,temperature,120.0,2015-02,2016-01
12,m2_continuous_gap_v1_gap12_seed20260811,m2_gap12_mask.nc,validation,12n23w,temperature,20.0,2015-08,2016-07
12,m2_continuous_gap_v1_gap12_seed20260811,m2_gap12_mask.nc,validation,12n23w,temperature,40.0,2016-03,2017-02
12,m2_continuous_gap_v1_gap12_seed20260811,m2_gap12_mask.nc,validation,12n38w,salinity,1.0,2017-12,2018-11
12,m2_continuous_gap_v1_gap12_seed20260811,m2_gap12_mask.nc,validation,12n38w,salinity,120.0,2016-04,2017-03
12,m2_continuous_gap_v1_gap12_seed20260811,m2_gap12_mask.nc,validation,12n38w,salinity,20.0,2017-12,2018-11
12,m2_continuous_gap_v1_gap12_seed20260811,m2_gap12_mask.nc,validation,12n38w,salinity,40.0,2017-08,2018-07
12,m2_continuous_gap_v1_gap12_seed20260811,m2_gap12_mask.nc,validation,12n38w,temperature,1.0,2018-01,2018-12
12,m2_continuous_gap_v1_gap12_seed20260811,m2_gap12_mask.nc,validation,12n38w,temperature,120.0,2015-05,2016-04
12,m2_continuous_gap_v1_gap12_seed20260811,m2_gap12_mask.nc,validation,12n38w,temperature,20.0,2017-09,2018-08
12,m2_continuous_gap_v1_gap12_seed20260811,m2_gap12_mask.nc,validation,12n38w,temperature,40.0,2015-06,2016-05
12,m2_continuous_gap_v1_gap12_seed20260811,m2_gap12_mask.nc,validation,14s32w,salinity,1.0,2015-02,2016-01
12,m2_continuous_gap_v1_gap12_seed20260811,m2_gap12_mask.nc,validation,14s32w,salinity,120.0,2015-03,2016-02
12,m2_continuous_gap_v1_gap12_seed20260811,m2_gap12_mask.nc,validation,14s32w,salinity,20.0,2015-02,2016-01
12,m2_continuous_gap_v1_gap12_seed20260811,m2_gap12_mask.nc,validation,14s32w,salinity,40.0,2018-01,2018-12
12,m2_continuous_gap_v1_gap12_seed20260811,m2_gap12_mask.nc,validation,14s32w,temperature,1.0,2016-09,2017-08
12,m2_continuous_gap_v1_gap12_seed20260811,m2_gap12_mask.nc,validation,14s32w,temperature,120.0,2015-02,2016-01
12,m2_continuous_gap_v1_gap12_seed20260811,m2_gap12_mask.nc,validation,14s32w,temperature,20.0,2015-01,2015-12
12,m2_continuous_gap_v1_gap12_seed20260811,m2_gap12_mask.nc,validation,14s32w,temperature,40.0,2015-01,2015-12
12,m2_continuous_gap_v1_gap12_seed20260811,m2_gap12_mask.nc,validation,15n38w,salinity,1.0,2015-03,2016-02
12,m2_continuous_gap_v1_gap12_seed20260811,m2_gap12_mask.nc,validation,15n38w,salinity,120.0,2016-09,2017-08
12,m2_continuous_gap_v1_gap12_seed20260811,m2_gap12_mask.nc,validation,15n38w,salinity,20.0,2016-08,2017-07
12,m2_continuous_gap_v1_gap12_seed20260811,m2_gap12_mask.nc,validation,15n38w,salinity,40.0,2017-02,2018-01
12,m2_continuous_gap_v1_gap12_seed20260811,m2_gap12_mask.nc,validation,15n38w,temperature,1.0,2016-04,2017-03
12,m2_continuous_gap_v1_gap12_seed20260811,m2_gap12_mask.nc,validation,15n38w,temperature,120.0,2016-04,2017-03
12,m2_continuous_gap_v1_gap12_seed20260811,m2_gap12_mask.nc,validation,15n38w,temperature,20.0,2016-02,2017-01
12,m2_continuous_gap_v1_gap12_seed20260811,m2_gap12_mask.nc,validation,15n38w,temperature,40.0,2015-11,2016-10
12,m2_continuous_gap_v1_gap12_seed20260811,m2_gap12_mask.nc,validation,19s34w,temperature,1.0,2017-03,2018-02
12,m2_continuous_gap_v1_gap12_seed20260811,m2_gap12_mask.nc,validation,19s34w,temperature,120.0,2017-12,2018-11
12,m2_continuous_gap_v1_gap12_seed20260811,m2_gap12_mask.nc,validation,19s34w,temperature,20.0,2017-12,2018-11
12,m2_continuous_gap_v1_gap12_seed20260811,m2_gap12_mask.nc,validation,19s34w,temperature,40.0,2017-07,2018-06
12,m2_continuous_gap_v1_gap12_seed20260811,m2_gap12_mask.nc,validation,20n38w,salinity,1.0,2015-05,2016-04
12,m2_continuous_gap_v1_gap12_seed20260811,m2_gap12_mask.nc,validation,20n38w,salinity,120.0,2016-07,2017-06
12,m2_continuous_gap_v1_gap12_seed20260811,m2_gap12_mask.nc,validation,20n38w,salinity,20.0,2015-09,2016-08
12,m2_continuous_gap_v1_gap12_seed20260811,m2_gap12_mask.nc,validation,20n38w,salinity,40.0,2015-10,2016-09
12,m2_continuous_gap_v1_gap12_seed20260811,m2_gap12_mask.nc,validation,20n38w,temperature,1.0,2016-08,2017-07
12,m2_continuous_gap_v1_gap12_seed20260811,m2_gap12_mask.nc,validation,20n38w,temperature,120.0,2017-01,2017-12
12,m2_continuous_gap_v1_gap12_seed20260811,m2_gap12_mask.nc,validation,20n38w,temperature,20.0,2016-08,2017-07
12,m2_continuous_gap_v1_gap12_seed20260811,m2_gap12_mask.nc,validation,20n38w,temperature,40.0,2017-01,2017-12
12,m2_continuous_gap_v1_gap12_seed20260811,m2_gap12_mask.nc,validation,21n23w,temperature,1.0,2016-01,2016-12
12,m2_continuous_gap_v1_gap12_seed20260811,m2_gap12_mask.nc,validation,21n23w,temperature,120.0,2016-03,2017-02
12,m2_continuous_gap_v1_gap12_seed20260811,m2_gap12_mask.nc,validation,21n23w,temperature,20.0,2016-08,2017-07
12,m2_continuous_gap_v1_gap12_seed20260811,m2_gap12_mask.nc,validation,21n23w,temperature,40.0,2015-05,2016-04
12,m2_continuous_gap_v1_gap12_seed20260811,m2_gap12_mask.nc,validation,4n23w,salinity,1.0,2017-07,2018-06
12,m2_continuous_gap_v1_gap12_seed20260811,m2_gap12_mask.nc,validation,4n23w,salinity,120.0,2016-11,2017-10
12,m2_continuous_gap_v1_gap12_seed20260811,m2_gap12_mask.nc,validation,4n23w,salinity,20.0,2015-08,2016-07
12,m2_continuous_gap_v1_gap12_seed20260811,m2_gap12_mask.nc,validation,4n23w,salinity,40.0,2015-06,2016-05
12,m2_continuous_gap_v1_gap12_seed20260811,m2_gap12_mask.nc,validation,4n23w,temperature,1.0,2016-03,2017-02
12,m2_continuous_gap_v1_gap12_seed20260811,m2_gap12_mask.nc,validation,4n23w,temperature,120.0,2017-01,2017-12
12,m2_continuous_gap_v1_gap12_seed20260811,m2_gap12_mask.nc,validation,4n23w,temperature,20.0,2016-10,2017-09
12,m2_continuous_gap_v1_gap12_seed20260811,m2_gap12_mask.nc,validation,4n23w,temperature,40.0,2016-07,2017-06
12,m2_continuous_gap_v1_gap12_seed20260811,m2_gap12_mask.nc,validation,4n38w,salinity,120.0,2015-07,2016-06
12,m2_continuous_gap_v1_gap12_seed20260811,m2_gap12_mask.nc,validation,4n38w,temperature,120.0,2015-06,2016-05
12,m2_continuous_gap_v1_gap12_seed20260811,m2_gap12_mask.nc,validation,4n38w,temperature,40.0,2015-01,2015-12
12,m2_continuous_gap_v1_gap12_seed20260811,m2_gap12_mask.nc,validation,6s10w,salinity,1.0,2017-07,2018-06
12,m2_continuous_gap_v1_gap12_seed20260811,m2_gap12_mask.nc,validation,6s10w,salinity,120.0,2017-04,2018-03
12,m2_continuous_gap_v1_gap12_seed20260811,m2_gap12_mask.nc,validation,6s10w,salinity,20.0,2017-06,2018-05
12,m2_continuous_gap_v1_gap12_seed20260811,m2_gap12_mask.nc,validation,6s10w,salinity,40.0,2016-11,2017-10
12,m2_continuous_gap_v1_gap12_seed20260811,m2_gap12_mask.nc,validation,6s10w,temperature,1.0,2017-08,2018-07
12,m2_continuous_gap_v1_gap12_seed20260811,m2_gap12_mask.nc,validation,6s10w,temperature,120.0,2015-01,2015-12
12,m2_continuous_gap_v1_gap12_seed20260811,m2_gap12_mask.nc,validation,6s10w,temperature,20.0,2018-01,2018-12
12,m2_continuous_gap_v1_gap12_seed20260811,m2_gap12_mask.nc,validation,6s10w,temperature,40.0,2015-01,2015-12
12,m2_continuous_gap_v1_gap12_seed20260811,m2_gap12_mask.nc,validation,8n38w,salinity,1.0,2018-01,2018-12
12,m2_continuous_gap_v1_gap12_seed20260811,m2_gap12_mask.nc,validation,8n38w,salinity,120.0,2015-01,2015-12
12,m2_continuous_gap_v1_gap12_seed20260811,m2_gap12_mask.nc,validation,8n38w,salinity,20.0,2015-01,2015-12
12,m2_continuous_gap_v1_gap12_seed20260811,m2_gap12_mask.nc,validation,8n38w,salinity,40.0,2017-12,2018-11
12,m2_continuous_gap_v1_gap12_seed20260811,m2_gap12_mask.nc,validation,8n38w,temperature,1.0,2017-12,2018-11
12,m2_continuous_gap_v1_gap12_seed20260811,m2_gap12_mask.nc,validation,8n38w,temperature,120.0,2015-01,2015-12
12,m2_continuous_gap_v1_gap12_seed20260811,m2_gap12_mask.nc,validation,8n38w,temperature,20.0,2017-12,2018-11
12,m2_continuous_gap_v1_gap12_seed20260811,m2_gap12_mask.nc,validation,8n38w,temperature,40.0,2015-01,2015-12
12,m2_continuous_gap_v1_gap12_seed20260811,m2_gap12_mask.nc,validation,8s30w,salinity,1.0,2017-11,2018-10
12,m2_continuous_gap_v1_gap12_seed20260811,m2_gap12_mask.nc,validation,8s30w,salinity,120.0,2015-05,2016-04
12,m2_continuous_gap_v1_gap12_seed20260811,m2_gap12_mask.nc,validation,8s30w,salinity,20.0,2018-01,2018-12
12,m2_continuous_gap_v1_gap12_seed20260811,m2_gap12_mask.nc,validation,8s30w,salinity,40.0,2015-06,2016-05
12,m2_continuous_gap_v1_gap12_seed20260811,m2_gap12_mask.nc,validation,8s30w,temperature,1.0,2015-11,2016-10
12,m2_continuous_gap_v1_gap12_seed20260811,m2_gap12_mask.nc,validation,8s30w,temperature,120.0,2017-11,2018-10
12,m2_continuous_gap_v1_gap12_seed20260811,m2_gap12_mask.nc,validation,8s30w,temperature,20.0,2017-11,2018-10
12,m2_continuous_gap_v1_gap12_seed20260811,m2_gap12_mask.nc,validation,8s30w,temperature,40.0,2017-11,2018-10
